customer_id,customer_type,city,revenue,orders,avg_order_value
C00001,Returning,Madinah,92245.52,20,4612.28
C00002,New,Abha,66576.34,20,3328.82
C00003,New,Madinah,104074.37,25,4162.97
C00004,Returning,Makkah,33305.590000000004,18,1850.31
C00005,New,Riyadh,53871.41,16,3366.96
C00006,New,Dammam,34352.41,12,2862.7
C00007,Returning,Riyadh,55928.29,16,3495.52
C00008,Loyal,Makkah,63112.71,15,4207.51
C00009,New,Riyadh,68667.3,18,3814.85
C00010,New,Khobar,89344.29000000001,23,3884.53
C00011,New,Riyadh,41483.6,13,3191.05
C00012,New,Khobar,99752.91,25,3990.12
C00013,Loyal,Dammam,65862.41,22,2993.75
C00014,New,Khobar,76774.89,25,3071.0
C00015,New,Madinah,105375.0,33,3193.18
C00016,Loyal,Riyadh,101733.12,23,4423.18
C00017,Returning,Riyadh,86470.1,22,3930.46
C00018,Loyal,Khobar,107636.23,24,4484.84
C00019,Returning,Riyadh,57017.33,16,3563.58
C00020,Returning,Khobar,60733.84,17,3572.58
C00021,Loyal,Riyadh,62157.6,14,4439.83
C00022,Returning,Dammam,85689.73,23,3725.64
C00023,New,Abha,71708.97,18,3983.83
C00024,New,Dammam,105493.91,27,3907.18
C00025,Returning,Abha,73182.66,24,3049.28
C00026,Returning,Jeddah,119066.11,29,4105.73
C00027,Returning,Abha,85132.87999999999,24,3547.2
C00028,Loyal,Abha,92839.06,24,3868.29
C00029,Loyal,Khobar,30029.69,12,2502.47
C00030,Loyal,Dammam,86082.96,26,3310.88
C00031,Returning,Dammam,129337.05,30,4311.23
C00032,Returning,Abha,82347.5,28,2940.98
C00033,Loyal,Dammam,56095.37,17,3299.73
C00034,New,Jeddah,103328.92,22,4696.77
C00035,Returning,Abha,60432.36,20,3021.62
C00036,Returning,Makkah,50451.44,17,2967.73
C00037,Loyal,Abha,97729.57,29,3369.99
C00038,Returning,Riyadh,82753.09,22,3761.5
C00039,Returning,Jeddah,77941.81,18,4330.1
C00040,Loyal,Khobar,64935.59,18,3607.53
C00041,New,Riyadh,84204.04,25,3368.16
C00042,New,Riyadh,85053.43,23,3697.98
C00043,New,Jeddah,84128.11,22,3824.0
C00044,Loyal,Khobar,82705.24,23,3595.88
C00045,Returning,Dammam,88527.25,22,4023.97
C00046,Returning,Makkah,107729.26,28,3847.47
C00047,Loyal,Abha,73805.21,17,4341.48
C00048,New,Makkah,100239.85,26,3855.38
C00049,Loyal,Makkah,80434.85,21,3830.23
C00050,Loyal,Abha,96090.63,28,3431.81
C00051,Returning,Madinah,73079.93,20,3654.0
C00052,Returning,Dammam,108691.94,34,3196.82
C00053,New,Makkah,71579.93,18,3976.66
C00054,New,Dammam,83785.66,28,2992.34
C00055,Returning,Dammam,37640.82,13,2895.45
C00056,New,Abha,82658.1,20,4132.91
C00057,New,Madinah,85501.26,22,3886.42
C00058,Returning,Khobar,56177.77,15,3745.18
C00059,New,Makkah,44879.36,14,3205.67
C00060,Returning,Jeddah,81952.97,22,3725.14
C00061,New,Khobar,86063.52,15,5737.57
C00062,Loyal,Dammam,45193.67,16,2824.6
C00063,Loyal,Jeddah,25484.43,9,2831.6
C00064,New,Madinah,91200.53,23,3965.24
C00065,New,Riyadh,43518.76,15,2901.25
C00066,Returning,Abha,86693.3,24,3612.22
C00067,New,Jeddah,61929.31,19,3259.44
C00068,Returning,Dammam,84183.34,25,3367.33
C00069,Returning,Abha,63820.1,17,3754.12
C00070,New,Jeddah,65353.58,15,4356.91
C00071,Loyal,Dammam,77185.76,23,3355.9
C00072,Loyal,Dammam,66025.49,20,3301.27
C00073,Returning,Madinah,50571.07,16,3160.69
C00074,Loyal,Khobar,64008.020000000004,14,4572.0
C00075,Returning,Abha,81293.11,25,3251.72
C00076,New,Dammam,79835.20999999999,15,5322.35
C00077,Loyal,Jeddah,53952.89,17,3173.7
C00078,Returning,Riyadh,75338.20999999999,18,4185.46
C00079,New,Abha,70090.69,19,3688.98
C00080,Returning,Riyadh,67292.34999999999,19,3541.7
C00081,Returning,Dammam,80737.66,22,3669.89
C00082,New,Riyadh,67765.92,19,3566.63
C00083,Returning,Riyadh,87971.33,21,4189.11
C00084,Returning,Jeddah,84988.42,27,3147.72
C00085,Loyal,Madinah,73434.05,22,3337.91
C00086,Returning,Abha,100813.32,27,3733.83
C00087,Returning,Abha,100439.04000000001,26,3863.04
C00088,Loyal,Khobar,56855.22,22,2584.33
C00089,Loyal,Jeddah,55620.55,19,2927.4
C00090,Returning,Riyadh,79391.5,17,4670.09
C00091,Loyal,Abha,88195.81,17,5187.99
C00092,Returning,Jeddah,66720.57,26,2566.18
C00093,Returning,Makkah,72786.72,21,3466.03
C00094,Returning,Riyadh,58837.649999999994,16,3677.35
C00095,Returning,Abha,96836.0,26,3724.46
C00096,Loyal,Jeddah,86542.02,20,4327.1
C00097,Returning,Makkah,91353.53,22,4152.43
C00098,Returning,Madinah,66798.85,21,3180.9
C00099,Loyal,Abha,98205.3,24,4091.89
C00100,Returning,Abha,59990.68,17,3528.86
C00101,Returning,Abha,96841.43,24,4035.06
C00102,Returning,Khobar,76440.93000000001,20,3822.05
C00103,Returning,Abha,42636.78999999999,13,3279.75
C00104,Returning,Dammam,52225.72,16,3264.11
C00105,New,Riyadh,80864.06,18,4492.45
C00106,Returning,Jeddah,75142.85,21,3578.23
C00107,New,Khobar,65321.92,20,3266.1
C00108,New,Khobar,85561.84,18,4753.44
C00109,New,Riyadh,47664.47,14,3404.6
C00110,Returning,Riyadh,70566.85,23,3068.12
C00111,Returning,Abha,45583.43,21,2170.64
C00112,Returning,Abha,64825.04,20,3241.25
C00113,Returning,Dammam,77989.55,20,3899.48
C00114,Returning,Makkah,78861.89,18,4381.22
C00115,Loyal,Makkah,69494.33,21,3309.25
C00116,Loyal,Dammam,68561.9,18,3808.99
C00117,Returning,Dammam,72103.59,22,3277.44
C00118,Returning,Makkah,99814.68,26,3839.03
C00119,Loyal,Dammam,56803.71,16,3550.23
C00120,Returning,Khobar,64693.93,22,2940.63
C00121,Returning,Riyadh,93179.73,20,4658.99
C00122,Returning,Madinah,61725.58,23,2683.72
C00123,Returning,Dammam,90768.79,27,3361.81
C00124,Loyal,Dammam,59396.68,22,2699.85
C00125,New,Makkah,50348.57,20,2517.43
C00126,Loyal,Makkah,85914.73,32,2684.84
C00127,New,Riyadh,66224.22,23,2879.31
C00128,New,Makkah,58725.51,14,4194.68
C00129,Returning,Jeddah,50590.81,19,2662.67
C00130,New,Dammam,56952.72,19,2997.51
C00131,New,Madinah,68135.84,27,2523.55
C00132,New,Riyadh,87600.61,25,3504.02
C00133,Returning,Madinah,49523.16,14,3537.37
C00134,Returning,Riyadh,73936.88,18,4107.6
C00135,Loyal,Jeddah,108954.33,26,4190.55
C00136,Returning,Jeddah,62188.6,23,2703.85
C00137,Returning,Dammam,106237.22,25,4249.49
C00138,Returning,Riyadh,32573.17,14,2326.65
C00139,Loyal,Dammam,78497.01,25,3139.88
C00140,Returning,Khobar,85954.46,26,3305.94
C00141,Returning,Abha,74389.42,20,3719.47
C00142,Loyal,Riyadh,80700.2,22,3668.19
C00143,Returning,Dammam,50943.85,16,3183.99
C00144,New,Makkah,54746.19,14,3910.44
C00145,New,Abha,22277.84,10,2227.78
C00146,New,Abha,89856.39,27,3328.01
C00147,Loyal,Jeddah,45086.27,9,5009.59
C00148,New,Makkah,76902.3,20,3845.12
C00149,New,Makkah,51466.979999999996,18,2859.28
C00150,Loyal,Riyadh,73536.56999999999,19,3870.35
C00151,New,Dammam,97294.93,28,3474.82
C00152,New,Madinah,33956.96,15,2263.8
C00153,New,Jeddah,80070.73,19,4214.25
C00154,Loyal,Jeddah,44615.87,18,2478.66
C00155,Returning,Khobar,67685.79,19,3562.41
C00156,Loyal,Riyadh,94451.16,28,3373.26
C00157,New,Makkah,103381.53,26,3976.21
C00158,Returning,Khobar,50738.04,13,3902.93
C00159,Loyal,Abha,53461.81,10,5346.18
C00160,New,Makkah,58752.78,16,3672.05
C00161,New,Dammam,46492.29,14,3320.88
C00162,Loyal,Riyadh,63670.68,20,3183.53
C00163,New,Riyadh,47254.0,15,3150.27
C00164,Returning,Riyadh,70278.73,22,3194.49
C00165,New,Abha,72654.72,22,3302.49
C00166,Returning,Madinah,20960.49,12,1746.71
C00167,Returning,Abha,108028.33,25,4321.13
C00168,New,Abha,110746.31,24,4614.43
C00169,New,Makkah,60859.21,18,3381.07
C00170,New,Jeddah,60539.340000000004,19,3186.28
C00171,New,Jeddah,67137.44,19,3533.55
C00172,Returning,Madinah,62162.52,23,2702.72
C00173,Returning,Riyadh,75449.9,22,3429.54
C00174,New,Khobar,79765.28,22,3625.69
C00175,New,Jeddah,85297.6,22,3877.16
C00176,Returning,Jeddah,55554.4,16,3472.15
C00177,Loyal,Riyadh,39683.770000000004,11,3607.62
C00178,Loyal,Madinah,33246.880000000005,11,3022.44
C00179,Returning,Riyadh,70635.51999999999,19,3717.66
C00180,Loyal,Jeddah,90690.55,23,3943.07
C00181,Returning,Abha,63441.869999999995,18,3524.55
C00182,Returning,Dammam,60557.33,20,3027.87
C00183,New,Abha,77516.5,22,3523.48
C00184,New,Riyadh,96962.57,26,3729.33
C00185,Returning,Jeddah,70227.52,17,4131.03
C00186,Returning,Makkah,79082.25,19,4162.22
C00187,Returning,Abha,50593.57,13,3891.81
C00188,Returning,Riyadh,75903.2,24,3162.63
C00189,Returning,Dammam,83381.75,22,3790.08
C00190,Returning,Khobar,91987.01,28,3285.25
C00191,Returning,Dammam,59341.270000000004,16,3708.83
C00192,Returning,Khobar,66225.81,21,3153.61
C00193,Loyal,Makkah,98925.87,20,4946.29
C00194,Returning,Riyadh,63057.96,21,3002.76
C00195,Returning,Madinah,67850.94,16,4240.68
C00196,New,Khobar,73175.31,22,3326.15
C00197,Returning,Khobar,91041.09,21,4335.29
C00198,Loyal,Dammam,41349.44,16,2584.34
C00199,New,Riyadh,60091.03,19,3162.69
C00200,Loyal,Khobar,77802.74,17,4576.63
C00201,New,Abha,46683.17,13,3591.01
C00202,Returning,Makkah,78395.76999999999,18,4355.32
C00203,Loyal,Riyadh,78842.77,19,4149.62
C00204,Returning,Abha,50168.24,11,4560.75
C00205,New,Madinah,62686.5,14,4477.61
C00206,Returning,Makkah,42792.86,20,2139.64
C00207,Returning,Abha,68959.15,22,3134.51
C00208,New,Jeddah,114655.58,31,3698.57
C00209,Returning,Riyadh,99197.75,25,3967.91
C00210,New,Abha,64281.04,22,2921.87
C00211,Returning,Makkah,104270.86,24,4344.62
C00212,Returning,Madinah,85874.52,20,4293.73
C00213,Returning,Jeddah,81099.17,24,3379.13
C00214,New,Khobar,105532.4,31,3404.27
C00215,New,Makkah,66917.56,21,3186.55
C00216,Loyal,Riyadh,51340.25,14,3667.16
C00217,Returning,Riyadh,65280.9,18,3626.72
C00218,Returning,Khobar,64142.8,17,3773.11
C00219,Returning,Dammam,55419.97,22,2519.09
C00220,New,Makkah,45970.05,13,3536.16
C00221,Loyal,Makkah,75079.0,25,3003.16
C00222,Loyal,Dammam,59292.9,17,3487.82
C00223,Loyal,Riyadh,83835.0,21,3992.14
C00224,Loyal,Abha,46168.829999999994,15,3077.92
C00225,Returning,Madinah,75571.95,22,3435.09
C00226,Returning,Riyadh,72534.64,20,3626.73
C00227,Loyal,Makkah,79444.22,22,3611.1
C00228,Returning,Madinah,75402.83,20,3770.14
C00229,Loyal,Jeddah,62324.32,19,3280.23
C00230,Loyal,Madinah,44072.84,14,3148.06
C00231,Loyal,Dammam,33597.74,11,3054.34
C00232,Returning,Makkah,68503.11,18,3805.73
C00233,Returning,Khobar,77723.31,25,3108.93
C00234,New,Jeddah,89163.53,22,4052.89
C00235,Loyal,Abha,74035.29000000001,23,3218.93
C00236,New,Jeddah,77338.22,14,5524.16
C00237,New,Riyadh,51130.53,13,3933.12
C00238,Loyal,Madinah,62440.72,22,2838.21
C00239,New,Makkah,53560.69,15,3570.71
C00240,Returning,Riyadh,118346.64,28,4226.67
C00241,Returning,Riyadh,70441.14,19,3707.43
C00242,Returning,Makkah,59245.73,16,3702.86
C00243,Returning,Madinah,55216.57,16,3451.04
C00244,Returning,Makkah,107851.0,33,3268.21
C00245,Loyal,Abha,60542.090000000004,18,3363.45
C00246,Returning,Dammam,82614.51,24,3442.27
C00247,Returning,Riyadh,32712.36,11,2973.85
C00248,New,Abha,54999.47,15,3666.63
C00249,New,Abha,98650.56,25,3946.02
C00250,Returning,Makkah,89199.38,25,3567.98
C00251,Returning,Riyadh,103221.42,25,4128.86
C00252,New,Khobar,47290.15,15,3152.68
C00253,Returning,Riyadh,53574.51,18,2976.36
C00254,Returning,Madinah,119804.96,29,4131.21
C00255,New,Riyadh,98581.9,25,3943.28
C00256,Loyal,Abha,77933.94,23,3388.43
C00257,Loyal,Makkah,66788.84,22,3035.86
C00258,Returning,Dammam,43024.590000000004,18,2390.26
C00259,Returning,Khobar,40096.04,13,3084.31
C00260,Returning,Madinah,73926.02,17,4348.59
C00261,New,Makkah,48729.91,17,2866.47
C00262,New,Dammam,51673.36,20,2583.67
C00263,Loyal,Jeddah,62458.8,13,4804.52
C00264,Loyal,Makkah,68630.55,20,3431.53
C00265,Returning,Jeddah,60118.59,21,2862.79
C00266,Loyal,Riyadh,52743.18,15,3516.21
C00267,Returning,Abha,94395.78,26,3630.61
C00268,New,Abha,68950.15,16,4309.38
C00269,Returning,Dammam,37171.11,13,2859.32
C00270,Returning,Riyadh,54104.59,15,3606.97
C00271,Loyal,Madinah,70212.06,16,4388.25
C00272,New,Makkah,60201.67,20,3010.08
C00273,Returning,Riyadh,41094.65,15,2739.64
C00274,Loyal,Abha,100404.51,24,4183.52
C00275,New,Riyadh,70186.96,23,3051.61
C00276,Returning,Madinah,64798.52,20,3239.93
C00277,Loyal,Makkah,56564.74,13,4351.13
C00278,Loyal,Madinah,48528.52,13,3732.96
C00279,Loyal,Makkah,72339.81,22,3288.17
C00280,Returning,Makkah,55161.03,16,3447.56
C00281,Returning,Madinah,51710.38,15,3447.36
C00282,Returning,Makkah,49244.97,16,3077.81
C00283,New,Madinah,93428.02,23,4062.09
C00284,Loyal,Riyadh,56148.130000000005,17,3302.83
C00285,Loyal,Madinah,94603.95999999999,24,3941.83
C00286,New,Jeddah,54816.03,21,2610.29
C00287,Returning,Madinah,35301.3,11,3209.21
C00288,New,Madinah,92836.22,25,3713.45
C00289,Loyal,Abha,58337.94,16,3646.12
C00290,Returning,Jeddah,61707.93,20,3085.4
C00291,Loyal,Abha,42869.479999999996,13,3297.65
C00292,New,Khobar,39416.52,15,2627.77
C00293,New,Khobar,78199.35,23,3399.97
C00294,New,Dammam,75984.17,19,3999.17
C00295,New,Khobar,89386.26,23,3886.36
C00296,Returning,Madinah,33344.85,13,2564.99
C00297,New,Abha,60854.03,19,3202.84
C00298,New,Dammam,71699.35,18,3983.3
C00299,Loyal,Khobar,72118.26,20,3605.91
C00300,Returning,Jeddah,68899.72,21,3280.94
C00301,New,Riyadh,65049.009999999995,21,3097.57
C00302,Loyal,Makkah,68940.13,25,2757.61
C00303,Loyal,Abha,72660.36,20,3633.02
C00304,Loyal,Madinah,52698.729999999996,15,3513.25
C00305,Loyal,Khobar,71854.36,22,3266.11
C00306,New,Dammam,99758.92,22,4534.5
C00307,Returning,Dammam,66902.3,17,3935.43
C00308,Loyal,Riyadh,52552.05,21,2502.48
C00309,New,Madinah,34263.340000000004,13,2635.64
C00310,Returning,Jeddah,99997.85,27,3703.62
C00311,Returning,Jeddah,77571.7,17,4563.04
C00312,Returning,Jeddah,55576.12,16,3473.51
C00313,Loyal,Riyadh,96581.28,28,3449.33
C00314,New,Riyadh,66608.03,15,4440.54
C00315,Returning,Khobar,84110.73,27,3115.21
C00316,New,Makkah,62971.77,19,3314.3
C00317,Returning,Riyadh,114754.87,29,3957.06
C00318,Returning,Jeddah,120191.48,29,4144.53
C00319,Returning,Jeddah,50470.55,13,3882.35
C00320,New,Dammam,56093.0,19,2952.26
C00321,Returning,Madinah,80786.48999999999,22,3672.11
C00322,Loyal,Abha,70460.34,23,3063.49
C00323,Returning,Abha,89991.28,18,4999.52
C00324,Loyal,Abha,83160.22,25,3326.41
C00325,Loyal,Jeddah,55862.52,21,2660.12
C00326,Returning,Dammam,37043.07,13,2849.47
C00327,New,Jeddah,79667.07,22,3621.23
C00328,Returning,Madinah,115265.6,26,4433.29
C00329,Loyal,Madinah,84449.34,27,3127.75
C00330,Loyal,Abha,68128.71,16,4258.04
C00331,Returning,Riyadh,79625.31,21,3791.68
C00332,New,Dammam,73101.36,18,4061.19
C00333,Returning,Dammam,78899.91,25,3156.0
C00334,Loyal,Makkah,64086.64,17,3769.8
C00335,Loyal,Abha,62011.96,19,3263.79
C00336,New,Dammam,50337.56,13,3872.12
C00337,Loyal,Riyadh,86568.9,20,4328.44
C00338,Loyal,Makkah,54810.28,12,4567.52
C00339,New,Abha,122303.18,23,5317.53
C00340,Returning,Makkah,56185.04,19,2957.11
C00341,Returning,Khobar,88144.18,19,4639.17
C00342,New,Jeddah,75664.95,16,4729.06
C00343,Returning,Abha,59732.5,21,2844.4
C00344,Loyal,Jeddah,66956.45,20,3347.82
C00345,Returning,Madinah,73394.41,22,3336.11
C00346,New,Dammam,51482.229999999996,18,2860.12
C00347,Loyal,Dammam,36415.74,16,2275.98
C00348,Loyal,Jeddah,53053.58,16,3315.85
C00349,Returning,Jeddah,101320.19,31,3268.39
C00350,Returning,Dammam,38493.83,12,3207.82
C00351,Returning,Dammam,69920.1,23,3040.0
C00352,Loyal,Jeddah,75874.03,21,3613.05
C00353,New,Dammam,83930.63,24,3497.11
C00354,Returning,Jeddah,36597.8,13,2815.22
C00355,Loyal,Khobar,88832.1,20,4441.61
C00356,Returning,Abha,80092.75,19,4215.41
C00357,Returning,Jeddah,63678.76,21,3032.32
C00358,Returning,Dammam,68967.39,22,3134.88
C00359,New,Riyadh,38560.02,13,2966.16
C00360,Returning,Madinah,59880.29,18,3326.68
C00361,Returning,Abha,86675.49,24,3611.48
C00362,Returning,Khobar,53462.84,14,3818.77
C00363,Loyal,Abha,86904.23,25,3476.17
C00364,Returning,Jeddah,47557.34,18,2642.07
C00365,Loyal,Jeddah,35477.38,15,2365.16
C00366,Returning,Khobar,70787.34,19,3725.65
C00367,Returning,Jeddah,82173.05,25,3286.92
C00368,Returning,Makkah,83357.4,20,4167.87
C00369,Returning,Khobar,57810.69,19,3042.67
C00370,New,Dammam,61106.68,19,3216.14
C00371,Loyal,Madinah,62839.5,18,3491.08
C00372,Returning,Madinah,41244.76,14,2946.05
C00373,New,Jeddah,84519.11,25,3380.76
C00374,Returning,Riyadh,48338.9,13,3718.38
C00375,New,Dammam,84254.53,25,3370.18
C00376,Loyal,Khobar,43247.83,12,3603.99
C00377,New,Dammam,50050.72,13,3850.06
C00378,New,Dammam,89204.49,18,4955.8
C00379,Loyal,Abha,100087.52,27,3706.95
C00380,Loyal,Dammam,46200.0,21,2200.0
C00381,Returning,Dammam,60603.67,18,3366.87
C00382,Returning,Riyadh,61423.87,19,3232.84
C00383,Loyal,Makkah,66031.88,21,3144.38
C00384,Returning,Khobar,96696.42,22,4395.29
C00385,Returning,Jeddah,79674.09,20,3983.7
C00386,Returning,Dammam,62662.5,23,2724.46
C00387,New,Dammam,91983.12,23,3999.27
C00388,Returning,Makkah,82385.42,23,3581.97
C00389,Returning,Jeddah,46314.58,16,2894.66
C00390,New,Khobar,53410.74,18,2967.26
C00391,New,Khobar,73600.71,20,3680.04
C00392,New,Khobar,47962.0,18,2664.56
C00393,Returning,Jeddah,34876.09,17,2051.53
C00394,New,Madinah,36863.32,15,2457.55
C00395,New,Madinah,47656.73,15,3177.12
C00396,Returning,Madinah,86087.55,19,4530.92
C00397,Returning,Khobar,99260.4,25,3970.42
C00398,Loyal,Riyadh,77136.38,23,3353.76
C00399,Returning,Makkah,62609.63,19,3295.24
C00400,New,Abha,64639.11,21,3078.05
C00401,New,Riyadh,89885.72,24,3745.24
C00402,Returning,Makkah,103671.02,26,3987.35
C00403,Returning,Makkah,95365.85,26,3667.92
C00404,Returning,Khobar,81924.14,21,3901.15
C00405,New,Riyadh,49385.25,17,2905.01
C00406,New,Riyadh,114788.34,26,4414.94
C00407,New,Makkah,75705.63,21,3605.03
C00408,Loyal,Makkah,64791.81,22,2945.08
C00409,Loyal,Makkah,54865.11,19,2887.64
C00410,Loyal,Riyadh,94345.92,25,3773.84
C00411,Loyal,Abha,113191.57,23,4921.37
C00412,Returning,Khobar,52893.39,17,3111.38
C00413,Returning,Makkah,52248.7,20,2612.44
C00414,Loyal,Madinah,87071.02,23,3785.7
C00415,Returning,Abha,89326.48,26,3435.63
C00416,Returning,Jeddah,56226.88,19,2959.31
C00417,Returning,Dammam,77990.69,19,4104.77
C00418,New,Makkah,94275.08,23,4098.92
C00419,Loyal,Madinah,99401.35,29,3427.63
C00420,Loyal,Madinah,54141.62,16,3383.85
C00421,Loyal,Jeddah,52013.68,18,2889.65
C00422,Returning,Makkah,89006.45,22,4045.75
C00423,Returning,Dammam,56822.47,18,3156.8
C00424,Returning,Jeddah,56777.57,18,3154.31
C00425,Loyal,Abha,45157.25,14,3225.52
C00426,Returning,Abha,57964.31,14,4140.31
C00427,Returning,Dammam,96473.24,20,4823.66
C00428,Returning,Riyadh,99321.77,28,3547.21
C00429,New,Makkah,89289.92,22,4058.63
C00430,Returning,Madinah,59995.26,19,3157.65
C00431,Returning,Dammam,75718.84,16,4732.43
C00432,New,Dammam,113450.28,28,4051.8
C00433,Returning,Makkah,96977.66,26,3729.91
C00434,Returning,Abha,71360.94,17,4197.7
C00435,New,Riyadh,79584.94,24,3316.04
C00436,Returning,Abha,100543.93,28,3590.85
C00437,Loyal,Jeddah,67774.8,20,3388.74
C00438,Loyal,Khobar,53212.79,23,2313.6
C00439,Returning,Abha,88564.59999999999,21,4217.36
C00440,New,Khobar,57334.4,19,3017.6
C00441,New,Khobar,67000.2,15,4466.68
C00442,New,Jeddah,27751.87,11,2522.9
C00443,Returning,Jeddah,92871.53,24,3869.65
C00444,Returning,Riyadh,107779.04000000001,25,4311.16
C00445,Loyal,Riyadh,89458.47,21,4259.93
C00446,New,Abha,92145.46,26,3544.06
C00447,Returning,Jeddah,31481.34,15,2098.76
C00448,Returning,Khobar,55676.76,14,3976.91
C00449,New,Riyadh,69689.09,21,3318.53
C00450,Returning,Khobar,89131.95,29,3073.52
C00451,Returning,Riyadh,33402.57,15,2226.84
C00452,New,Dammam,77702.48999999999,18,4316.8
C00453,Returning,Makkah,66134.57,18,3674.14
C00454,Returning,Makkah,60186.07,20,3009.3
C00455,Returning,Makkah,89853.63,22,4084.26
C00456,New,Jeddah,62383.829999999994,20,3119.19
C00457,New,Makkah,106281.08,23,4620.92
C00458,New,Makkah,54041.39,19,2844.28
C00459,Loyal,Dammam,75806.02,21,3609.81
C00460,Returning,Riyadh,55293.45,14,3949.53
C00461,Returning,Madinah,67451.82,19,3550.1
C00462,Returning,Jeddah,78463.55,25,3138.54
C00463,New,Makkah,71536.84,23,3110.3
C00464,New,Madinah,68906.68000000001,19,3626.67
C00465,New,Abha,70880.56,22,3221.84
C00466,New,Dammam,61959.5,14,4425.68
C00467,Returning,Dammam,64621.8,22,2937.35
C00468,New,Dammam,56337.93,16,3521.12
C00469,Loyal,Dammam,57782.52,20,2889.13
C00470,Returning,Jeddah,64032.79,20,3201.64
C00471,Loyal,Jeddah,81327.76,20,4066.39
C00472,Returning,Makkah,58587.74,14,4184.84
C00473,Returning,Madinah,59775.99,19,3146.1
C00474,Loyal,Makkah,92661.81,24,3860.91
C00475,Returning,Jeddah,62705.32,17,3688.55
C00476,Loyal,Madinah,93409.84,21,4448.09
C00477,New,Makkah,70566.87,23,3068.12
C00478,New,Khobar,86766.11,24,3615.25
C00479,Returning,Makkah,82587.1,19,4346.69
C00480,New,Jeddah,55514.56,17,3265.56
C00481,Returning,Khobar,64085.83,20,3204.29
C00482,New,Jeddah,86502.97,23,3761.0
C00483,Returning,Jeddah,49045.2,22,2229.33
C00484,Loyal,Makkah,58165.53,17,3421.5
C00485,Loyal,Madinah,87249.3,21,4154.73
C00486,New,Madinah,35067.270000000004,14,2504.81
C00487,Loyal,Makkah,98075.7,24,4086.49
C00488,Loyal,Dammam,77730.82,23,3379.6
C00489,Returning,Dammam,45556.99,13,3504.38
C00490,Loyal,Dammam,74809.47,19,3937.34
C00491,New,Makkah,73513.95,20,3675.7
C00492,Loyal,Dammam,40789.130000000005,16,2549.32
C00493,Returning,Riyadh,49335.1,14,3523.94
C00494,Returning,Dammam,75265.25,18,4181.4
C00495,Loyal,Madinah,65743.78,19,3460.2
C00496,Returning,Dammam,78027.05,22,3546.68
C00497,New,Khobar,63508.86,16,3969.3
C00498,Returning,Jeddah,67236.91,21,3201.76
C00499,Returning,Madinah,79159.54000000001,21,3769.5
C00500,New,Makkah,56557.86,16,3534.87
C00501,New,Madinah,55200.19,18,3066.68
C00502,Returning,Jeddah,109689.79,28,3917.49
C00503,Returning,Abha,57238.31,18,3179.91
C00504,Returning,Makkah,61946.24,26,2382.55
C00505,Returning,Khobar,51927.0,19,2733.0
C00506,New,Makkah,51396.23,20,2569.81
C00507,New,Riyadh,65654.99,21,3126.43
C00508,Returning,Dammam,95883.78,35,2739.54
C00509,Returning,Khobar,52336.34,16,3271.02
C00510,Returning,Riyadh,78909.3,23,3430.84
C00511,New,Khobar,66615.86,19,3506.1
C00512,Loyal,Khobar,50294.54,14,3592.47
C00513,Returning,Jeddah,63823.92,16,3989.0
C00514,Returning,Madinah,73889.69,19,3888.93
C00515,Returning,Abha,67102.19,20,3355.11
C00516,Loyal,Makkah,88044.44,23,3828.02
C00517,Returning,Jeddah,39856.92,14,2846.92
C00518,Returning,Riyadh,93487.92,24,3895.33
C00519,Returning,Jeddah,43733.61,18,2429.64
C00520,New,Dammam,94352.98,23,4102.3
C00521,New,Madinah,79342.8,23,3449.69
C00522,Returning,Riyadh,64981.229999999996,20,3249.06
C00523,Returning,Riyadh,62601.31,17,3682.43
C00524,New,Jeddah,77865.47,21,3707.88
C00525,Loyal,Khobar,46516.45,17,2736.26
C00526,Returning,Riyadh,85807.25,21,4086.06
C00527,Returning,Jeddah,48653.53,16,3040.85
C00528,Loyal,Dammam,69725.58,19,3669.77
C00529,Returning,Abha,66386.65,22,3017.58
C00530,Returning,Abha,54404.5,17,3200.26
C00531,Returning,Jeddah,46300.79,15,3086.72
C00532,New,Abha,56784.34,18,3154.69
C00533,New,Abha,46549.01,13,3580.69
C00534,New,Dammam,55862.92,19,2940.15
C00535,Returning,Dammam,129034.77,27,4779.07
C00536,New,Dammam,54979.72,20,2748.99
C00537,Loyal,Jeddah,72098.43000000001,20,3604.92
C00538,New,Makkah,60005.82,19,3158.2
C00539,Returning,Madinah,55428.130000000005,14,3959.15
C00540,New,Jeddah,90147.06,25,3605.88
C00541,New,Madinah,72703.92,19,3826.52
C00542,Loyal,Khobar,86546.2,23,3762.88
C00543,Returning,Makkah,95837.09,27,3549.52
C00544,Returning,Khobar,76975.23,23,3346.75
C00545,Loyal,Dammam,87688.67,23,3812.55
C00546,Loyal,Dammam,64130.84,16,4008.18
C00547,New,Khobar,60621.92,26,2331.61
C00548,Returning,Jeddah,82036.03,24,3418.17
C00549,Returning,Dammam,102741.1,23,4467.0
C00550,New,Khobar,60950.35,16,3809.4
C00551,New,Riyadh,39752.28,14,2839.45
C00552,New,Khobar,59744.58,18,3319.14
C00553,New,Makkah,63944.67,18,3552.48
C00554,New,Riyadh,62827.74,19,3306.72
C00555,Returning,Jeddah,79595.52,20,3979.78
C00556,New,Abha,31784.73,14,2270.34
C00557,New,Riyadh,89699.98,28,3203.57
C00558,Returning,Makkah,40455.67,14,2889.69
C00559,Loyal,Riyadh,67519.9,20,3376.0
C00560,New,Dammam,101587.88,27,3762.51
C00561,Returning,Abha,85444.58,22,3883.84
C00562,Loyal,Makkah,83025.27,21,3953.58
C00563,Returning,Riyadh,78943.36,20,3947.17
C00564,Returning,Dammam,39263.73,11,3569.43
C00565,New,Abha,61557.39,20,3077.87
C00566,New,Abha,69493.36,17,4087.84
C00567,New,Khobar,85030.98,20,4251.55
C00568,Loyal,Abha,85765.76000000001,26,3298.68
C00569,Returning,Khobar,37886.49,15,2525.77
C00570,Loyal,Khobar,59153.93,15,3943.6
C00571,Returning,Riyadh,102464.36,24,4269.35
C00572,New,Dammam,59205.83,15,3947.06
C00573,Returning,Madinah,70958.69,22,3225.4
C00574,Returning,Jeddah,57759.31,13,4443.02
C00575,Returning,Abha,99232.5,28,3544.02
C00576,Loyal,Riyadh,102760.84999999999,30,3425.36
C00577,Returning,Khobar,47144.59,13,3626.51
C00578,Returning,Jeddah,77978.4,26,2999.17
C00579,New,Makkah,38527.0,13,2963.62
C00580,Returning,Riyadh,63126.99,15,4208.47
C00581,Returning,Dammam,63843.71,19,3360.2
C00582,Loyal,Abha,29097.75,15,1939.85
C00583,Returning,Dammam,84758.76,23,3685.16
C00584,New,Jeddah,49652.08,21,2364.38
C00585,Returning,Khobar,65530.92,21,3120.52
C00586,Returning,Khobar,71765.86,21,3417.42
C00587,Loyal,Riyadh,98399.44,22,4472.7
C00588,Returning,Madinah,50532.39,19,2659.6
C00589,New,Riyadh,44809.96,12,3734.16
C00590,Returning,Khobar,68914.4,21,3281.64
C00591,Loyal,Madinah,93088.14,28,3324.58
C00592,Returning,Riyadh,92103.33,26,3542.44
C00593,New,Makkah,76784.76,23,3338.47
C00594,Loyal,Madinah,73160.23,19,3850.54
C00595,Returning,Abha,33436.2,16,2089.76
C00596,New,Khobar,68984.44,21,3284.97
C00597,New,Dammam,72867.44,21,3469.88
C00598,New,Riyadh,69873.23,23,3037.97
C00599,Returning,Dammam,107095.20999999999,29,3692.94
C00600,New,Dammam,35104.88,10,3510.49
C00601,Loyal,Jeddah,71121.55,19,3743.24
C00602,Returning,Makkah,116704.44,32,3647.01
C00603,Loyal,Makkah,77634.75,21,3696.89
C00604,Returning,Riyadh,78624.59,20,3931.23
C00605,Returning,Abha,46676.770000000004,15,3111.78
C00606,New,Makkah,102090.91,35,2916.88
C00607,Loyal,Khobar,80536.15,24,3355.67
C00608,Returning,Madinah,86196.74,22,3918.03
C00609,Returning,Riyadh,69954.51,22,3179.75
C00610,Returning,Dammam,94344.95,27,3494.26
C00611,Returning,Riyadh,57046.81,19,3002.46
C00612,Returning,Abha,60706.58,19,3195.08
C00613,Returning,Riyadh,54970.1,21,2617.62
C00614,New,Makkah,96214.92,20,4810.75
C00615,New,Jeddah,78916.16,23,3431.14
C00616,Loyal,Madinah,68518.13,16,4282.38
C00617,Returning,Riyadh,69144.61,16,4321.54
C00618,Loyal,Khobar,110928.51000000001,27,4108.46
C00619,New,Dammam,101911.84,28,3639.71
C00620,Returning,Dammam,48706.87,14,3479.06
C00621,Returning,Riyadh,86267.77,24,3594.49
C00622,Loyal,Abha,65724.37,22,2987.47
C00623,Returning,Khobar,54511.06,15,3634.07
C00624,Returning,Makkah,63509.92,18,3528.33
C00625,Returning,Makkah,56251.090000000004,16,3515.69
C00626,Loyal,Makkah,62452.619999999995,18,3469.59
C00627,Returning,Jeddah,79829.61,16,4989.35
C00628,Returning,Abha,74726.15,19,3932.96
C00629,Returning,Khobar,53659.659999999996,18,2981.09
C00630,Returning,Jeddah,87937.82,26,3382.22
C00631,Loyal,Dammam,57119.96,18,3173.33
C00632,Loyal,Dammam,96222.18,28,3436.51
C00633,Returning,Madinah,67008.04,25,2680.32
C00634,Returning,Madinah,70505.2,22,3204.78
C00635,New,Madinah,59469.58,16,3716.85
C00636,Returning,Abha,69638.03,19,3665.16
C00637,Returning,Riyadh,104971.09,29,3619.69
C00638,New,Riyadh,61973.85,19,3261.78
C00639,Returning,Abha,75608.16,16,4725.51
C00640,Loyal,Riyadh,32142.61,10,3214.26
C00641,Returning,Khobar,86257.8,23,3750.34
C00642,Returning,Jeddah,72769.48,21,3465.21
C00643,Returning,Dammam,104482.67,26,4018.56
C00644,Returning,Riyadh,44172.57,14,3155.18
C00645,Loyal,Abha,47740.19,17,2808.25
C00646,New,Khobar,94656.04,28,3380.57
C00647,Loyal,Makkah,48149.93,13,3703.84
C00648,Returning,Abha,75694.0,22,3440.64
C00649,Returning,Makkah,100880.45999999999,28,3602.87
C00650,Returning,Dammam,82884.25,22,3767.47
C00651,Returning,Abha,41764.44,14,2983.17
C00652,Loyal,Madinah,74828.62000000001,22,3401.3
C00653,Returning,Jeddah,96314.68000000001,28,3439.81
C00654,Returning,Dammam,44491.62,11,4044.69
C00655,Loyal,Makkah,102797.95,26,3953.77
C00656,Loyal,Jeddah,60668.87,23,2637.78
C00657,Loyal,Riyadh,73950.89,23,3215.26
C00658,Loyal,Khobar,46140.85,19,2428.47
C00659,Returning,Madinah,100762.63,25,4030.51
C00660,Returning,Makkah,59183.979999999996,16,3699.0
C00661,New,Dammam,73709.20999999999,13,5669.94
C00662,New,Abha,57302.51,19,3015.92
C00663,Loyal,Abha,83899.55,22,3813.62
C00664,Loyal,Dammam,44720.86,14,3194.35
C00665,Returning,Dammam,75035.89,24,3126.5
C00666,Returning,Riyadh,96092.73,24,4003.86
C00667,Loyal,Riyadh,94231.05,28,3365.39
C00668,Loyal,Riyadh,75245.13,18,4180.28
C00669,Returning,Madinah,56997.89,16,3562.37
C00670,Returning,Makkah,74289.15,23,3229.96
C00671,Returning,Jeddah,72395.39,25,2895.82
C00672,Loyal,Khobar,102382.59,26,3937.79
C00673,Returning,Riyadh,26252.559999999998,10,2625.26
C00674,New,Riyadh,57270.54,19,3014.24
C00675,New,Khobar,64329.15,18,3573.84
C00676,New,Makkah,84809.01000000001,23,3687.35
C00677,Loyal,Dammam,100710.15,21,4795.72
C00678,Returning,Makkah,64658.62,16,4041.16
C00679,New,Abha,68568.35,24,2857.01
C00680,Loyal,Jeddah,58861.71,15,3924.11
C00681,Loyal,Jeddah,71113.55,18,3950.75
C00682,Loyal,Riyadh,74612.04,19,3926.95
C00683,Loyal,Riyadh,92059.9,26,3540.77
C00684,Returning,Madinah,59647.81,11,5422.53
C00685,New,Makkah,54382.54,18,3021.25
C00686,Returning,Jeddah,34576.39,11,3143.31
C00687,Returning,Abha,47006.2,15,3133.75
C00688,Returning,Madinah,99282.29,25,3971.29
C00689,Returning,Madinah,74433.89,22,3383.36
C00690,Returning,Abha,87558.78,22,3979.94
C00691,Returning,Abha,78066.57,24,3252.77
C00692,Returning,Dammam,64370.49,18,3576.14
C00693,New,Makkah,74164.35,22,3371.11
C00694,Returning,Madinah,99684.95999999999,25,3987.4
C00695,New,Khobar,111236.06,36,3089.89
C00696,New,Riyadh,100396.31,26,3861.4
C00697,Returning,Makkah,99535.17,22,4524.33
C00698,Loyal,Riyadh,91932.05,21,4377.72
C00699,New,Madinah,77767.76,20,3888.39
C00700,Returning,Khobar,55078.64,20,2753.93
C00701,Loyal,Riyadh,106088.85,24,4420.37
C00702,Returning,Jeddah,64332.63,18,3574.04
C00703,Returning,Riyadh,62271.49,17,3663.03
C00704,New,Khobar,69827.85,18,3879.32
C00705,Loyal,Madinah,49589.83,16,3099.36
C00706,New,Makkah,100485.64,26,3864.83
C00707,New,Dammam,97812.18000000001,23,4252.7
C00708,Returning,Jeddah,34880.49,14,2491.46
C00709,Loyal,Riyadh,106350.29,27,3938.9
C00710,Loyal,Makkah,64540.67,18,3585.59
C00711,Returning,Khobar,62284.81,16,3892.8
C00712,Returning,Khobar,72896.09,23,3169.4
C00713,Returning,Makkah,66793.6,17,3929.04
C00714,Returning,Abha,74137.65,17,4361.04
C00715,Returning,Riyadh,39859.020000000004,17,2344.65
C00716,New,Jeddah,92366.42,20,4618.32
C00717,New,Khobar,67032.25,20,3351.61
C00718,New,Dammam,49625.479999999996,14,3544.68
C00719,Returning,Riyadh,84325.33,24,3513.56
C00720,New,Makkah,101545.41,27,3760.94
C00721,New,Makkah,72852.19,19,3834.33
C00722,Loyal,Riyadh,80373.82,19,4230.2
C00723,Loyal,Madinah,76601.05,21,3647.67
C00724,New,Dammam,50208.19,14,3586.3
C00725,Returning,Makkah,100842.34,29,3477.32
C00726,Loyal,Dammam,68944.35,17,4055.55
C00727,Loyal,Madinah,59779.99,19,3146.32
C00728,Returning,Dammam,65434.22,17,3849.07
C00729,Returning,Khobar,41881.479999999996,16,2617.59
C00730,New,Jeddah,75507.22,20,3775.36
C00731,New,Riyadh,85794.83,19,4515.52
C00732,New,Abha,47272.5,19,2488.03
C00733,New,Jeddah,75793.83,24,3158.08
C00734,Returning,Riyadh,68376.94,20,3418.85
C00735,Returning,Dammam,113667.92,22,5166.72
C00736,Loyal,Khobar,62923.939999999995,22,2860.18
C00737,Returning,Abha,82512.64,24,3438.03
C00738,New,Khobar,55570.020000000004,15,3704.67
C00739,Loyal,Abha,69934.45,19,3680.76
C00740,Returning,Madinah,56956.34,16,3559.77
C00741,Loyal,Makkah,53323.58,17,3136.68
C00742,Loyal,Khobar,69857.72,18,3880.98
C00743,Returning,Makkah,48549.43,14,3467.82
C00744,New,Madinah,102226.67,26,3931.8
C00745,Loyal,Madinah,75415.73,20,3770.79
C00746,Returning,Khobar,63195.18,15,4213.01
C00747,Returning,Khobar,60698.15,18,3372.12
C00748,New,Riyadh,56061.14,18,3114.51
C00749,New,Riyadh,84567.29000000001,20,4228.36
C00750,Loyal,Khobar,80333.76,23,3492.77
C00751,Returning,Madinah,48009.31,15,3200.62
C00752,New,Riyadh,69234.48999999999,23,3010.2
C00753,New,Abha,111036.04,31,3581.81
C00754,Returning,Makkah,67157.84,17,3950.46
C00755,Loyal,Riyadh,96982.64,29,3344.23
C00756,Returning,Jeddah,71415.55,20,3570.78
C00757,Returning,Jeddah,51514.78,15,3434.32
C00758,New,Abha,61798.11,25,2471.92
C00759,New,Madinah,78231.54,20,3911.58
C00760,Loyal,Jeddah,58116.62,19,3058.77
C00761,New,Makkah,83408.33,24,3475.35
C00762,Loyal,Riyadh,83821.92,22,3810.09
C00763,New,Makkah,103418.05,32,3231.81
C00764,New,Abha,78245.48,23,3401.98
C00765,Returning,Makkah,75964.39,19,3998.13
C00766,Returning,Madinah,56737.92,21,2701.81
C00767,New,Dammam,114166.12000000001,24,4756.92
C00768,Returning,Jeddah,91458.94,23,3976.48
C00769,New,Dammam,81096.06,18,4505.34
C00770,Returning,Riyadh,105887.55,26,4072.6
C00771,New,Khobar,74594.19,20,3729.71
C00772,Loyal,Khobar,96237.74,21,4582.75
C00773,Returning,Makkah,101980.17,25,4079.21
C00774,Returning,Riyadh,77824.12,22,3537.46
C00775,Loyal,Abha,72967.66,20,3648.38
C00776,Loyal,Abha,62850.270000000004,22,2856.83
C00777,Returning,Khobar,76743.03,22,3488.32
C00778,New,Abha,77615.28,16,4850.96
C00779,New,Abha,61103.88,18,3394.66
C00780,Returning,Dammam,74781.65,20,3739.08
C00781,Returning,Madinah,98428.14,21,4687.05
C00782,Loyal,Dammam,89680.19,27,3321.49
C00783,Loyal,Makkah,95959.72,20,4797.99
C00784,Returning,Madinah,74783.24,19,3935.96
C00785,New,Abha,71261.37,23,3098.32
C00786,Loyal,Riyadh,69489.23,20,3474.46
C00787,New,Makkah,40539.95,13,3118.46
C00788,Loyal,Abha,57418.55,25,2296.74
C00789,Loyal,Riyadh,80618.49,23,3505.15
C00790,New,Jeddah,74065.34,19,3898.18
C00791,New,Dammam,58105.33,14,4150.38
C00792,New,Khobar,48457.090000000004,16,3028.57
C00793,Returning,Madinah,65747.97,14,4696.28
C00794,Returning,Madinah,72689.75,21,3461.42
C00795,Returning,Jeddah,67770.76,20,3388.54
C00796,Returning,Dammam,88313.99,24,3679.75
C00797,New,Makkah,78701.25,18,4372.29
C00798,New,Abha,94599.94,26,3638.46
C00799,Returning,Khobar,48666.67,17,2862.75
C00800,New,Jeddah,63431.32,15,4228.75
C00801,Returning,Riyadh,67800.61,17,3988.27
C00802,Loyal,Jeddah,76004.36,20,3800.22
C00803,Returning,Madinah,104546.15,33,3168.07
C00804,New,Makkah,66045.55,21,3145.03
C00805,Returning,Jeddah,81466.78,24,3394.45
C00806,New,Makkah,59298.58,20,2964.93
C00807,Returning,Dammam,99356.21,21,4731.25
C00808,New,Riyadh,94555.20999999999,24,3939.8
C00809,Returning,Riyadh,61576.36,19,3240.86
C00810,Returning,Dammam,38128.71,16,2383.04
C00811,Loyal,Abha,84064.18000000001,22,3821.1
C00812,Loyal,Abha,69824.32,23,3035.84
C00813,Returning,Jeddah,121462.59999999999,26,4671.64
C00814,New,Riyadh,96621.45,29,3331.77
C00815,Loyal,Abha,77113.69,17,4536.1
C00816,Loyal,Riyadh,61757.79,18,3430.99
C00817,Loyal,Dammam,100585.71,28,3592.35
C00818,Returning,Madinah,33424.73,16,2089.05
C00819,Returning,Abha,65677.84,15,4378.52
C00820,New,Jeddah,87364.11,28,3120.15
C00821,New,Riyadh,58662.71,17,3450.75
C00822,New,Dammam,31161.39,12,2596.78
C00823,Returning,Makkah,56633.28,15,3775.55
C00824,New,Riyadh,91715.43,20,4585.77
C00825,Loyal,Makkah,92990.65000000001,24,3874.61
C00826,Returning,Abha,83186.23,21,3961.25
C00827,New,Abha,78296.54,17,4605.68
C00828,New,Riyadh,76985.87,19,4051.89
C00829,Loyal,Riyadh,48754.3,17,2867.9
C00830,Returning,Madinah,100740.08,28,3597.86
C00831,Returning,Madinah,62729.82,17,3689.99
C00832,Loyal,Abha,66814.55,18,3711.92
C00833,New,Dammam,66829.35,17,3931.14
C00834,New,Khobar,107557.9,22,4889.0
C00835,Returning,Dammam,67394.47,21,3209.26
C00836,New,Jeddah,51863.37,14,3704.53
C00837,Loyal,Jeddah,69723.67,19,3669.67
C00838,Returning,Riyadh,83562.4,17,4915.44
C00839,Loyal,Khobar,75309.44,23,3274.32
C00840,Returning,Jeddah,70429.84,22,3201.36
C00841,Loyal,Riyadh,48331.66,16,3020.73
C00842,Returning,Jeddah,56631.96,13,4356.3
C00843,New,Khobar,61410.72,16,3838.17
C00844,Returning,Dammam,36162.79,12,3013.57
C00845,New,Riyadh,41684.96,15,2779.0
C00846,Returning,Dammam,75391.89,18,4188.44
C00847,New,Jeddah,83442.46,24,3476.77
C00848,New,Dammam,76456.79,20,3822.84
C00849,Returning,Dammam,71039.75,24,2959.99
C00850,Loyal,Makkah,73789.85,18,4099.44
C00851,Returning,Dammam,87680.88,24,3653.37
C00852,New,Madinah,119670.46,26,4602.71
C00853,New,Jeddah,79168.1,20,3958.4
C00854,Returning,Jeddah,83258.93,20,4162.95
C00855,Returning,Jeddah,78345.7,21,3730.75
C00856,Returning,Abha,110443.45999999999,29,3808.4
C00857,Loyal,Jeddah,68289.54,19,3594.19
C00858,New,Khobar,89264.25,23,3881.05
C00859,New,Makkah,77783.03,20,3889.15
C00860,New,Jeddah,39126.59,13,3009.74
C00861,Returning,Riyadh,45193.92,15,3012.93
C00862,Loyal,Jeddah,32278.72,13,2482.98
C00863,Returning,Abha,65137.87,20,3256.89
C00864,New,Riyadh,106429.31,23,4627.36
C00865,New,Abha,58312.78,18,3239.6
C00866,Loyal,Abha,58197.25,16,3637.33
C00867,Returning,Riyadh,74651.09,17,4391.24
C00868,New,Khobar,73257.18,14,5232.66
C00869,New,Makkah,54837.58,18,3046.53
C00870,Returning,Makkah,77454.23999999999,19,4076.54
C00871,Returning,Makkah,80274.22,25,3210.97
C00872,Loyal,Riyadh,54502.47,16,3406.4
C00873,Returning,Riyadh,73543.42,18,4085.75
C00874,Returning,Abha,92632.53,23,4027.5
C00875,New,Dammam,61352.81,21,2921.56
C00876,Returning,Khobar,89746.28,29,3094.7
C00877,Returning,Dammam,60252.369999999995,17,3544.26
C00878,Returning,Makkah,88459.51,23,3846.07
C00879,Returning,Riyadh,49708.83,17,2924.05
C00880,Returning,Jeddah,113152.26000000001,29,3901.8
C00881,New,Dammam,40308.98,10,4030.9
C00882,New,Jeddah,88331.94,23,3840.52
C00883,Returning,Riyadh,65630.58,16,4101.91
C00884,Loyal,Madinah,28477.6,10,2847.76
C00885,Returning,Dammam,76913.23,24,3204.72
C00886,Returning,Makkah,64163.0,21,3055.38
C00887,Returning,Makkah,83940.39,23,3649.58
C00888,New,Dammam,56978.340000000004,15,3798.56
C00889,Loyal,Dammam,96073.75,29,3312.89
C00890,Loyal,Riyadh,70592.90000000001,22,3208.77
C00891,Returning,Abha,51520.92,20,2576.05
C00892,Loyal,Abha,43265.02,16,2704.06
C00893,Loyal,Makkah,79081.89,21,3765.8
C00894,New,Dammam,61779.36,15,4118.62
C00895,Returning,Abha,92225.34,22,4192.06
C00896,New,Makkah,38846.0,14,2774.71
C00897,Returning,Madinah,80713.36,22,3668.79
C00898,Loyal,Abha,75906.2,23,3300.27
C00899,Returning,Makkah,60491.05,14,4320.79
C00900,Returning,Dammam,80423.58,18,4467.98
C00901,Loyal,Riyadh,67287.95,20,3364.4
C00902,Returning,Abha,69387.97,25,2775.52
C00903,New,Makkah,97679.99,23,4246.96
C00904,Returning,Khobar,51389.55,14,3670.68
C00905,New,Madinah,62911.46,18,3495.08
C00906,Returning,Jeddah,64421.770000000004,20,3221.09
C00907,Returning,Riyadh,64587.96,22,2935.82
C00908,Loyal,Riyadh,54312.810000000005,13,4177.91
C00909,New,Abha,62792.13,23,2730.09
C00910,Loyal,Riyadh,58146.3,21,2768.87
C00911,New,Riyadh,79376.43,27,2939.87
C00912,Loyal,Riyadh,63198.479999999996,21,3009.45
C00913,Loyal,Dammam,90723.61,27,3360.13
C00914,Returning,Jeddah,51910.79,16,3244.42
C00915,Returning,Abha,69684.37,18,3871.35
C00916,Returning,Abha,46311.75,18,2572.88
C00917,Loyal,Madinah,68134.28,19,3586.01
C00918,Returning,Riyadh,93129.44,25,3725.18
C00919,Loyal,Dammam,96805.22,23,4208.92
C00920,Returning,Makkah,57216.31,18,3178.68
C00921,New,Dammam,91464.16,23,3976.7
C00922,New,Dammam,80007.74,18,4444.87
C00923,New,Makkah,93150.97,21,4435.76
C00924,Loyal,Riyadh,82184.75,28,2935.17
C00925,Returning,Dammam,63434.17,18,3524.12
C00926,Returning,Dammam,60497.71,19,3184.09
C00927,Returning,Jeddah,51882.08,17,3051.89
C00928,New,Madinah,62153.19,19,3271.22
C00929,Loyal,Madinah,88030.70999999999,23,3827.42
C00930,Loyal,Makkah,64232.299999999996,20,3211.62
C00931,Returning,Abha,93362.05,20,4668.1
C00932,Loyal,Makkah,43440.91,16,2715.06
C00933,Returning,Madinah,53809.39,16,3363.09
C00934,New,Madinah,71045.99,20,3552.3
C00935,New,Khobar,62270.979999999996,17,3663.0
C00936,New,Jeddah,110256.63,31,3556.67
C00937,New,Dammam,43427.29,13,3340.56
C00938,Returning,Abha,41833.259999999995,16,2614.58
C00939,Loyal,Abha,58738.2,19,3091.48
C00940,Returning,Jeddah,40738.26,16,2546.14
C00941,New,Khobar,42873.8,16,2679.61
C00942,Returning,Makkah,41283.2,15,2752.21
C00943,Returning,Riyadh,84206.73,23,3661.16
C00944,Loyal,Khobar,95089.99,26,3657.31
C00945,Returning,Dammam,62166.380000000005,15,4144.43
C00946,New,Jeddah,42725.56,12,3560.46
C00947,Loyal,Dammam,77256.37,22,3511.65
C00948,Returning,Makkah,69746.37,23,3032.45
C00949,Returning,Khobar,53485.42,16,3342.84
C00950,Returning,Riyadh,58166.73,20,2908.34
C00951,Returning,Dammam,49793.520000000004,15,3319.57
C00952,Loyal,Jeddah,71903.26,21,3423.96
C00953,Loyal,Madinah,52826.590000000004,17,3107.45
C00954,Returning,Khobar,43544.11,15,2902.94
C00955,Loyal,Dammam,62121.21,21,2958.15
C00956,New,Riyadh,83354.24,21,3969.25
C00957,Loyal,Makkah,54205.28,14,3871.81
C00958,Returning,Dammam,67805.81,18,3766.99
C00959,Returning,Riyadh,26664.27,9,2962.7
C00960,New,Makkah,99592.55,24,4149.69
C00961,New,Riyadh,97521.41,24,4063.39
C00962,Returning,Dammam,50066.81,25,2002.67
C00963,Returning,Jeddah,38946.44,11,3540.59
C00964,New,Makkah,55979.97,17,3292.94
C00965,Returning,Riyadh,108821.73,24,4534.24
C00966,Loyal,Abha,133621.57,30,4454.05
C00967,Loyal,Dammam,38831.86,11,3530.17
C00968,New,Khobar,90325.81,29,3114.68
C00969,Returning,Abha,57169.0,19,3008.89
C00970,New,Makkah,50895.85,13,3915.07
C00971,Loyal,Jeddah,62830.26,21,2991.92
C00972,New,Madinah,81858.64,21,3898.03
C00973,New,Madinah,80374.69,25,3214.99
C00974,Returning,Riyadh,51843.049999999996,19,2728.58
C00975,Returning,Makkah,36788.88,12,3065.74
C00976,New,Khobar,92321.49,23,4013.98
C00977,New,Khobar,60600.67,20,3030.03
C00978,New,Madinah,101911.48,23,4430.93
C00979,Loyal,Khobar,67102.51,19,3531.71
C00980,Returning,Dammam,72498.84,19,3815.73
C00981,Returning,Dammam,30766.379999999997,11,2796.94
C00982,Returning,Khobar,72116.69,20,3605.83
C00983,Loyal,Jeddah,92842.41,23,4036.63
C00984,Returning,Dammam,68111.17,19,3584.8
C00985,Returning,Khobar,67773.91,19,3567.05
C00986,Returning,Khobar,43234.6,11,3930.42
C00987,Returning,Abha,64147.46,21,3054.64
C00988,Returning,Madinah,57639.14,21,2744.72
C00989,New,Riyadh,62215.36,17,3659.73
C00990,Returning,Riyadh,70603.42,21,3362.07
C00991,New,Madinah,53900.95,14,3850.07
C00992,New,Abha,55683.46,20,2784.17
C00993,New,Khobar,48455.73,18,2691.98
C00994,Returning,Madinah,56571.549999999996,17,3327.74
C00995,Loyal,Khobar,80933.41,24,3372.23
C00996,Loyal,Khobar,65549.86,24,2731.24
C00997,Returning,Khobar,88859.91,27,3291.11
C00998,Returning,Abha,76332.5,19,4017.5
C00999,Loyal,Makkah,72370.84,21,3446.23
C01000,Loyal,Abha,93668.85,25,3746.75
C01001,Returning,Madinah,59504.33,16,3719.02
C01002,Loyal,Makkah,60853.67,17,3579.63
C01003,New,Madinah,59355.07,19,3123.95
C01004,Returning,Riyadh,51875.11,19,2730.27
C01005,New,Abha,101562.95,26,3906.27
C01006,Returning,Jeddah,36898.4,11,3354.4
C01007,New,Jeddah,59981.700000000004,21,2856.27
C01008,New,Abha,63666.509999999995,18,3537.03
C01009,Returning,Abha,97773.01,24,4073.88
C01010,Returning,Madinah,87443.63,26,3363.22
C01011,Loyal,Riyadh,51976.119999999995,13,3998.16
C01012,Returning,Riyadh,57506.43,20,2875.32
C01013,New,Dammam,48614.25,20,2430.71
C01014,Returning,Abha,113537.26000000001,31,3662.49
C01015,Loyal,Dammam,84234.33,23,3662.36
C01016,Loyal,Dammam,55547.9,16,3471.74
C01017,Returning,Dammam,73882.0,21,3518.19
C01018,Loyal,Abha,64199.950000000004,14,4585.71
C01019,Loyal,Makkah,89185.18,29,3075.35
C01020,Loyal,Dammam,94621.72,24,3942.57
C01021,Returning,Makkah,61407.15,16,3837.95
C01022,Returning,Jeddah,51696.36,17,3040.96
C01023,Returning,Abha,78753.25,20,3937.66
C01024,Loyal,Makkah,56304.45,16,3519.03
C01025,New,Jeddah,106075.35,25,4243.01
C01026,New,Jeddah,75163.72,18,4175.76
C01027,Returning,Jeddah,49621.93,14,3544.42
C01028,Loyal,Madinah,45507.97,16,2844.25
C01029,Returning,Abha,100517.19,25,4020.69
C01030,Returning,Abha,105501.15,19,5552.69
C01031,Returning,Jeddah,98182.35,25,3927.29
C01032,Returning,Madinah,62294.04,15,4152.94
C01033,Returning,Makkah,52692.99,19,2773.32
C01034,Returning,Dammam,59337.9,20,2966.9
C01035,Returning,Madinah,75483.31999999999,22,3431.06
C01036,Returning,Abha,90249.89,24,3760.41
C01037,Returning,Jeddah,95786.55,23,4164.63
C01038,Returning,Abha,45006.7,16,2812.92
C01039,Returning,Riyadh,67492.58,22,3067.84
C01040,Returning,Jeddah,55977.63,17,3292.8
C01041,New,Madinah,78006.11,22,3545.73
C01042,New,Makkah,68383.43,22,3108.34
C01043,Returning,Abha,54901.11,16,3431.32
C01044,Returning,Dammam,90612.99,23,3939.7
C01045,Returning,Makkah,72764.01,22,3307.46
C01046,Returning,Khobar,105253.0,28,3759.04
C01047,Returning,Makkah,99941.61,23,4345.29
C01048,Returning,Riyadh,58817.15,18,3267.62
C01049,New,Abha,35984.44,14,2570.32
C01050,Returning,Madinah,88877.97,25,3555.12
C01051,New,Riyadh,73928.39,19,3890.97
C01052,Loyal,Dammam,33925.19,11,3084.11
C01053,Loyal,Khobar,86616.77,23,3765.95
C01054,Loyal,Madinah,89406.98,32,2793.97
C01055,New,Dammam,65088.81,19,3425.73
C01056,Returning,Makkah,71533.58,22,3251.53
C01057,Returning,Khobar,102559.90000000001,26,3944.61
C01058,New,Khobar,75878.61,17,4463.45
C01059,Returning,Abha,67970.2,19,3577.38
C01060,Returning,Jeddah,111023.73,28,3965.13
C01061,Returning,Makkah,78838.5,21,3754.21
C01062,Returning,Riyadh,41351.13,12,3445.93
C01063,Returning,Riyadh,74410.46,21,3543.36
C01064,Returning,Dammam,89166.79,25,3566.67
C01065,New,Abha,40992.29,10,4099.23
C01066,Loyal,Riyadh,83819.37,20,4190.97
C01067,Returning,Dammam,70052.9,18,3891.83
C01068,Loyal,Jeddah,63883.71,16,3992.73
C01069,Returning,Abha,89716.49,23,3900.72
C01070,New,Madinah,82426.58,20,4121.33
C01071,Returning,Dammam,35158.81,16,2197.43
C01072,New,Dammam,69320.25,18,3851.12
C01073,New,Dammam,78931.22,23,3431.79
C01074,New,Dammam,70504.28,22,3204.74
C01075,Returning,Abha,47808.44,16,2988.03
C01076,Returning,Madinah,62763.64,12,5230.3
C01077,Loyal,Jeddah,70829.25,18,3934.96
C01078,Returning,Madinah,84734.31999999999,21,4034.97
C01079,Returning,Makkah,95241.0,20,4762.05
C01080,New,Khobar,56511.04,18,3139.5
C01081,Returning,Madinah,61517.71,16,3844.86
C01082,New,Madinah,71936.83,22,3269.86
C01083,New,Abha,100813.13,27,3733.82
C01084,New,Khobar,94497.66,22,4295.35
C01085,New,Khobar,78125.72,25,3125.03
C01086,New,Jeddah,75398.29,20,3769.91
C01087,New,Riyadh,78599.49,20,3929.97
C01088,Loyal,Jeddah,57016.86,19,3000.89
C01089,New,Makkah,29721.78,10,2972.18
C01090,New,Jeddah,48013.83,15,3200.92
C01091,Returning,Abha,67824.36,14,4844.6
C01092,Returning,Madinah,86488.39,29,2982.36
C01093,Returning,Dammam,43803.479999999996,17,2576.68
C01094,New,Riyadh,74609.7,19,3926.83
C01095,New,Riyadh,48186.12,17,2834.48
C01096,New,Riyadh,71025.97,19,3738.21
C01097,New,Riyadh,63697.18,20,3184.86
C01098,Returning,Khobar,88635.36,20,4431.77
C01099,Returning,Khobar,47866.87,13,3682.07
C01100,Loyal,Abha,87153.8,22,3961.54
C01101,Returning,Madinah,78076.1,23,3394.61
C01102,Returning,Dammam,68208.79,17,4012.28
C01103,New,Riyadh,53893.310000000005,15,3592.89
C01104,Loyal,Madinah,69066.84,21,3288.9
C01105,Returning,Jeddah,96194.33,25,3847.77
C01106,Loyal,Madinah,71081.82,22,3230.99
C01107,New,Makkah,109322.20999999999,22,4969.19
C01108,Returning,Dammam,80166.15,23,3485.48
C01109,Returning,Riyadh,65967.28,17,3880.43
C01110,Loyal,Madinah,80693.48,23,3508.41
C01111,Returning,Dammam,77590.17,23,3373.49
C01112,Returning,Makkah,81325.98,18,4518.11
C01113,New,Makkah,84788.98,24,3532.87
C01114,Returning,Madinah,47756.44,19,2513.5
C01115,Returning,Khobar,57404.22,24,2391.84
C01116,New,Madinah,67248.53,15,4483.24
C01117,Returning,Abha,117109.45,29,4038.26
C01118,Returning,Jeddah,79509.72,23,3456.94
C01119,Returning,Dammam,74674.18,19,3930.22
C01120,Loyal,Makkah,46650.64,19,2455.3
C01121,New,Jeddah,83889.33,24,3495.39
C01122,Loyal,Makkah,49570.77,16,3098.17
C01123,New,Makkah,40007.55,14,2857.68
C01124,Returning,Riyadh,43928.2,13,3379.09
C01125,Returning,Makkah,107999.93,27,4000.0
C01126,Returning,Makkah,95363.90000000001,26,3667.84
C01127,Returning,Madinah,67147.19,17,3949.83
C01128,Returning,Madinah,83860.1,19,4413.69
C01129,Loyal,Madinah,57953.71,15,3863.58
C01130,New,Dammam,51727.82,17,3042.81
C01131,Returning,Dammam,73883.56,21,3518.26
C01132,Loyal,Madinah,89767.05,20,4488.35
C01133,Loyal,Dammam,74835.73,19,3938.72
C01134,Returning,Jeddah,65105.16,19,3426.59
C01135,Returning,Makkah,58966.01,17,3468.59
C01136,Returning,Jeddah,96727.28,27,3582.49
C01137,Returning,Dammam,68662.89,25,2746.52
C01138,Loyal,Abha,100344.09999999999,27,3716.45
C01139,New,Jeddah,61572.25,20,3078.61
C01140,New,Makkah,60821.03,17,3577.71
C01141,Returning,Jeddah,64561.43,19,3397.97
C01142,Returning,Khobar,68989.28,19,3631.01
C01143,Returning,Makkah,81562.22,25,3262.49
C01144,New,Dammam,36613.869999999995,15,2440.92
C01145,Returning,Riyadh,51270.0,13,3943.85
C01146,Returning,Makkah,73030.7,18,4057.26
C01147,New,Jeddah,41509.18,15,2767.28
C01148,Returning,Dammam,80817.38,18,4489.85
C01149,Loyal,Riyadh,80482.43,24,3353.43
C01150,Returning,Madinah,72771.05,21,3465.29
C01151,Returning,Makkah,56443.94,14,4031.71
C01152,New,Riyadh,87316.83,27,3233.96
C01153,Loyal,Dammam,20499.71,6,3416.62
C01154,New,Madinah,66362.75,18,3686.82
C01155,New,Khobar,107111.47,31,3455.21
C01156,Loyal,Khobar,55985.38,22,2544.79
C01157,New,Khobar,61709.53,16,3856.85
C01158,New,Madinah,71323.7,21,3396.37
C01159,New,Jeddah,88240.59,26,3393.87
C01160,Loyal,Jeddah,62907.54,21,2995.6
C01161,Returning,Madinah,72146.33,22,3279.38
C01162,Returning,Abha,113454.26999999999,23,4932.79
C01163,Returning,Riyadh,100660.44,30,3355.35
C01164,New,Jeddah,66840.41,18,3713.36
C01165,New,Riyadh,69445.63,17,4085.04
C01166,New,Abha,85800.72,22,3900.03
C01167,Returning,Makkah,82804.9,21,3943.09
C01168,New,Khobar,73597.73,18,4088.76
C01169,Returning,Riyadh,64991.88,17,3823.05
C01170,New,Madinah,81854.21,17,4814.95
C01171,Returning,Jeddah,56096.4,16,3506.02
C01172,Loyal,Madinah,73744.18000000001,20,3687.21
C01173,Returning,Makkah,117800.65999999999,24,4908.36
C01174,New,Makkah,104423.77,26,4016.3
C01175,Returning,Madinah,44272.93,12,3689.41
C01176,Returning,Riyadh,53064.38,16,3316.52
C01177,New,Madinah,83456.05,22,3793.46
C01178,New,Makkah,68385.14,19,3599.22
C01179,Returning,Abha,86415.02,23,3757.17
C01180,Returning,Khobar,67862.54000000001,22,3084.66
C01181,Loyal,Makkah,79246.47,23,3445.5
C01182,Returning,Makkah,32174.35,14,2298.17
C01183,New,Madinah,71968.15,20,3598.41
C01184,Loyal,Makkah,100745.77,27,3731.32
C01185,New,Madinah,75940.83,24,3164.2
C01186,New,Jeddah,28012.98,9,3112.55
C01187,Loyal,Khobar,51202.08,12,4266.84
C01188,Returning,Madinah,84833.01,22,3856.05
C01189,New,Riyadh,27575.22,10,2757.52
C01190,Returning,Makkah,88769.09,24,3698.71
C01191,Returning,Riyadh,82202.37,20,4110.12
C01192,Returning,Abha,66990.27,21,3190.01
C01193,New,Dammam,89066.42,25,3562.66
C01194,Returning,Dammam,79212.68,23,3444.03
C01195,Returning,Jeddah,87562.66,27,3243.06
C01196,Loyal,Riyadh,65648.19,18,3647.12
C01197,Loyal,Makkah,38462.23,15,2564.15
C01198,Returning,Jeddah,86379.41,25,3455.18
C01199,Returning,Khobar,113390.77,26,4361.18
C01200,Returning,Abha,77133.77,26,2966.68
C01201,Loyal,Jeddah,108743.64,25,4349.75
C01202,Loyal,Khobar,75429.56,20,3771.48
C01203,Loyal,Khobar,75514.77,24,3146.45
C01204,New,Riyadh,77403.55,18,4300.2
C01205,New,Madinah,44578.450000000004,15,2971.9
C01206,New,Madinah,62855.74,16,3928.48
C01207,Loyal,Dammam,53423.83,17,3142.58
C01208,Loyal,Abha,64181.78,19,3377.99
C01209,Returning,Khobar,57629.09,20,2881.45
C01210,Returning,Makkah,65548.48,27,2427.72
C01211,Returning,Makkah,26506.059999999998,8,3313.26
C01212,Returning,Madinah,52188.84,17,3069.93
C01213,Returning,Khobar,75196.35,19,3957.7
C01214,Returning,Dammam,105223.26,24,4384.3
C01215,Returning,Abha,53510.22,18,2972.79
C01216,New,Dammam,55764.94,15,3717.66
C01217,Returning,Riyadh,77918.63,18,4328.81
C01218,New,Abha,103137.69,23,4484.25
C01219,New,Abha,62315.63,20,3115.78
C01220,Loyal,Jeddah,53168.1,12,4430.68
C01221,Returning,Makkah,68274.31999999999,16,4267.14
C01222,Loyal,Makkah,95327.97,29,3287.17
C01223,Returning,Riyadh,86020.68000000001,22,3910.03
C01224,Loyal,Madinah,69004.82,18,3833.6
C01225,Loyal,Abha,61998.09,17,3646.95
C01226,New,Makkah,45928.11,12,3827.34
C01227,Loyal,Khobar,75936.19,19,3996.64
C01228,New,Dammam,74458.75,20,3722.94
C01229,Returning,Madinah,76282.45,20,3814.12
C01230,Loyal,Madinah,72528.43,17,4266.38
C01231,New,Khobar,66006.31,20,3300.32
C01232,New,Dammam,92823.85,26,3570.15
C01233,Returning,Riyadh,67434.76,19,3549.2
C01234,New,Makkah,110670.91,25,4426.84
C01235,Returning,Dammam,54386.43,20,2719.32
C01236,Returning,Abha,56062.25,22,2548.28
C01237,Loyal,Jeddah,87624.43,25,3504.98
C01238,Returning,Dammam,63984.29,19,3367.59
C01239,Loyal,Riyadh,127153.97,31,4101.74
C01240,Returning,Makkah,85027.3,21,4048.92
C01241,Returning,Makkah,61265.59,15,4084.37
C01242,Loyal,Jeddah,65914.79,19,3469.2
C01243,Returning,Khobar,78502.09,20,3925.1
C01244,Returning,Madinah,88356.71,20,4417.84
C01245,Returning,Madinah,77329.78,19,4069.99
C01246,Loyal,Dammam,98543.28,29,3398.04
C01247,New,Khobar,65578.89,21,3122.8
C01248,New,Khobar,59765.65,20,2988.28
C01249,Returning,Khobar,71468.18,23,3107.31
C01250,Returning,Khobar,76537.16,22,3478.96
C01251,Loyal,Khobar,54279.26,16,3392.45
C01252,Returning,Makkah,32436.079999999998,11,2948.73
C01253,Loyal,Madinah,91702.0,19,4826.42
C01254,New,Dammam,57063.74,19,3003.35
C01255,Returning,Abha,101472.72,24,4228.03
C01256,New,Riyadh,53661.340000000004,20,2683.07
C01257,Returning,Jeddah,66671.95,21,3174.85
C01258,Loyal,Riyadh,65829.15,23,2862.14
C01259,Returning,Madinah,61382.950000000004,19,3230.68
C01260,Returning,Jeddah,73949.8,23,3215.21
C01261,Loyal,Khobar,90798.94,23,3947.78
C01262,Returning,Abha,103112.29,26,3965.86
C01263,New,Khobar,43151.94,12,3596.0
C01264,Returning,Madinah,68794.59,20,3439.73
C01265,New,Khobar,109484.06,23,4760.18
C01266,Loyal,Khobar,52420.69,18,2912.26
C01267,Returning,Jeddah,81311.85,22,3695.99
C01268,Returning,Abha,95206.63,25,3808.27
C01269,Returning,Madinah,75283.75,23,3273.21
C01270,New,Makkah,56647.56,18,3147.09
C01271,New,Dammam,41132.12,17,2419.54
C01272,New,Khobar,70684.01,20,3534.2
C01273,Returning,Madinah,70177.26,17,4128.07
C01274,New,Madinah,51822.37,17,3048.37
C01275,New,Makkah,58903.020000000004,14,4207.36
C01276,Returning,Riyadh,73427.56,17,4319.27
C01277,Loyal,Riyadh,61187.96,16,3824.25
C01278,Returning,Dammam,80606.06,14,5757.58
C01279,New,Khobar,70493.59,22,3204.25
C01280,Returning,Jeddah,127278.58,27,4714.02
C01281,Returning,Riyadh,60824.02,18,3379.11
C01282,Loyal,Makkah,76023.20999999999,17,4471.95
C01283,Loyal,Madinah,92517.41,23,4022.5
C01284,New,Dammam,60501.9,19,3184.31
C01285,Returning,Madinah,90136.1,23,3918.96
C01286,Loyal,Khobar,93524.72,25,3740.99
C01287,Returning,Makkah,71330.04,21,3396.67
C01288,Loyal,Jeddah,60731.33,21,2891.97
C01289,Returning,Khobar,71144.74,17,4184.98
C01290,Loyal,Dammam,64866.52,25,2594.66
C01291,Returning,Riyadh,82005.78,25,3280.23
C01292,Loyal,Makkah,60494.73,21,2880.7
C01293,Returning,Dammam,61505.08,20,3075.25
C01294,New,Khobar,61587.19,18,3421.51
C01295,Loyal,Jeddah,81104.51,24,3379.35
C01296,Returning,Jeddah,56733.43,14,4052.39
C01297,New,Makkah,54721.45,14,3908.68
C01298,Returning,Makkah,86329.02,23,3753.44
C01299,Returning,Madinah,66525.52,22,3023.89
C01300,Returning,Makkah,65331.96,21,3111.05
C01301,New,Khobar,79502.06,17,4676.59
C01302,Returning,Dammam,65413.799999999996,19,3442.83
C01303,Returning,Makkah,75733.24,20,3786.66
C01304,Returning,Abha,62949.479999999996,22,2861.34
C01305,New,Khobar,46578.229999999996,13,3582.94
C01306,New,Jeddah,77959.01,20,3897.95
C01307,Loyal,Makkah,103551.09999999999,26,3982.73
C01308,Returning,Abha,77036.3,21,3668.4
C01309,New,Makkah,122597.67,35,3502.79
C01310,Loyal,Madinah,52737.47,19,2775.66
C01311,Returning,Jeddah,76097.01,21,3623.67
C01312,Loyal,Dammam,87507.13,23,3804.66
C01313,Returning,Riyadh,120399.45,26,4630.75
C01314,Returning,Madinah,62665.86,24,2611.08
C01315,New,Madinah,47703.61,14,3407.4
C01316,Returning,Khobar,64299.38,20,3214.97
C01317,New,Madinah,90294.47,23,3925.85
C01318,Loyal,Madinah,65720.28,17,3865.9
C01319,Loyal,Khobar,82904.56,18,4605.81
C01320,Returning,Abha,71278.68,18,3959.93
C01321,Loyal,Riyadh,70473.06,19,3709.11
C01322,New,Jeddah,61947.82,18,3441.55
C01323,Returning,Abha,110943.72,25,4437.75
C01324,Returning,Dammam,54857.89,20,2742.89
C01325,Loyal,Khobar,109669.81,23,4768.25
C01326,Returning,Riyadh,95554.42,22,4343.38
C01327,New,Abha,66385.81999999999,16,4149.11
C01328,Returning,Makkah,76074.78,23,3307.6
C01329,Returning,Makkah,75638.59999999999,19,3980.98
C01330,New,Makkah,67683.87,20,3384.19
C01331,Returning,Dammam,74279.16,24,3094.96
C01332,Returning,Dammam,69431.52,15,4628.77
C01333,New,Khobar,62822.7,19,3306.46
C01334,New,Madinah,114500.56999999999,33,3469.71
C01335,Returning,Abha,82584.88,22,3753.86
C01336,New,Jeddah,88403.47,25,3536.14
C01337,Returning,Dammam,79011.5,22,3591.43
C01338,Returning,Dammam,75933.44,16,4745.84
C01339,Loyal,Jeddah,77175.38,23,3355.45
C01340,New,Makkah,85782.74,19,4514.88
C01341,Loyal,Jeddah,67029.1,19,3527.85
C01342,Returning,Khobar,116807.06,31,3767.97
C01343,Loyal,Riyadh,113192.81,30,3773.09
C01344,Loyal,Makkah,120451.88,23,5237.04
C01345,Returning,Khobar,70310.55,18,3906.14
C01346,Returning,Makkah,51225.42,14,3658.96
C01347,Returning,Madinah,71905.75,20,3595.29
C01348,Returning,Abha,115673.87,30,3855.8
C01349,New,Riyadh,110432.87,23,4801.43
C01350,New,Khobar,66600.88,22,3027.31
C01351,New,Makkah,87971.66,21,4189.13
C01352,Loyal,Makkah,104355.65,27,3865.02
C01353,Loyal,Riyadh,64925.87,17,3819.17
C01354,Returning,Riyadh,61648.38,17,3626.38
C01355,Returning,Jeddah,76560.09,15,5104.01
C01356,Loyal,Abha,75220.59,27,2785.95
C01357,New,Riyadh,39133.74,15,2608.92
C01358,Loyal,Madinah,67443.49,19,3549.66
C01359,New,Riyadh,28187.22,11,2562.47
C01360,Returning,Makkah,59883.33,19,3151.75
C01361,Returning,Abha,136260.06,32,4258.13
C01362,Returning,Jeddah,34653.19,16,2165.82
C01363,Returning,Dammam,65035.5,18,3613.08
C01364,Returning,Riyadh,61398.76,18,3411.04
C01365,Returning,Khobar,79417.58,17,4671.62
C01366,Returning,Makkah,70225.97,20,3511.3
C01367,New,Dammam,75840.3,21,3611.44
C01368,Loyal,Abha,35012.3,12,2917.69
C01369,Returning,Jeddah,69046.18,20,3452.31
C01370,Loyal,Riyadh,65615.02,19,3453.42
C01371,New,Dammam,63167.369999999995,22,2871.24
C01372,Returning,Jeddah,79680.84,21,3794.33
C01373,Returning,Madinah,70055.75,21,3335.99
C01374,Returning,Madinah,62489.16,20,3124.46
C01375,New,Abha,40619.18,14,2901.37
C01376,New,Jeddah,96599.73,30,3219.99
C01377,Returning,Jeddah,62626.85,17,3683.93
C01378,New,Madinah,75735.37,16,4733.46
C01379,New,Jeddah,44455.32,13,3419.64
C01380,New,Khobar,54327.43,20,2716.37
C01381,Returning,Dammam,103605.26,20,5180.26
C01382,New,Dammam,85271.45,21,4060.55
C01383,Returning,Riyadh,73351.34,19,3860.6
C01384,Returning,Abha,75033.89,16,4689.62
C01385,New,Khobar,68235.08,20,3411.75
C01386,Returning,Abha,59179.79,17,3481.16
C01387,New,Jeddah,44492.850000000006,12,3707.74
C01388,Loyal,Abha,39773.41,13,3059.49
C01389,Returning,Khobar,61608.21,17,3624.01
C01390,Returning,Madinah,109158.95,29,3764.1
C01391,Loyal,Khobar,78908.43000000001,24,3287.85
C01392,Returning,Madinah,68833.55,24,2868.06
C01393,Returning,Khobar,65986.57,22,2999.39
C01394,New,Dammam,91199.43,22,4145.43
C01395,New,Makkah,36685.93,15,2445.73
C01396,Loyal,Jeddah,76053.34,21,3621.59
C01397,Returning,Jeddah,63636.59,16,3977.29
C01398,Returning,Madinah,50921.96,17,2995.41
C01399,New,Dammam,64230.7,20,3211.54
C01400,Returning,Madinah,73953.08,16,4622.07
C01401,Returning,Madinah,79337.19,16,4958.57
C01402,Returning,Makkah,51293.61,16,3205.85
C01403,Returning,Riyadh,50989.25,19,2683.64
C01404,Returning,Abha,80170.72,23,3485.68
C01405,Loyal,Makkah,49456.08,19,2602.95
C01406,Loyal,Riyadh,108853.55,27,4031.61
C01407,Returning,Makkah,42835.909999999996,18,2379.77
C01408,Returning,Abha,51791.96,17,3046.59
C01409,New,Riyadh,80946.23,22,3679.37
C01410,New,Madinah,60840.33,15,4056.02
C01411,Returning,Makkah,57278.19,17,3369.31
C01412,New,Riyadh,64035.76,21,3049.32
C01413,New,Makkah,61743.7,18,3430.21
C01414,Returning,Jeddah,46079.65,13,3544.59
C01415,Returning,Madinah,69712.55,19,3669.08
C01416,Loyal,Riyadh,84465.45999999999,21,4022.16
C01417,Returning,Dammam,102056.97,28,3644.89
C01418,Loyal,Abha,80648.26,21,3840.39
C01419,Returning,Abha,120667.19,26,4641.05
C01420,Returning,Riyadh,112924.70999999999,21,5377.37
C01421,Loyal,Makkah,78251.01,24,3260.46
C01422,Loyal,Makkah,40744.68,11,3704.06
C01423,Returning,Makkah,61614.81,15,4107.65
C01424,Returning,Khobar,56649.99,14,4046.43
C01425,New,Makkah,83328.4,24,3472.02
C01426,New,Riyadh,56319.810000000005,19,2964.2
C01427,Loyal,Madinah,49883.41,15,3325.56
C01428,Returning,Abha,61734.83,21,2939.75
C01429,New,Madinah,42056.12,10,4205.61
C01430,Returning,Abha,76540.52,22,3479.11
C01431,Returning,Abha,84420.66,19,4443.19
C01432,Loyal,Madinah,83400.08,25,3336.0
C01433,Returning,Makkah,45677.32,14,3262.67
C01434,Returning,Abha,65264.3,18,3625.79
C01435,New,Makkah,41812.92,18,2322.94
C01436,Returning,Jeddah,81886.85,20,4094.34
C01437,Loyal,Riyadh,77593.1,21,3694.91
C01438,Loyal,Makkah,63538.86,17,3737.58
C01439,Returning,Riyadh,69244.67,18,3846.93
C01440,Loyal,Dammam,85921.5,30,2864.05
C01441,New,Abha,74395.38,21,3542.64
C01442,Returning,Abha,76013.45,22,3455.16
C01443,Loyal,Abha,73922.07,18,4106.78
C01444,Returning,Jeddah,77009.5,24,3208.73
C01445,New,Makkah,53318.99,19,2806.26
C01446,New,Khobar,73699.41,19,3878.92
C01447,Returning,Riyadh,87075.76000000001,22,3957.99
C01448,Returning,Dammam,70991.78,18,3943.99
C01449,Returning,Dammam,64007.25,19,3368.8
C01450,New,Madinah,98630.7,25,3945.23
C01451,Returning,Makkah,72541.41,25,2901.66
C01452,Returning,Abha,62607.82,20,3130.39
C01453,Loyal,Dammam,73837.61,21,3516.08
C01454,Returning,Makkah,56523.32,17,3324.9
C01455,Returning,Abha,62636.55,19,3296.66
C01456,Returning,Abha,77004.64,22,3500.21
C01457,Returning,Jeddah,88969.19,30,2965.64
C01458,Loyal,Madinah,71394.29,25,2855.77
C01459,New,Abha,77592.48,22,3526.93
C01460,Returning,Abha,113181.88,29,3902.82
C01461,Returning,Abha,50192.11,17,2952.48
C01462,Returning,Dammam,112626.26000000001,29,3883.66
C01463,New,Dammam,84152.76,23,3658.82
C01464,Loyal,Riyadh,62891.56,18,3493.98
C01465,Returning,Dammam,58195.25,19,3062.91
C01466,Returning,Jeddah,70927.16,21,3377.48
C01467,Returning,Madinah,84146.18,24,3506.09
C01468,Loyal,Abha,63005.91,20,3150.3
C01469,New,Khobar,86165.9,22,3916.63
C01470,Returning,Dammam,68208.45,24,2842.02
C01471,New,Riyadh,83910.81,20,4195.54
C01472,Returning,Madinah,64251.47,18,3569.53
C01473,Returning,Abha,56906.36,15,3793.76
C01474,Returning,Jeddah,70512.15,21,3357.72
C01475,Returning,Abha,75763.13,22,3443.78
C01476,New,Khobar,49412.3,13,3800.95
C01477,Returning,Dammam,104784.64,28,3742.31
C01478,Returning,Dammam,75315.15000000001,23,3274.57
C01479,New,Makkah,48816.8,15,3254.45
C01480,Returning,Madinah,60362.2,21,2874.39
C01481,New,Dammam,62010.36,14,4429.31
C01482,Returning,Madinah,69621.03,21,3315.29
C01483,New,Khobar,58533.57,15,3902.24
C01484,New,Riyadh,87623.18,24,3650.97
C01485,Returning,Khobar,76852.31999999999,17,4520.72
C01486,Returning,Madinah,41057.22,19,2160.91
C01487,New,Jeddah,69876.08,20,3493.8
C01488,Returning,Makkah,91958.88,21,4378.99
C01489,New,Riyadh,77543.05,19,4081.21
C01490,Loyal,Jeddah,75213.73,21,3581.61
C01491,Loyal,Riyadh,63780.85,21,3037.18
C01492,New,Khobar,59529.57,12,4960.8
C01493,New,Dammam,73005.06,20,3650.25
C01494,Loyal,Khobar,66372.86,17,3904.29
C01495,Returning,Abha,82543.70999999999,25,3301.75
C01496,Loyal,Jeddah,99938.0,22,4542.64
C01497,Returning,Madinah,70787.16,21,3370.82
C01498,New,Dammam,24819.559999999998,10,2481.96
C01499,New,Dammam,69026.64,22,3137.57
C01500,Returning,Makkah,59275.89,20,2963.79
C01501,New,Jeddah,119600.43,29,4124.15
C01502,Loyal,Khobar,77729.04,18,4318.28
C01503,Returning,Dammam,47885.22,15,3192.35
C01504,New,Abha,76795.68000000001,22,3490.71
C01505,New,Madinah,28661.97,13,2204.77
C01506,New,Jeddah,72799.19,22,3309.05
C01507,Returning,Khobar,31992.5,15,2132.83
C01508,Loyal,Makkah,53465.56,19,2813.98
C01509,New,Madinah,47866.36,18,2659.24
C01510,Loyal,Makkah,91272.4,25,3650.9
C01511,Returning,Dammam,69365.65,20,3468.28
C01512,Returning,Khobar,58868.33,16,3679.27
C01513,Returning,Khobar,101373.27,22,4607.88
C01514,Loyal,Abha,44500.01,12,3708.33
C01515,Loyal,Jeddah,30444.28,13,2341.87
C01516,Loyal,Madinah,38940.66,14,2781.48
C01517,Returning,Khobar,57828.5,21,2753.74
C01518,Returning,Abha,56791.020000000004,20,2839.55
C01519,Loyal,Dammam,109125.27,23,4744.58
C01520,New,Khobar,52489.479999999996,15,3499.3
C01521,Returning,Madinah,53642.77,18,2980.15
C01522,Returning,Abha,59421.66,19,3127.46
C01523,Loyal,Dammam,87170.52,23,3790.02
C01524,New,Riyadh,64399.03,21,3066.62
C01525,Returning,Abha,78001.34,20,3900.07
C01526,Returning,Abha,45565.47,14,3254.68
C01527,Loyal,Dammam,107632.48,21,5125.36
C01528,Returning,Khobar,78952.89,20,3947.64
C01529,Returning,Khobar,59900.32,18,3327.8
C01530,Returning,Madinah,89726.82,22,4078.49
C01531,Returning,Jeddah,84185.85,25,3367.43
C01532,Returning,Makkah,45557.91,22,2070.81
C01533,New,Dammam,122386.49,26,4707.17
C01534,Loyal,Khobar,114599.97,24,4775.0
C01535,Loyal,Riyadh,67274.85,24,2803.12
C01536,New,Riyadh,71348.42,20,3567.42
C01537,Returning,Riyadh,94616.06,23,4113.74
C01538,New,Riyadh,83421.33,19,4390.6
C01539,Loyal,Madinah,90714.34,22,4123.38
C01540,New,Abha,84066.06999999999,23,3655.05
C01541,Returning,Abha,88768.55,29,3060.98
C01542,Loyal,Makkah,62090.11,21,2956.67
C01543,Loyal,Madinah,34488.479999999996,9,3832.05
C01544,Returning,Madinah,65951.69,22,2997.8
C01545,Returning,Dammam,88775.48,20,4438.77
C01546,Loyal,Abha,65832.06,16,4114.5
C01547,Returning,Dammam,45027.61,21,2144.17
C01548,Returning,Jeddah,43156.22,8,5394.53
C01549,New,Makkah,69626.6,19,3664.56
C01550,Returning,Jeddah,71823.56,19,3780.19
C01551,New,Abha,53323.76,17,3136.69
C01552,Returning,Riyadh,77087.4,21,3670.83
C01553,New,Khobar,57803.42,19,3042.29
C01554,New,Madinah,57032.51,16,3564.53
C01555,Returning,Dammam,56790.25,16,3549.39
C01556,Returning,Abha,67524.25,18,3751.35
C01557,Returning,Madinah,66842.09,23,2906.18
C01558,New,Dammam,89624.7,21,4267.84
C01559,Returning,Riyadh,88030.03,21,4191.91
C01560,Returning,Jeddah,63995.65,22,2908.89
C01561,New,Riyadh,52429.65,17,3084.1
C01562,Loyal,Khobar,84393.38,16,5274.59
C01563,Returning,Madinah,86974.8,21,4141.66
C01564,Loyal,Dammam,135752.34,37,3668.98
C01565,Returning,Jeddah,90401.13,24,3766.71
C01566,New,Abha,77199.81,22,3509.08
C01567,Loyal,Jeddah,58398.54,16,3649.91
C01568,Returning,Madinah,55816.84,16,3488.55
C01569,Returning,Jeddah,41973.47,12,3497.79
C01570,New,Dammam,79326.53,22,3605.75
C01571,Loyal,Makkah,106177.73,23,4616.42
C01572,Loyal,Jeddah,82515.81,17,4853.87
C01573,Loyal,Jeddah,52124.49,13,4009.58
C01574,Returning,Riyadh,57679.36,19,3035.76
C01575,New,Madinah,88015.34,19,4632.39
C01576,New,Makkah,40268.49,13,3097.58
C01577,New,Madinah,58650.62,17,3450.04
C01578,New,Makkah,59337.97,17,3490.47
C01579,New,Madinah,87128.93,22,3960.41
C01580,Loyal,Dammam,114235.17,22,5192.51
C01581,Returning,Makkah,59968.22,15,3997.88
C01582,New,Dammam,78276.54,24,3261.52
C01583,Returning,Abha,95665.31999999999,19,5035.02
C01584,Returning,Khobar,64599.340000000004,24,2691.64
C01585,New,Madinah,64929.83,16,4058.11
C01586,Returning,Dammam,87898.48,23,3821.67
C01587,Loyal,Riyadh,43443.89,17,2555.52
C01588,Returning,Madinah,64859.02,22,2948.14
C01589,New,Khobar,82300.05,22,3740.91
C01590,New,Makkah,78881.22,21,3756.25
C01591,New,Dammam,47563.28,16,2972.7
C01592,Returning,Abha,86148.16,21,4102.29
C01593,Loyal,Makkah,88046.76,26,3386.41
C01594,Returning,Jeddah,97690.70999999999,26,3757.33
C01595,New,Riyadh,75762.06,22,3443.73
C01596,Returning,Jeddah,113188.29,25,4527.53
C01597,New,Riyadh,84413.0,21,4019.67
C01598,Returning,Makkah,85341.03,27,3160.78
C01599,Returning,Dammam,73746.19,23,3206.36
C01600,Loyal,Jeddah,57406.77,14,4100.48
C01601,Loyal,Jeddah,65678.42,24,2736.6
C01602,Loyal,Abha,65801.66,20,3290.08
C01603,Loyal,Abha,21993.28,12,1832.77
C01604,Returning,Makkah,92403.26,24,3850.14
C01605,Loyal,Abha,71552.84,20,3577.64
C01606,Returning,Jeddah,52365.64,20,2618.28
C01607,Loyal,Madinah,90931.14,25,3637.25
C01608,Returning,Abha,20758.07,9,2306.45
C01609,Returning,Khobar,77354.46,21,3683.55
C01610,Loyal,Riyadh,82828.81999999999,22,3764.95
C01611,Returning,Makkah,85614.07,24,3567.25
C01612,Returning,Riyadh,62121.85,19,3269.57
C01613,Loyal,Riyadh,64519.38,20,3225.97
C01614,New,Madinah,96840.69,28,3458.6
C01615,New,Makkah,58748.61,21,2797.55
C01616,Loyal,Madinah,99758.16,25,3990.33
C01617,Loyal,Jeddah,73731.20999999999,19,3880.59
C01618,Loyal,Riyadh,83622.86,20,4181.14
C01619,Returning,Makkah,67602.93,15,4506.86
C01620,Loyal,Abha,75706.75,23,3291.6
C01621,Returning,Jeddah,49580.32,18,2754.46
C01622,Loyal,Dammam,82567.4,21,3931.78
C01623,Returning,Madinah,60934.96,15,4062.33
C01624,Returning,Madinah,62658.37,17,3685.79
C01625,Returning,Makkah,70055.88,19,3687.15
C01626,Loyal,Dammam,92967.65000000001,28,3320.27
C01627,New,Makkah,69802.29000000001,20,3490.11
C01628,Returning,Makkah,63545.96,20,3177.3
C01629,Returning,Makkah,64016.93,20,3200.85
C01630,New,Makkah,54348.38,13,4180.64
C01631,Returning,Jeddah,82618.52,25,3304.74
C01632,Returning,Madinah,63647.829999999994,16,3977.99
C01633,New,Riyadh,73068.6,20,3653.43
C01634,Loyal,Dammam,62363.58,22,2834.71
C01635,Returning,Madinah,57781.8,15,3852.12
C01636,New,Khobar,111505.67,21,5309.79
C01637,New,Dammam,49078.42,16,3067.4
C01638,Returning,Makkah,65556.04,18,3642.0
C01639,Loyal,Jeddah,97027.75,24,4042.82
C01640,New,Riyadh,74903.27,19,3942.28
C01641,Returning,Abha,66276.68,20,3313.83
C01642,Returning,Khobar,105956.38,27,3924.31
C01643,Returning,Riyadh,91149.0,23,3963.0
C01644,Loyal,Madinah,87624.26,19,4611.8
C01645,Returning,Abha,72596.53,22,3299.84
C01646,New,Dammam,61273.62,18,3404.09
C01647,New,Khobar,39042.25,12,3253.52
C01648,Loyal,Dammam,74542.36,17,4384.84
C01649,Returning,Madinah,73709.63,18,4094.98
C01650,Loyal,Riyadh,90801.63,21,4323.89
C01651,Loyal,Khobar,54378.2,18,3021.01
C01652,Returning,Abha,74604.16,21,3552.58
C01653,Returning,Abha,67220.05,19,3537.9
C01654,New,Abha,63680.77,22,2894.58
C01655,Returning,Jeddah,60439.3,22,2747.24
C01656,Loyal,Riyadh,88299.08,23,3839.09
C01657,New,Jeddah,75896.67,20,3794.83
C01658,New,Madinah,63936.69,17,3760.98
C01659,New,Jeddah,53801.76,15,3586.78
C01660,Returning,Madinah,80487.05,21,3832.72
C01661,New,Makkah,88955.93000000001,24,3706.5
C01662,Returning,Makkah,71118.14,19,3743.06
C01663,New,Khobar,59546.52,21,2835.55
C01664,Loyal,Makkah,82251.54,28,2937.56
C01665,Loyal,Khobar,75103.91,17,4417.88
C01666,Loyal,Dammam,106025.95999999999,33,3212.91
C01667,Returning,Abha,84640.85,27,3134.85
C01668,Returning,Dammam,84195.79000000001,23,3660.69
C01669,Returning,Madinah,96451.59,22,4384.16
C01670,Loyal,Abha,44230.96,16,2764.44
C01671,Loyal,Khobar,58597.65,15,3906.51
C01672,Returning,Riyadh,64521.47,16,4032.59
C01673,Returning,Dammam,71108.25,17,4182.84
C01674,Loyal,Jeddah,96921.79,27,3589.7
C01675,New,Jeddah,98226.04000000001,26,3777.92
C01676,Loyal,Dammam,89098.27,28,3182.08
C01677,New,Dammam,62729.450000000004,20,3136.47
C01678,New,Makkah,37470.29,14,2676.45
C01679,Returning,Riyadh,66962.61,20,3348.13
C01680,Returning,Abha,72882.93,19,3835.94
C01681,Returning,Abha,84422.74,21,4020.13
C01682,Loyal,Abha,64524.26,20,3226.21
C01683,New,Khobar,71478.02,21,3403.72
C01684,Returning,Madinah,43672.36,14,3119.45
C01685,Loyal,Khobar,55678.74,20,2783.94
C01686,Loyal,Riyadh,57799.62,19,3042.09
C01687,Loyal,Jeddah,47847.01,15,3189.8
C01688,Returning,Abha,65622.78,19,3453.83
C01689,New,Jeddah,49740.14,13,3826.16
C01690,Returning,Khobar,80963.39,16,5060.21
C01691,Returning,Madinah,67926.35,20,3396.32
C01692,Returning,Khobar,83647.66,25,3345.91
C01693,Returning,Abha,71083.65000000001,16,4442.73
C01694,Loyal,Dammam,51051.62,17,3003.04
C01695,Returning,Dammam,73590.38,20,3679.52
C01696,Returning,Madinah,103458.09999999999,26,3979.16
C01697,Returning,Madinah,95683.81,24,3986.83
C01698,Returning,Dammam,54065.58,18,3003.64
C01699,Returning,Riyadh,57625.79,15,3841.72
C01700,New,Makkah,48651.28,19,2560.59
C01701,Returning,Abha,31204.03,13,2400.31
C01702,Returning,Dammam,87277.59,19,4593.56
C01703,Returning,Dammam,63385.76,17,3728.57
C01704,Returning,Khobar,93342.65,26,3590.1
C01705,Returning,Jeddah,57643.04,17,3390.77
C01706,Returning,Madinah,116521.04000000001,23,5066.13
C01707,Loyal,Jeddah,73196.14,22,3327.1
C01708,Loyal,Madinah,50431.880000000005,14,3602.28
C01709,New,Abha,79871.46,22,3630.52
C01710,Loyal,Dammam,111907.68000000001,25,4476.31
C01711,Returning,Madinah,46954.93,20,2347.75
C01712,New,Makkah,61775.24,18,3431.96
C01713,Returning,Madinah,96609.97,24,4025.42
C01714,Returning,Dammam,107104.55,27,3966.84
C01715,Returning,Riyadh,55369.64,17,3257.04
C01716,New,Madinah,95919.64,23,4170.42
C01717,Returning,Jeddah,51620.3,17,3036.49
C01718,Returning,Jeddah,67339.51,24,2805.81
C01719,Loyal,Riyadh,71940.9,19,3786.36
C01720,New,Dammam,56281.06,17,3310.65
C01721,Loyal,Makkah,53166.009999999995,12,4430.5
C01722,Returning,Jeddah,64536.23,19,3396.64
C01723,New,Makkah,76075.42,19,4003.97
C01724,Loyal,Dammam,51816.17,17,3048.01
C01725,Loyal,Khobar,88994.34,21,4237.83
C01726,Loyal,Madinah,70322.73,18,3906.82
C01727,Returning,Riyadh,49093.6,16,3068.35
C01728,New,Madinah,29879.91,11,2716.36
C01729,Returning,Makkah,62469.39,16,3904.34
C01730,Returning,Madinah,69637.41,16,4352.34
C01731,Loyal,Khobar,81409.58,21,3876.65
C01732,New,Makkah,59357.57,12,4946.46
C01733,Returning,Abha,62012.96,19,3263.84
C01734,Loyal,Makkah,68241.69,21,3249.6
C01735,Loyal,Riyadh,67704.59,19,3563.4
C01736,New,Abha,97056.95,19,5108.26
C01737,New,Riyadh,38906.32,13,2992.79
C01738,Loyal,Madinah,69900.69,18,3883.37
C01739,New,Madinah,67846.39,23,2949.84
C01740,New,Khobar,48216.84,14,3444.06
C01741,Returning,Makkah,39703.03,14,2835.93
C01742,Returning,Khobar,64240.53,16,4015.03
C01743,Returning,Abha,66785.08,21,3180.24
C01744,New,Abha,73239.67,21,3487.6
C01745,New,Dammam,84539.68,28,3019.27
C01746,Returning,Khobar,59179.57,15,3945.3
C01747,Loyal,Riyadh,123762.07,22,5625.55
C01748,Loyal,Dammam,107042.73999999999,22,4865.58
C01749,Returning,Dammam,37503.1,15,2500.21
C01750,New,Riyadh,48089.8,15,3205.99
C01751,New,Dammam,86683.23,18,4815.73
C01752,Returning,Khobar,74982.01,23,3260.09
C01753,Returning,Madinah,75415.11,19,3969.22
C01754,Returning,Makkah,65117.79,15,4341.19
C01755,New,Khobar,67575.69,19,3556.62
C01756,Loyal,Madinah,72030.04,15,4802.0
C01757,Returning,Jeddah,72112.07,23,3135.31
C01758,Loyal,Jeddah,38981.0,14,2784.36
C01759,Returning,Jeddah,102638.29,24,4276.6
C01760,Returning,Makkah,51543.71,19,2712.83
C01761,Loyal,Khobar,64946.08,18,3608.12
C01762,Returning,Dammam,70196.48999999999,19,3694.55
C01763,New,Riyadh,87921.43000000001,24,3663.39
C01764,Loyal,Khobar,73911.11,20,3695.56
C01765,Loyal,Madinah,76486.79000000001,21,3642.23
C01766,Loyal,Abha,53556.21,18,2975.34
C01767,New,Riyadh,71905.23,21,3424.06
C01768,New,Makkah,99352.23,27,3679.71
C01769,New,Jeddah,106472.38,25,4258.9
C01770,Loyal,Khobar,60112.78,18,3339.6
C01771,New,Riyadh,55300.74,18,3072.26
C01772,New,Dammam,40575.8,11,3688.71
C01773,Returning,Abha,73661.33,19,3876.91
C01774,New,Abha,64626.1,18,3590.34
C01775,Returning,Makkah,59466.51,19,3129.82
C01776,New,Jeddah,76137.5,22,3460.8
C01777,New,Dammam,85756.36,24,3573.18
C01778,Loyal,Riyadh,48401.24,15,3226.75
C01779,New,Khobar,78574.52,25,3142.98
C01780,Loyal,Abha,74131.21,19,3901.64
C01781,Returning,Abha,89616.97,21,4267.47
C01782,New,Dammam,80707.23,24,3362.8
C01783,Loyal,Jeddah,98165.52,25,3926.62
C01784,Returning,Madinah,43446.55,18,2413.7
C01785,New,Jeddah,68961.68,19,3629.56
C01786,New,Jeddah,50172.65,16,3135.79
C01787,Returning,Madinah,49169.9,20,2458.5
C01788,Returning,Abha,51661.090000000004,15,3444.07
C01789,Returning,Jeddah,101196.59,27,3748.02
C01790,Returning,Riyadh,74270.54,16,4641.91
C01791,Returning,Jeddah,66690.16,20,3334.51
C01792,New,Makkah,75018.34,19,3948.33
C01793,Returning,Riyadh,57688.36,18,3204.91
C01794,New,Riyadh,58414.9,25,2336.6
C01795,New,Khobar,63880.76,20,3194.04
C01796,Loyal,Makkah,48985.29,16,3061.58
C01797,Returning,Jeddah,52069.44,15,3471.3
C01798,New,Makkah,53956.81,22,2452.58
C01799,Returning,Makkah,77033.49,22,3501.52
C01800,Returning,Khobar,68614.11,20,3430.71
C01801,Returning,Khobar,70493.27,19,3710.17
C01802,Returning,Jeddah,115407.59,27,4274.36
C01803,Returning,Dammam,66239.63,21,3154.27
C01804,New,Riyadh,62655.94,18,3480.89
C01805,New,Riyadh,98909.57,24,4121.23
C01806,Returning,Abha,94708.27,20,4735.41
C01807,Loyal,Riyadh,93991.66,26,3615.06
C01808,Returning,Abha,77988.85,20,3899.44
C01809,Returning,Dammam,76875.84,21,3660.75
C01810,New,Abha,52186.47,13,4014.34
C01811,New,Makkah,58909.22,16,3681.83
C01812,Returning,Riyadh,61106.68,20,3055.33
C01813,Loyal,Riyadh,75951.72,16,4746.98
C01814,Returning,Madinah,73882.94,23,3212.3
C01815,Loyal,Jeddah,72193.57,21,3437.79
C01816,Returning,Makkah,87508.53,25,3500.34
C01817,Returning,Riyadh,59928.0,14,4280.57
C01818,Returning,Khobar,48478.05,13,3729.08
C01819,Loyal,Khobar,111305.16,28,3975.18
C01820,Returning,Madinah,90614.71,26,3485.18
C01821,Returning,Jeddah,56606.729999999996,14,4043.34
C01822,New,Jeddah,75010.34,23,3261.32
C01823,New,Makkah,59562.82,18,3309.05
C01824,New,Makkah,73029.16,15,4868.61
C01825,Returning,Khobar,49131.25,16,3070.7
C01826,New,Dammam,59595.94,18,3310.89
C01827,Returning,Jeddah,64589.490000000005,17,3799.38
C01828,Loyal,Khobar,63694.6,22,2895.21
C01829,Returning,Makkah,66959.77,18,3719.99
C01830,New,Khobar,35236.88,14,2516.92
C01831,New,Dammam,53798.67,14,3842.76
C01832,New,Dammam,52681.36,18,2926.74
C01833,Returning,Jeddah,79441.04000000001,19,4181.11
C01834,Returning,Abha,78352.34,20,3917.62
C01835,Loyal,Makkah,91218.46,28,3257.8
C01836,New,Khobar,56532.15,20,2826.61
C01837,Returning,Jeddah,74093.83,21,3528.28
C01838,Returning,Jeddah,53575.75,15,3571.72
C01839,New,Jeddah,67855.33,18,3769.74
C01840,New,Dammam,71339.8,19,3754.73
C01841,Returning,Madinah,72196.5,21,3437.93
C01842,New,Riyadh,38412.92,15,2560.86
C01843,Loyal,Dammam,74552.4,21,3550.11
C01844,New,Khobar,53440.89,14,3817.21
C01845,Loyal,Madinah,43370.33,14,3097.88
C01846,Returning,Madinah,38015.95,18,2112.0
C01847,New,Dammam,81920.23999999999,19,4311.59
C01848,New,Makkah,114629.01,27,4245.52
C01849,Returning,Jeddah,70039.84,17,4119.99
C01850,Returning,Jeddah,60157.27,15,4010.48
C01851,Returning,Madinah,55940.5,23,2432.2
C01852,New,Dammam,91679.06,22,4167.23
C01853,Loyal,Makkah,74393.28,17,4376.08
C01854,Loyal,Abha,102405.73,25,4096.23
C01855,Returning,Dammam,50769.42,14,3626.39
C01856,Loyal,Abha,82921.96,19,4364.31
C01857,Loyal,Jeddah,71881.71,18,3993.43
C01858,Loyal,Abha,50267.159999999996,21,2393.67
C01859,Returning,Khobar,85950.52,23,3736.98
C01860,New,Dammam,86006.92,24,3583.62
C01861,Returning,Makkah,75323.28,24,3138.47
C01862,Loyal,Khobar,86728.61,23,3770.81
C01863,Returning,Khobar,65874.29,26,2533.63
C01864,Returning,Jeddah,79902.99,23,3474.04
C01865,New,Madinah,50050.619999999995,19,2634.24
C01866,New,Abha,39382.89,14,2813.06
C01867,Loyal,Dammam,82649.43000000001,25,3305.98
C01868,New,Riyadh,47100.85,17,2770.64
C01869,Returning,Jeddah,64071.770000000004,17,3768.93
C01870,Returning,Abha,73474.82,18,4081.93
C01871,New,Makkah,69869.95,17,4110.0
C01872,Loyal,Makkah,50181.22,16,3136.33
C01873,Returning,Dammam,84345.11,20,4217.26
C01874,Returning,Khobar,78153.85,23,3397.99
C01875,Loyal,Abha,80721.04,19,4248.48
C01876,Returning,Jeddah,60868.619999999995,18,3381.59
C01877,Returning,Khobar,44217.43,18,2456.52
C01878,Returning,Jeddah,99646.76,25,3985.87
C01879,Returning,Jeddah,116456.81,24,4852.37
C01880,Returning,Khobar,100910.41,26,3881.17
C01881,Returning,Riyadh,54048.99,16,3378.06
C01882,New,Makkah,72456.08,19,3813.48
C01883,Returning,Dammam,53974.85,20,2698.74
C01884,Loyal,Dammam,87196.42,25,3487.86
C01885,Returning,Abha,49359.25,17,2903.49
C01886,Loyal,Dammam,89213.62,20,4460.68
C01887,New,Riyadh,47881.95,14,3420.14
C01888,New,Khobar,75314.6,23,3274.55
C01889,Returning,Makkah,58255.200000000004,16,3640.95
C01890,Loyal,Riyadh,68124.48,21,3244.02
C01891,Returning,Makkah,105068.14,26,4041.08
C01892,New,Khobar,38592.46,16,2412.03
C01893,New,Jeddah,97885.12,25,3915.4
C01894,New,Madinah,84593.68000000001,24,3524.74
C01895,New,Jeddah,73563.42,22,3343.79
C01896,Loyal,Makkah,96184.25,23,4181.92
C01897,Returning,Khobar,50437.33,14,3602.67
C01898,Returning,Jeddah,146831.71,28,5243.99
C01899,Returning,Madinah,80043.31999999999,21,3811.59
C01900,New,Riyadh,48400.44,18,2688.91
C01901,Returning,Riyadh,97763.4,21,4655.4
C01902,Returning,Khobar,84144.81,22,3824.76
C01903,Returning,Madinah,76804.94,21,3657.38
C01904,Returning,Jeddah,43869.159999999996,15,2924.61
C01905,Returning,Riyadh,137538.91,27,5094.03
C01906,Loyal,Madinah,68630.65,18,3812.81
C01907,Returning,Jeddah,68728.31,16,4295.52
C01908,Loyal,Jeddah,58730.43,16,3670.65
C01909,Returning,Jeddah,89471.93,23,3890.08
C01910,Returning,Riyadh,35116.31,17,2065.67
C01911,Returning,Jeddah,69046.56,14,4931.9
C01912,Returning,Khobar,74705.67,22,3395.71
C01913,Returning,Madinah,86987.5,23,3782.07
C01914,Returning,Dammam,80185.85,21,3818.37
C01915,Returning,Abha,85427.67,20,4271.38
C01916,Returning,Abha,67392.8,16,4212.05
C01917,Loyal,Jeddah,42595.909999999996,13,3276.61
C01918,Returning,Makkah,41810.659999999996,16,2613.17
C01919,Loyal,Jeddah,67703.02,20,3385.15
C01920,Loyal,Jeddah,92105.3,21,4385.97
C01921,New,Jeddah,55971.42,21,2665.31
C01922,Returning,Dammam,40555.22,18,2253.07
C01923,Loyal,Madinah,69723.15,20,3486.16
C01924,Returning,Madinah,123448.08,29,4256.83
C01925,Loyal,Riyadh,56252.42,19,2960.65
C01926,Loyal,Riyadh,33201.43,9,3689.05
C01927,Loyal,Riyadh,94525.75,24,3938.57
C01928,Returning,Jeddah,72388.3,19,3809.91
C01929,New,Jeddah,88366.62,20,4418.33
C01930,Returning,Riyadh,42263.04,14,3018.79
C01931,New,Khobar,45058.62,18,2503.26
C01932,Returning,Jeddah,76051.86,20,3802.59
C01933,Returning,Khobar,38875.78,11,3534.16
C01934,New,Riyadh,46705.880000000005,17,2747.4
C01935,New,Riyadh,59409.4,16,3713.09
C01936,New,Dammam,54850.770000000004,15,3656.72
C01937,New,Makkah,56099.37,19,2952.6
C01938,Returning,Jeddah,45978.47,16,2873.65
C01939,Loyal,Riyadh,44475.73,13,3421.21
C01940,Loyal,Madinah,85675.05,22,3894.32
C01941,Returning,Jeddah,55149.75,18,3063.88
C01942,New,Dammam,56030.08,18,3112.78
C01943,New,Khobar,59086.18,16,3692.89
C01944,New,Makkah,67849.92,19,3571.05
C01945,Returning,Madinah,42671.18,17,2510.07
C01946,Loyal,Jeddah,71145.56999999999,15,4743.04
C01947,Returning,Khobar,61563.11,16,3847.69
C01948,Loyal,Madinah,74219.51000000001,18,4123.31
C01949,Returning,Jeddah,91330.94,27,3382.63
C01950,Returning,Dammam,87260.97,31,2814.87
C01951,Loyal,Khobar,89550.76,24,3731.28
C01952,Returning,Dammam,71141.51,23,3093.11
C01953,Returning,Riyadh,76533.72,23,3327.55
C01954,Loyal,Makkah,65280.72,17,3840.04
C01955,New,Dammam,54033.13,19,2843.85
C01956,Loyal,Dammam,59150.09,22,2688.64
C01957,New,Abha,64040.27,21,3049.54
C01958,Returning,Dammam,56682.85,19,2983.31
C01959,New,Abha,54733.98,19,2880.74
C01960,New,Abha,75610.22,22,3436.83
C01961,New,Jeddah,80333.08,22,3651.5
C01962,New,Makkah,87032.36,21,4144.4
C01963,Loyal,Riyadh,62975.07,17,3704.42
C01964,Loyal,Dammam,36122.05,12,3010.17
C01965,Loyal,Jeddah,88774.75,17,5222.04
C01966,Returning,Riyadh,59459.35,19,3129.44
C01967,Returning,Riyadh,155674.65,36,4324.3
C01968,Returning,Dammam,62470.35,20,3123.52
C01969,Loyal,Madinah,94218.91,27,3489.59
C01970,New,Riyadh,96280.19,26,3703.08
C01971,Loyal,Khobar,76636.64,26,2947.56
C01972,Loyal,Madinah,90855.4,23,3950.23
C01973,Returning,Abha,60678.04,22,2758.09
C01974,New,Jeddah,89997.28,22,4090.79
C01975,Returning,Riyadh,72875.71,23,3168.51
C01976,Returning,Madinah,55924.08,17,3289.65
C01977,Returning,Khobar,63585.16,13,4891.17
C01978,Returning,Makkah,44445.79,15,2963.05
C01979,New,Abha,102142.58,27,3783.06
C01980,Returning,Khobar,122959.33,28,4391.4
C01981,New,Khobar,74042.76,21,3525.85
C01982,Returning,Jeddah,62225.83,19,3275.04
C01983,Returning,Makkah,101631.79,29,3504.54
C01984,Loyal,Dammam,68843.46,22,3129.25
C01985,Returning,Jeddah,40872.94,17,2404.29
C01986,Loyal,Makkah,94509.44,26,3634.98
C01987,Loyal,Dammam,49094.5,17,2887.91
C01988,Returning,Dammam,105926.1,30,3530.87
C01989,Loyal,Abha,75219.85,19,3958.94
C01990,New,Dammam,74274.56,17,4369.09
C01991,Returning,Makkah,81304.69,25,3252.19
C01992,Returning,Khobar,85352.83,18,4741.82
C01993,Returning,Jeddah,81550.56,21,3883.36
C01994,Returning,Makkah,56811.5,17,3341.85
C01995,New,Makkah,65113.07,20,3255.65
C01996,Returning,Khobar,45910.25,17,2700.6
C01997,Returning,Dammam,89147.8,29,3074.06
C01998,Returning,Makkah,32611.850000000002,15,2174.12
C01999,Returning,Jeddah,84833.31,16,5302.08
C02000,Returning,Dammam,85106.99,20,4255.35
C02001,Loyal,Riyadh,46643.47,16,2915.22
C02002,Returning,Madinah,79928.14,22,3633.1
C02003,New,Riyadh,68435.66,24,2851.49
C02004,Returning,Jeddah,75219.38,20,3760.97
C02005,Returning,Dammam,86635.22,21,4125.49
C02006,New,Dammam,74842.86,19,3939.1
C02007,Returning,Dammam,67621.59,16,4226.35
C02008,Returning,Abha,84871.66,25,3394.87
C02009,Loyal,Makkah,72227.77,16,4514.24
C02010,New,Makkah,76292.53,20,3814.63
C02011,Returning,Dammam,93146.23,20,4657.31
C02012,Returning,Khobar,56891.64,16,3555.73
C02013,Returning,Khobar,40104.18,12,3342.02
C02014,Returning,Jeddah,102398.81,29,3530.99
C02015,Returning,Riyadh,71226.54000000001,18,3957.03
C02016,Loyal,Khobar,87135.38,24,3630.64
C02017,Returning,Makkah,50457.82,13,3881.37
C02018,Returning,Riyadh,77453.8,18,4302.99
C02019,Returning,Jeddah,91577.68,24,3815.74
C02020,Returning,Madinah,36295.06,13,2791.93
C02021,Loyal,Madinah,52368.2,14,3740.59
C02022,Returning,Dammam,73351.4,22,3334.15
C02023,Returning,Madinah,50195.6,15,3346.37
C02024,New,Makkah,72790.49,21,3466.21
C02025,Returning,Khobar,52505.82,18,2916.99
C02026,Returning,Dammam,71321.09,24,2971.71
C02027,Returning,Riyadh,71834.98,16,4489.69
C02028,Loyal,Madinah,68785.75,18,3821.43
C02029,Returning,Madinah,58150.68,20,2907.53
C02030,New,Abha,86336.93,26,3320.65
C02031,New,Madinah,69916.91,20,3495.85
C02032,Loyal,Dammam,127272.16,31,4105.55
C02033,Returning,Makkah,57032.6,14,4073.76
C02034,Loyal,Abha,50211.99,13,3862.46
C02035,Returning,Jeddah,47398.85,20,2369.94
C02036,Loyal,Jeddah,88543.33,19,4660.18
C02037,New,Khobar,52616.84,19,2769.31
C02038,Loyal,Dammam,125845.51,28,4494.48
C02039,Returning,Makkah,74037.85,22,3365.36
C02040,New,Riyadh,57480.47,17,3381.2
C02041,New,Jeddah,34862.11,11,3169.28
C02042,Returning,Dammam,94794.94,27,3510.92
C02043,New,Makkah,63988.35,21,3047.06
C02044,Returning,Abha,72948.44,14,5210.6
C02045,New,Riyadh,58542.49,21,2787.74
C02046,Returning,Dammam,68534.81,23,2979.77
C02047,Returning,Dammam,89216.98,20,4460.85
C02048,Returning,Makkah,53385.13,16,3336.57
C02049,Returning,Dammam,59357.409999999996,20,2967.87
C02050,Returning,Jeddah,87954.91,23,3824.13
C02051,Returning,Khobar,56735.0,17,3337.35
C02052,Returning,Khobar,42537.34,13,3272.1
C02053,Loyal,Jeddah,72144.81999999999,20,3607.24
C02054,New,Khobar,78313.66,24,3263.07
C02055,Returning,Makkah,44875.76,16,2804.74
C02056,New,Khobar,70749.36,20,3537.47
C02057,Loyal,Jeddah,88734.88,18,4929.72
C02058,Loyal,Khobar,94912.84,24,3954.7
C02059,Returning,Abha,80148.32,23,3484.71
C02060,Loyal,Jeddah,51685.04,19,2720.27
C02061,Loyal,Abha,48888.15,14,3492.01
C02062,Returning,Makkah,54726.600000000006,19,2880.35
C02063,Returning,Dammam,70734.13,21,3368.29
C02064,Returning,Khobar,53424.39,15,3561.63
C02065,Loyal,Madinah,70170.06,21,3341.43
C02066,Returning,Madinah,59686.67,18,3315.93
C02067,New,Riyadh,54359.28,15,3623.95
C02068,Loyal,Jeddah,80424.02,19,4232.84
C02069,Returning,Dammam,73088.65,17,4299.33
C02070,Returning,Madinah,64610.979999999996,15,4307.4
C02071,New,Khobar,46641.02,19,2454.79
C02072,Returning,Riyadh,74095.21,21,3528.34
C02073,Returning,Dammam,61777.619999999995,19,3251.45
C02074,Returning,Abha,69836.84,16,4364.8
C02075,Returning,Abha,74044.2,17,4355.54
C02076,Returning,Dammam,82628.15,23,3592.53
C02077,Returning,Jeddah,103061.45,27,3817.09
C02078,Loyal,Jeddah,132884.54,32,4152.64
C02079,Returning,Dammam,55813.380000000005,13,4293.34
C02080,Returning,Madinah,93262.47,21,4441.07
C02081,Returning,Abha,79699.88,23,3465.21
C02082,Returning,Abha,66184.4,18,3676.91
C02083,Returning,Abha,100155.2,20,5007.76
C02084,New,Madinah,69299.37,21,3299.97
C02085,Loyal,Jeddah,88643.23,19,4665.43
C02086,Loyal,Makkah,53191.73,14,3799.41
C02087,Returning,Khobar,63409.899999999994,18,3522.77
C02088,New,Jeddah,60235.450000000004,14,4302.53
C02089,Loyal,Jeddah,76490.27,18,4249.46
C02090,Loyal,Abha,59118.68,16,3694.92
C02091,Loyal,Makkah,61444.97,15,4096.33
C02092,Loyal,Dammam,56506.87,18,3139.27
C02093,Loyal,Riyadh,71635.84,16,4477.24
C02094,New,Jeddah,90982.62,21,4332.51
C02095,New,Madinah,103887.2,26,3995.66
C02096,Returning,Madinah,67099.91,19,3531.57
C02097,Returning,Abha,70362.12,18,3909.01
C02098,Returning,Makkah,69290.91,17,4075.94
C02099,Returning,Makkah,61694.36,17,3629.08
C02100,Returning,Madinah,132471.77,34,3896.23
C02101,Returning,Jeddah,77093.19,20,3854.66
C02102,New,Abha,61955.450000000004,21,2950.26
C02103,New,Makkah,58589.04,15,3905.94
C02104,Returning,Riyadh,61167.85,17,3598.11
C02105,Returning,Riyadh,65889.8,18,3660.54
C02106,New,Dammam,74594.56999999999,19,3926.03
C02107,Returning,Khobar,96316.81,22,4378.04
C02108,Returning,Dammam,50324.19,12,4193.68
C02109,Returning,Dammam,44535.59,16,2783.47
C02110,Returning,Jeddah,82032.26,22,3728.74
C02111,Returning,Khobar,57875.94,24,2411.5
C02112,New,Makkah,73265.56999999999,26,2817.91
C02113,Returning,Riyadh,35481.05,16,2217.57
C02114,Loyal,Khobar,68684.74,20,3434.24
C02115,Returning,Jeddah,66322.13,21,3158.2
C02116,Returning,Madinah,71674.07,16,4479.63
C02117,New,Dammam,113223.67,24,4717.65
C02118,Loyal,Dammam,65963.91,21,3141.14
C02119,Loyal,Riyadh,79460.89,27,2943.0
C02120,Loyal,Khobar,125114.98,29,4314.31
C02121,New,Riyadh,67956.64,25,2718.27
C02122,Returning,Dammam,61239.45,21,2916.16
C02123,Returning,Makkah,65675.08,21,3127.38
C02124,Returning,Madinah,57258.49,20,2862.92
C02125,Returning,Abha,74771.0,23,3250.91
C02126,New,Abha,79983.74,28,2856.56
C02127,Returning,Dammam,73863.12,20,3693.16
C02128,New,Riyadh,45761.31,16,2860.08
C02129,Returning,Makkah,86093.93,23,3743.21
C02130,Loyal,Abha,58918.89,15,3927.93
C02131,New,Makkah,55136.91,18,3063.16
C02132,New,Abha,106227.24,25,4249.09
C02133,Returning,Madinah,110923.38,30,3697.45
C02134,Returning,Khobar,48189.4,16,3011.84
C02135,Returning,Makkah,68547.32,18,3808.18
C02136,Returning,Khobar,75035.27,18,4168.63
C02137,New,Makkah,72312.31,20,3615.62
C02138,New,Riyadh,99840.84,29,3442.79
C02139,Loyal,Dammam,48786.33,11,4435.12
C02140,Returning,Abha,82562.02,23,3589.65
C02141,Returning,Dammam,50802.47,19,2673.81
C02142,Returning,Riyadh,54027.83,16,3376.74
C02143,Loyal,Abha,74585.89,23,3242.86
C02144,Loyal,Dammam,101079.53,25,4043.18
C02145,Returning,Jeddah,62495.64,18,3471.98
C02146,Loyal,Riyadh,72097.85,17,4241.05
C02147,Returning,Jeddah,94793.58,25,3791.74
C02148,New,Makkah,81185.87,17,4775.64
C02149,Returning,Riyadh,75716.28,19,3985.07
C02150,New,Abha,73696.05,16,4606.0
C02151,Loyal,Khobar,85796.95999999999,26,3299.88
C02152,Returning,Makkah,53412.35,15,3560.82
C02153,New,Dammam,76300.3,17,4488.25
C02154,Returning,Khobar,64076.3,18,3559.79
C02155,Returning,Makkah,103910.16,29,3583.11
C02156,Returning,Madinah,59474.67,19,3130.25
C02157,New,Dammam,89919.72,20,4495.99
C02158,Returning,Riyadh,104137.59,23,4527.72
C02159,New,Dammam,65857.68,21,3136.08
C02160,Returning,Khobar,92978.72,26,3576.1
C02161,New,Jeddah,79316.77,24,3304.87
C02162,Loyal,Madinah,48645.65,17,2861.51
C02163,Loyal,Khobar,70467.66,19,3708.82
C02164,Returning,Khobar,43849.909999999996,17,2579.41
C02165,New,Riyadh,59665.74,17,3509.75
C02166,New,Riyadh,119823.54000000001,29,4131.85
C02167,New,Madinah,98673.25,30,3289.11
C02168,Loyal,Abha,52266.09,18,2903.67
C02169,New,Jeddah,76194.71,23,3312.81
C02170,Loyal,Abha,65722.11,19,3459.06
C02171,Returning,Makkah,110146.6,28,3933.81
C02172,Returning,Khobar,61171.36,17,3598.32
C02173,Returning,Madinah,72873.35,22,3312.42
C02174,New,Jeddah,119722.08,25,4788.88
C02175,Returning,Khobar,68469.05,21,3260.43
C02176,Returning,Dammam,92132.03,25,3685.28
C02177,Returning,Madinah,61430.1,16,3839.38
C02178,New,Khobar,37883.22,13,2914.09
C02179,Returning,Makkah,64883.76,16,4055.24
C02180,New,Abha,67260.7,22,3057.3
C02181,Loyal,Dammam,89781.55,24,3740.9
C02182,Loyal,Riyadh,62086.78,21,2956.51
C02183,Returning,Khobar,35614.87,12,2967.91
C02184,Returning,Jeddah,39956.26,16,2497.27
C02185,Returning,Makkah,73209.01,21,3486.14
C02186,New,Abha,70335.78,21,3349.32
C02187,Loyal,Riyadh,80003.17,19,4210.69
C02188,New,Dammam,125101.26,35,3574.32
C02189,Loyal,Riyadh,83504.34,29,2879.46
C02190,Loyal,Makkah,53941.79,18,2996.77
C02191,Loyal,Jeddah,101581.35,25,4063.25
C02192,Returning,Riyadh,79119.43,17,4654.08
C02193,Returning,Khobar,69158.95,19,3639.94
C02194,Loyal,Jeddah,109321.11,24,4555.05
C02195,Returning,Riyadh,91855.88,22,4175.27
C02196,Returning,Jeddah,48724.17,15,3248.28
C02197,Loyal,Madinah,65559.55,18,3642.2
C02198,Returning,Jeddah,94792.08,20,4739.6
C02199,Returning,Abha,103298.0,25,4131.92
C02200,Returning,Abha,68906.35,18,3828.13
C02201,New,Dammam,69650.47,26,2678.86
C02202,Loyal,Madinah,94358.01,24,3931.58
C02203,Returning,Dammam,88699.67,20,4434.98
C02204,Returning,Riyadh,93999.33,26,3615.36
C02205,Returning,Madinah,73700.24,24,3070.84
C02206,New,Madinah,47345.03,19,2491.84
C02207,Returning,Abha,75931.46,16,4745.72
C02208,New,Makkah,98607.29,24,4108.64
C02209,Loyal,Madinah,69451.34,17,4085.37
C02210,Returning,Jeddah,55637.51,15,3709.17
C02211,New,Riyadh,94011.68000000001,20,4700.58
C02212,Loyal,Madinah,53685.57,21,2556.46
C02213,New,Dammam,46740.21,16,2921.26
C02214,Loyal,Khobar,81082.61,16,5067.66
C02215,Returning,Khobar,95297.98999999999,16,5956.12
C02216,Loyal,Khobar,87261.45,21,4155.31
C02217,New,Madinah,97603.12,27,3614.93
C02218,Returning,Dammam,41113.53,15,2740.9
C02219,Loyal,Madinah,36909.35,12,3075.78
C02220,Loyal,Makkah,111776.67,30,3725.89
C02221,New,Abha,100959.95999999999,25,4038.4
C02222,New,Khobar,75035.55,18,4168.64
C02223,Loyal,Riyadh,71911.24,16,4494.45
C02224,Returning,Makkah,47955.0,16,2997.19
C02225,Returning,Riyadh,74157.64,23,3224.25
C02226,Returning,Riyadh,72783.33,20,3639.17
C02227,Loyal,Abha,88792.25,21,4228.2
C02228,New,Khobar,109767.84999999999,32,3430.25
C02229,New,Dammam,92484.08,23,4021.05
C02230,Loyal,Jeddah,104733.71,30,3491.12
C02231,Returning,Jeddah,77568.6,24,3232.02
C02232,New,Riyadh,99688.98,23,4334.3
C02233,Returning,Madinah,47435.28,11,4312.3
C02234,New,Madinah,53540.1,16,3346.26
C02235,Loyal,Khobar,80898.38,25,3235.94
C02236,New,Abha,40406.71,14,2886.19
C02237,New,Dammam,87645.97,25,3505.84
C02238,Loyal,Jeddah,72071.23,18,4003.96
C02239,Returning,Abha,43633.41,15,2908.89
C02240,Returning,Abha,35234.53,15,2348.97
C02241,Returning,Dammam,91717.82,25,3668.71
C02242,Returning,Makkah,78824.29,22,3582.92
C02243,Loyal,Jeddah,84036.56999999999,20,4201.83
C02244,Loyal,Makkah,86673.04,27,3210.11
C02245,Returning,Dammam,60713.73,17,3571.4
C02246,Loyal,Abha,64245.51,21,3059.31
C02247,New,Dammam,65394.11,16,4087.13
C02248,Returning,Khobar,75508.94,18,4194.94
C02249,Returning,Khobar,44427.91,14,3173.42
C02250,Returning,Jeddah,74874.52,20,3743.73
C02251,Returning,Makkah,42118.91,16,2632.43
C02252,Loyal,Makkah,79091.86,22,3595.08
C02253,Returning,Riyadh,45854.94,16,2865.93
C02254,New,Dammam,95370.07,24,3973.75
C02255,Loyal,Jeddah,68193.73,17,4011.4
C02256,New,Riyadh,97169.58,25,3886.78
C02257,Returning,Madinah,71903.49,26,2765.52
C02258,New,Makkah,62330.5,17,3666.5
C02259,New,Makkah,63284.03,26,2434.0
C02260,Returning,Khobar,78250.17,24,3260.42
C02261,Returning,Madinah,64368.42,18,3576.02
C02262,Returning,Jeddah,80327.71,21,3825.13
C02263,Returning,Madinah,77580.42,21,3694.31
C02264,Returning,Jeddah,85331.47,20,4266.57
C02265,New,Madinah,39832.369999999995,11,3621.12
C02266,New,Jeddah,93690.81,25,3747.63
C02267,Loyal,Jeddah,64548.94,19,3397.31
C02268,New,Abha,94171.78,26,3621.99
C02269,Returning,Abha,103665.56,22,4712.07
C02270,Loyal,Riyadh,93967.35,31,3031.2
C02271,New,Dammam,75023.35,24,3125.97
C02272,Returning,Makkah,54026.78,13,4155.91
C02273,Returning,Riyadh,53144.09,14,3796.01
C02274,New,Makkah,62709.45,20,3135.47
C02275,Loyal,Madinah,81959.89,26,3152.3
C02276,New,Madinah,95267.52,25,3810.7
C02277,Returning,Khobar,52824.520000000004,24,2201.02
C02278,Loyal,Madinah,73409.49,21,3495.69
C02279,New,Jeddah,72057.23,22,3275.33
C02280,Loyal,Jeddah,63924.32,20,3196.22
C02281,Loyal,Madinah,70129.3,16,4383.08
C02282,Loyal,Jeddah,56939.94,18,3163.33
C02283,New,Riyadh,39826.7,14,2844.76
C02284,New,Makkah,52530.14,17,3090.01
C02285,New,Abha,69980.76,20,3499.04
C02286,Loyal,Makkah,36811.14,12,3067.6
C02287,New,Khobar,89586.17,18,4977.01
C02288,Returning,Abha,114697.44,26,4411.44
C02289,Loyal,Madinah,97333.5,23,4231.89
C02290,Loyal,Jeddah,49547.01,17,2914.53
C02291,Returning,Makkah,84868.4,23,3689.93
C02292,Loyal,Jeddah,60450.56,19,3181.61
C02293,Loyal,Dammam,30455.82,13,2342.76
C02294,New,Madinah,54849.49,15,3656.63
C02295,Loyal,Abha,66165.86,24,2756.91
C02296,Returning,Jeddah,42464.44,16,2654.03
C02297,Returning,Khobar,86701.9,23,3769.65
C02298,Loyal,Riyadh,34835.259999999995,11,3166.84
C02299,New,Dammam,55428.54,21,2639.45
C02300,New,Khobar,56549.45,19,2976.29
C02301,New,Makkah,96269.90000000001,26,3702.69
C02302,Returning,Makkah,98412.17,22,4473.28
C02303,New,Madinah,75685.38,26,2910.98
C02304,Loyal,Madinah,73428.61,24,3059.53
C02305,New,Makkah,35086.7,12,2923.89
C02306,Returning,Jeddah,64878.15,19,3414.64
C02307,New,Jeddah,62141.409999999996,13,4780.11
C02308,Returning,Khobar,43701.48,16,2731.34
C02309,Returning,Abha,81593.15,24,3399.71
C02310,Loyal,Makkah,79802.07,19,4200.11
C02311,New,Khobar,59797.47,19,3147.24
C02312,Loyal,Abha,101255.66,24,4218.99
C02313,New,Madinah,92263.33,32,2883.23
C02314,Returning,Abha,76333.51,21,3634.93
C02315,Loyal,Madinah,55292.97,15,3686.2
C02316,Returning,Abha,94128.15,25,3765.13
C02317,New,Jeddah,58644.56,17,3449.68
C02318,Loyal,Riyadh,81196.81,22,3690.76
C02319,Returning,Madinah,53932.71,22,2451.49
C02320,Loyal,Riyadh,83901.99,23,3647.91
C02321,Returning,Dammam,101415.04000000001,24,4225.63
C02322,Returning,Jeddah,88860.09,20,4443.0
C02323,New,Khobar,70765.78,20,3538.29
C02324,Loyal,Dammam,90194.18,23,3921.49
C02325,New,Riyadh,50611.62,14,3615.12
C02326,Returning,Khobar,49340.17,17,2902.36
C02327,New,Abha,71666.29,20,3583.31
C02328,Returning,Madinah,73217.26,17,4306.9
C02329,Returning,Dammam,73348.56,17,4314.62
C02330,New,Riyadh,55105.54,13,4238.89
C02331,Loyal,Riyadh,47293.31,17,2781.96
C02332,Loyal,Dammam,45810.5,17,2694.74
C02333,Loyal,Makkah,63672.469999999994,17,3745.44
C02334,New,Khobar,68745.58,17,4043.86
C02335,Returning,Dammam,95870.98,25,3834.84
C02336,New,Riyadh,89739.05,23,3901.7
C02337,Returning,Makkah,50364.69,13,3874.21
C02338,Returning,Riyadh,76662.7,18,4259.04
C02339,Loyal,Abha,54617.48,18,3034.3
C02340,Returning,Riyadh,73034.4,21,3477.83
C02341,Returning,Khobar,41307.71,14,2950.55
C02342,New,Makkah,75852.3,18,4214.02
C02343,Returning,Madinah,70130.58,19,3691.08
C02344,New,Madinah,64894.86,15,4326.32
C02345,Returning,Makkah,47529.79,17,2795.87
C02346,Returning,Abha,51759.24,14,3697.09
C02347,Returning,Dammam,58572.53,20,2928.63
C02348,Returning,Riyadh,73707.99,19,3879.37
C02349,New,Riyadh,57885.31,19,3046.6
C02350,Returning,Dammam,53717.28,15,3581.15
C02351,New,Dammam,59595.6,17,3505.62
C02352,Returning,Jeddah,96746.91,30,3224.9
C02353,Returning,Khobar,67913.33,21,3233.97
C02354,Loyal,Makkah,64174.62,19,3377.61
C02355,Returning,Khobar,90799.69,24,3783.32
C02356,Returning,Abha,87655.47,20,4382.77
C02357,New,Riyadh,42159.12,15,2810.61
C02358,New,Jeddah,78311.13,24,3262.96
C02359,Returning,Madinah,74075.3,21,3527.4
C02360,Returning,Jeddah,47094.39,14,3363.88
C02361,Loyal,Madinah,82773.65,24,3448.9
C02362,Returning,Abha,91018.6,23,3957.33
C02363,Returning,Madinah,125472.0,34,3690.35
C02364,Returning,Jeddah,95148.15,24,3964.51
C02365,Returning,Madinah,75175.13,28,2684.83
C02366,New,Khobar,59283.54,14,4234.54
C02367,Loyal,Madinah,55326.09,17,3254.48
C02368,New,Dammam,59828.72,14,4273.48
C02369,New,Makkah,99484.09,26,3826.31
C02370,Returning,Dammam,65050.18,15,4336.68
C02371,Returning,Riyadh,44878.15,11,4079.83
C02372,New,Khobar,66116.8,19,3479.83
C02373,New,Makkah,76596.44,22,3481.66
C02374,Returning,Jeddah,72359.16,26,2783.04
C02375,Returning,Jeddah,95027.01,24,3959.46
C02376,Returning,Riyadh,66832.72,19,3517.51
C02377,New,Abha,63568.2,16,3973.01
C02378,Returning,Abha,94676.98999999999,21,4508.43
C02379,New,Khobar,93945.66,30,3131.52
C02380,Returning,Jeddah,94674.62,23,4116.29
C02381,Returning,Khobar,84384.67,21,4018.32
C02382,New,Khobar,77603.61,19,4084.4
C02383,Returning,Abha,69668.96,21,3317.57
C02384,Loyal,Jeddah,76089.29,21,3623.3
C02385,New,Makkah,93139.72,21,4435.22
C02386,Returning,Jeddah,93236.07,23,4053.74
C02387,Returning,Madinah,88561.07,25,3542.44
C02388,Returning,Riyadh,63206.93,21,3009.85
C02389,New,Makkah,67207.45,20,3360.37
C02390,Returning,Khobar,74193.0,20,3709.65
C02391,Loyal,Riyadh,89658.19,25,3586.33
C02392,Returning,Dammam,53957.090000000004,13,4150.55
C02393,Loyal,Dammam,99374.13,30,3312.47
C02394,Loyal,Dammam,60630.43,15,4042.03
C02395,Loyal,Riyadh,90045.39,19,4739.23
C02396,Loyal,Dammam,121113.81,33,3670.12
C02397,Loyal,Abha,108880.41,29,3754.5
C02398,Returning,Abha,78207.52,20,3910.38
C02399,Loyal,Madinah,85195.52,24,3549.81
C02400,New,Jeddah,56087.91,20,2804.4
C02401,New,Abha,43777.63,13,3367.51
C02402,Returning,Abha,101443.45999999999,26,3901.67
C02403,Returning,Abha,58266.33,17,3427.43
C02404,New,Jeddah,36652.57,13,2819.43
C02405,New,Jeddah,67339.38,20,3366.97
C02406,Returning,Jeddah,68890.93000000001,22,3131.41
C02407,Loyal,Jeddah,81681.94,19,4299.05
C02408,Loyal,Khobar,103025.1,26,3962.5
C02409,Loyal,Madinah,77538.68,20,3876.93
C02410,Returning,Dammam,96346.11,25,3853.84
C02411,New,Dammam,81422.59,24,3392.61
C02412,New,Madinah,59826.55,19,3148.77
C02413,New,Khobar,76304.36,25,3052.17
C02414,Loyal,Madinah,104053.2,30,3468.44
C02415,Returning,Dammam,30475.11,12,2539.59
C02416,New,Makkah,85974.69,23,3738.03
C02417,Loyal,Madinah,87912.45,19,4626.97
C02418,Returning,Dammam,72149.41,19,3797.34
C02419,Loyal,Riyadh,76917.85,23,3344.25
C02420,New,Riyadh,70848.01,18,3936.0
C02421,Returning,Madinah,76966.92,21,3665.09
C02422,Loyal,Riyadh,91476.42,22,4158.02
C02423,New,Dammam,58001.79,16,3625.11
C02424,Returning,Dammam,80793.36,24,3366.39
C02425,Returning,Madinah,50168.97,17,2951.12
C02426,New,Khobar,54980.81,16,3436.3
C02427,Returning,Jeddah,66396.93,20,3319.85
C02428,Returning,Dammam,92227.7,22,4192.17
C02429,Returning,Makkah,83594.36,19,4399.7
C02430,New,Riyadh,84056.83,22,3820.76
C02431,Returning,Riyadh,84503.29,20,4225.16
C02432,New,Madinah,69401.19,23,3017.44
C02433,New,Jeddah,74136.06,26,2851.39
C02434,Returning,Abha,96601.98,23,4200.09
C02435,Returning,Khobar,63398.22,17,3729.31
C02436,Returning,Riyadh,51955.61,16,3247.23
C02437,Returning,Madinah,38451.19,14,2746.51
C02438,Loyal,Khobar,103789.31999999999,27,3844.05
C02439,Loyal,Jeddah,82837.91,27,3068.07
C02440,New,Dammam,75829.89,14,5416.42
C02441,Returning,Riyadh,53714.71,19,2827.09
C02442,Loyal,Khobar,70491.53,17,4146.56
C02443,Loyal,Abha,46974.7,15,3131.65
C02444,Returning,Jeddah,47046.99,15,3136.47
C02445,Returning,Makkah,90655.68,26,3486.76
C02446,Loyal,Riyadh,67883.08,21,3232.53
C02447,New,Dammam,88495.86,22,4022.54
C02448,Loyal,Abha,84374.12,22,3835.19
C02449,New,Riyadh,39423.479999999996,10,3942.35
C02450,Returning,Abha,52892.47,16,3305.78
C02451,Loyal,Abha,57000.67,18,3166.7
C02452,Returning,Madinah,55016.21,20,2750.81
C02453,New,Riyadh,61814.32,25,2472.57
C02454,New,Khobar,122209.66,35,3491.7
C02455,Returning,Riyadh,87606.38,23,3808.97
C02456,Loyal,Jeddah,74542.52,20,3727.13
C02457,New,Jeddah,83200.36,23,3617.41
C02458,Loyal,Dammam,34137.369999999995,13,2625.95
C02459,Returning,Abha,53516.94,20,2675.85
C02460,New,Riyadh,83499.42,20,4174.97
C02461,Returning,Khobar,86970.52,16,5435.66
C02462,New,Makkah,70308.36,26,2704.17
C02463,New,Riyadh,86814.51,19,4569.18
C02464,Returning,Riyadh,42894.2,10,4289.42
C02465,Returning,Dammam,62926.72,16,3932.92
C02466,New,Khobar,60182.909999999996,15,4012.19
C02467,Returning,Jeddah,48167.59,15,3211.17
C02468,Returning,Riyadh,99477.12,26,3826.04
C02469,Loyal,Khobar,65951.87,19,3471.15
C02470,Returning,Abha,30838.7,12,2569.89
C02471,Loyal,Jeddah,67297.16,22,3058.96
C02472,New,Riyadh,36833.39,16,2302.09
C02473,Returning,Madinah,88012.06,22,4000.55
C02474,New,Khobar,58423.78999999999,16,3651.49
C02475,Returning,Khobar,51925.74,16,3245.36
C02476,Loyal,Madinah,65985.18,22,2999.33
C02477,Loyal,Dammam,58729.7,15,3915.31
C02478,Returning,Abha,92900.66,25,3716.03
C02479,New,Makkah,48060.55,13,3696.97
C02480,Returning,Khobar,73230.91,23,3183.95
C02481,New,Makkah,74598.53,19,3926.24
C02482,Returning,Abha,70276.67,22,3194.39
C02483,New,Riyadh,43449.38,16,2715.59
C02484,Returning,Madinah,52884.9,13,4068.07
C02485,New,Riyadh,45859.53,19,2413.66
C02486,New,Khobar,78367.03,28,2798.82
C02487,Returning,Jeddah,52782.58,17,3104.86
C02488,Loyal,Makkah,81894.27,20,4094.71
C02489,New,Khobar,79839.37,19,4202.07
C02490,Returning,Abha,107528.37,23,4675.15
C02491,Returning,Abha,62390.51,18,3466.14
C02492,Loyal,Dammam,46843.61,17,2755.51
C02493,Returning,Madinah,50788.979999999996,16,3174.31
C02494,Returning,Abha,112336.58,27,4160.61
C02495,Returning,Dammam,73781.53,21,3513.41
C02496,Returning,Abha,51498.26,13,3961.4
C02497,Loyal,Jeddah,77504.76,20,3875.24
C02498,Loyal,Jeddah,83193.54,18,4621.86
C02499,Returning,Khobar,106481.98,25,4259.28
C02500,New,Riyadh,70367.06,18,3909.28
C02501,Loyal,Riyadh,62605.53,20,3130.28
C02502,New,Riyadh,53457.69,14,3818.41
C02503,Loyal,Dammam,88731.49,25,3549.26
C02504,Returning,Khobar,77033.14,19,4054.38
C02505,New,Abha,68678.86,19,3614.68
C02506,Returning,Riyadh,30053.719999999998,8,3756.71
C02507,New,Dammam,150780.77,30,5026.03
C02508,New,Makkah,93570.98,28,3341.82
C02509,Returning,Jeddah,41973.479999999996,14,2998.11
C02510,New,Jeddah,67535.53,16,4220.97
C02511,Loyal,Madinah,54252.35,20,2712.62
C02512,New,Jeddah,53771.799999999996,20,2688.59
C02513,Returning,Dammam,70611.54,24,2942.15
C02514,New,Madinah,47760.96,21,2274.33
C02515,Returning,Abha,66844.75,23,2906.29
C02516,Returning,Dammam,73221.3,22,3328.24
C02517,Returning,Madinah,69613.65,16,4350.85
C02518,Returning,Abha,45482.2,13,3498.63
C02519,Returning,Jeddah,41151.83,10,4115.18
C02520,New,Madinah,62265.21,24,2594.38
C02521,Returning,Dammam,72758.77,20,3637.94
C02522,Loyal,Khobar,58361.64,18,3242.31
C02523,Returning,Abha,62185.43,18,3454.75
C02524,New,Khobar,88431.34,24,3684.64
C02525,Returning,Jeddah,122126.99,31,3939.58
C02526,Returning,Khobar,59401.32,15,3960.09
C02527,Returning,Abha,63362.82,17,3727.22
C02528,Loyal,Madinah,63025.36,16,3939.08
C02529,New,Dammam,34713.3,12,2892.78
C02530,Returning,Khobar,82108.22,20,4105.41
C02531,Returning,Jeddah,65417.84,18,3634.32
C02532,Returning,Khobar,75009.92,18,4167.22
C02533,Loyal,Abha,72345.88,12,6028.82
C02534,Returning,Abha,46067.9,16,2879.24
C02535,New,Abha,85510.59,20,4275.53
C02536,Returning,Khobar,99192.8,25,3967.71
C02537,Loyal,Riyadh,86536.88,24,3605.7
C02538,Returning,Jeddah,74055.63,23,3219.81
C02539,Returning,Riyadh,83015.72,23,3609.38
C02540,Returning,Makkah,39756.6,12,3313.05
C02541,New,Abha,103503.63,30,3450.12
C02542,Loyal,Madinah,48838.97,17,2872.88
C02543,Returning,Abha,128112.07,34,3768.0
C02544,New,Jeddah,49964.19,16,3122.76
C02545,New,Jeddah,63692.89,20,3184.64
C02546,Returning,Makkah,48924.869999999995,19,2574.99
C02547,New,Khobar,96177.5,22,4371.7
C02548,New,Makkah,56026.65,19,2948.77
C02549,New,Dammam,57956.27,18,3219.79
C02550,Returning,Riyadh,36688.06,10,3668.81
C02551,Returning,Riyadh,81270.89,24,3386.29
C02552,Returning,Madinah,53852.26,19,2834.33
C02553,New,Abha,76077.92,19,4004.1
C02554,Returning,Jeddah,83920.98,23,3648.74
C02555,Returning,Madinah,58375.39,23,2538.06
C02556,Returning,Dammam,62763.25,17,3691.96
C02557,Returning,Jeddah,73760.97,23,3207.0
C02558,Loyal,Khobar,86055.92,24,3585.66
C02559,Returning,Madinah,99712.04,25,3988.48
C02560,Loyal,Madinah,69780.92,20,3489.05
C02561,Loyal,Dammam,108917.39,25,4356.7
C02562,Returning,Khobar,123306.2,27,4566.9
C02563,New,Madinah,51912.869999999995,20,2595.64
C02564,Loyal,Madinah,78041.86,18,4335.66
C02565,Returning,Jeddah,42709.98,13,3285.38
C02566,Loyal,Makkah,101094.05,27,3744.22
C02567,Loyal,Dammam,77817.84,18,4323.21
C02568,Returning,Makkah,46614.83,17,2742.05
C02569,Loyal,Riyadh,83099.17,22,3777.24
C02570,Loyal,Abha,94056.71,26,3617.57
C02571,Loyal,Dammam,79183.81,23,3442.77
C02572,Returning,Abha,86216.89,26,3316.03
C02573,Loyal,Makkah,85854.06999999999,22,3902.46
C02574,Returning,Jeddah,43311.19,14,3093.66
C02575,Loyal,Dammam,67734.95,18,3763.05
C02576,Loyal,Khobar,67127.34,17,3948.67
C02577,Loyal,Makkah,53080.729999999996,19,2793.72
C02578,Returning,Makkah,99886.8,24,4161.95
C02579,Returning,Makkah,102373.72,24,4265.57
C02580,Returning,Riyadh,95278.99,22,4330.86
C02581,Returning,Jeddah,88500.94,22,4022.77
C02582,Loyal,Dammam,43927.81,15,2928.52
C02583,Returning,Abha,56539.87,24,2355.83
C02584,Returning,Makkah,73782.94,20,3689.15
C02585,New,Abha,58094.72,18,3227.48
C02586,Returning,Madinah,52960.87,21,2521.95
C02587,Loyal,Madinah,92855.75,22,4220.72
C02588,Returning,Dammam,69152.09,22,3143.28
C02589,Returning,Makkah,102107.81,19,5374.1
C02590,Returning,Khobar,122088.77,34,3590.85
C02591,Returning,Riyadh,62663.25,17,3686.07
C02592,Loyal,Khobar,74579.69,25,2983.19
C02593,Returning,Khobar,77592.74,22,3526.94
C02594,New,Dammam,93058.93,25,3722.36
C02595,Returning,Makkah,92285.94,25,3691.44
C02596,Loyal,Abha,50546.04,17,2973.3
C02597,Loyal,Jeddah,54143.44,14,3867.39
C02598,New,Khobar,78568.22,27,2909.93
C02599,Loyal,Riyadh,77537.57,20,3876.88
C02600,Loyal,Dammam,50825.63,13,3909.66
C02601,Returning,Riyadh,49183.76,14,3513.13
C02602,New,Madinah,49188.270000000004,14,3513.45
C02603,Returning,Khobar,58523.75,17,3442.57
C02604,Loyal,Abha,47956.51,19,2524.03
C02605,New,Riyadh,24789.620000000003,12,2065.8
C02606,Loyal,Dammam,87263.69,26,3356.3
C02607,Returning,Makkah,82003.86,20,4100.19
C02608,Returning,Khobar,72871.51,19,3835.34
C02609,Loyal,Dammam,88384.03,24,3682.67
C02610,New,Riyadh,50270.53,15,3351.37
C02611,Returning,Khobar,32218.63,14,2301.33
C02612,New,Khobar,72900.47,13,5607.73
C02613,Returning,Riyadh,66715.31999999999,16,4169.71
C02614,Returning,Madinah,53471.24,18,2970.62
C02615,Returning,Riyadh,57565.85,18,3198.1
C02616,Returning,Khobar,89897.7,24,3745.74
C02617,New,Dammam,80710.98,19,4247.95
C02618,New,Riyadh,56846.2,17,3343.89
C02619,Returning,Jeddah,83293.57,24,3470.57
C02620,Returning,Jeddah,66772.18000000001,16,4173.26
C02621,Returning,Riyadh,61189.43,23,2660.41
C02622,New,Jeddah,55123.08,17,3242.53
C02623,New,Dammam,69706.24,14,4979.02
C02624,Returning,Khobar,86421.72,23,3757.47
C02625,Returning,Jeddah,76735.09,24,3197.3
C02626,Loyal,Riyadh,99978.58,25,3999.14
C02627,New,Madinah,86033.55,21,4096.84
C02628,New,Madinah,116125.81,23,5048.95
C02629,Returning,Riyadh,64889.08,23,2821.26
C02630,Returning,Madinah,54108.850000000006,19,2847.83
C02631,New,Dammam,45611.07,17,2683.0
C02632,Returning,Jeddah,51386.950000000004,20,2569.35
C02633,Returning,Madinah,46495.0,18,2583.06
C02634,Loyal,Abha,48895.07,19,2573.42
C02635,Returning,Abha,85382.39,22,3881.02
C02636,Returning,Dammam,73282.2,19,3856.96
C02637,New,Jeddah,49017.1,14,3501.22
C02638,New,Jeddah,70427.35,23,3062.06
C02639,New,Makkah,69166.05,20,3458.3
C02640,Returning,Riyadh,45163.61,14,3225.97
C02641,Returning,Jeddah,62576.85,22,2844.4
C02642,Loyal,Dammam,51984.53,15,3465.64
C02643,Returning,Dammam,61796.79,19,3252.46
C02644,Returning,Riyadh,76938.51,26,2959.17
C02645,New,Abha,105989.69,21,5047.13
C02646,Loyal,Khobar,60767.82,19,3198.31
C02647,Returning,Makkah,52815.27,20,2640.76
C02648,Loyal,Dammam,84951.89,22,3861.45
C02649,Loyal,Jeddah,66220.06,18,3678.89
C02650,Returning,Dammam,79815.05,18,4434.17
C02651,Loyal,Riyadh,85254.01,27,3157.56
C02652,Returning,Riyadh,106853.71,27,3957.54
C02653,New,Dammam,67386.26000000001,21,3208.87
C02654,New,Dammam,43868.6,13,3374.51
C02655,Returning,Jeddah,58032.82,16,3627.05
C02656,New,Riyadh,90295.32,27,3344.27
C02657,New,Madinah,64190.14,18,3566.12
C02658,New,Makkah,58200.65,14,4157.19
C02659,New,Riyadh,104822.38,24,4367.6
C02660,Returning,Dammam,91510.86,21,4357.66
C02661,New,Makkah,88730.68000000001,20,4436.53
C02662,New,Madinah,58366.96,16,3647.94
C02663,New,Jeddah,90524.81,24,3771.87
C02664,New,Dammam,66680.61,20,3334.03
C02665,Loyal,Khobar,57654.68,16,3603.42
C02666,Loyal,Abha,76729.15,20,3836.46
C02667,Loyal,Makkah,89689.28,26,3449.59
C02668,Returning,Jeddah,88490.21,22,4022.28
C02669,Returning,Jeddah,88501.29,27,3277.83
C02670,New,Khobar,55842.7,20,2792.14
C02671,Loyal,Abha,45590.79,14,3256.48
C02672,Returning,Dammam,78195.77,22,3554.35
C02673,Returning,Abha,100169.73,25,4006.79
C02674,Loyal,Madinah,57282.2,17,3369.54
C02675,Returning,Abha,56645.7,14,4046.12
C02676,Loyal,Abha,82027.55,23,3566.42
C02677,New,Khobar,68110.68,19,3584.77
C02678,New,Riyadh,43319.75,11,3938.16
C02679,New,Jeddah,64579.08,18,3587.73
C02680,Returning,Abha,42209.19,15,2813.95
C02681,Returning,Khobar,99788.58,22,4535.84
C02682,Loyal,Khobar,115992.45,29,3999.74
C02683,Returning,Makkah,60318.58,18,3351.03
C02684,Loyal,Makkah,56799.06,15,3786.6
C02685,Returning,Jeddah,81423.93,21,3877.33
C02686,New,Makkah,80807.94,18,4489.33
C02687,Returning,Jeddah,58669.17,17,3451.13
C02688,Loyal,Dammam,86004.58,23,3739.33
C02689,Returning,Riyadh,66527.95,21,3168.0
C02690,Returning,Madinah,63203.07,22,2872.87
C02691,New,Madinah,43465.76,15,2897.72
C02692,Returning,Riyadh,72722.2,24,3030.09
C02693,Loyal,Khobar,62088.77,16,3880.55
C02694,Loyal,Abha,72552.76,13,5580.98
C02695,Loyal,Khobar,81903.7,21,3900.18
C02696,Loyal,Dammam,34413.22,12,2867.77
C02697,Loyal,Dammam,78273.87000000001,21,3727.33
C02698,Loyal,Riyadh,91834.67,22,4174.3
C02699,Returning,Jeddah,59024.19,20,2951.21
C02700,Loyal,Khobar,66285.92,16,4142.87
C02701,New,Makkah,71827.97,23,3122.96
C02702,Returning,Jeddah,79286.12,21,3775.53
C02703,Returning,Madinah,84520.06,26,3250.77
C02704,Returning,Makkah,57790.47,20,2889.52
C02705,New,Madinah,69625.98,22,3164.82
C02706,Returning,Dammam,67907.94,17,3994.58
C02707,Loyal,Jeddah,86908.1,20,4345.41
C02708,Loyal,Abha,72317.64,17,4253.98
C02709,New,Riyadh,64405.17,18,3578.06
C02710,New,Dammam,84156.19,18,4675.34
C02711,New,Jeddah,80610.21,26,3100.39
C02712,Returning,Makkah,59888.86,16,3743.05
C02713,New,Dammam,66615.9,16,4163.49
C02714,Returning,Dammam,129102.92,28,4610.82
C02715,Returning,Makkah,66587.28,23,2895.1
C02716,Loyal,Riyadh,67424.48,25,2696.98
C02717,Loyal,Abha,126987.63,31,4096.38
C02718,Returning,Madinah,52481.65,16,3280.1
C02719,Returning,Riyadh,84120.94,22,3823.68
C02720,New,Riyadh,59759.84,20,2987.99
C02721,Loyal,Riyadh,60812.16,18,3378.45
C02722,Returning,Dammam,84480.35,24,3520.01
C02723,Returning,Riyadh,90373.34,28,3227.62
C02724,Returning,Makkah,65988.83,19,3473.1
C02725,New,Khobar,60072.97,25,2402.92
C02726,Returning,Riyadh,53307.17,18,2961.51
C02727,Returning,Abha,59417.0,23,2583.35
C02728,New,Khobar,74453.45,19,3918.6
C02729,Returning,Riyadh,55724.82,16,3482.8
C02730,New,Abha,67515.2,18,3750.84
C02731,Loyal,Khobar,55111.7,19,2900.62
C02732,Returning,Makkah,54853.31,14,3918.09
C02733,Returning,Jeddah,60554.41,19,3187.07
C02734,Loyal,Riyadh,82080.95999999999,22,3730.95
C02735,Returning,Madinah,83215.77,21,3962.66
C02736,Loyal,Jeddah,72083.59,18,4004.64
C02737,New,Makkah,46943.19,15,3129.55
C02738,Loyal,Madinah,50871.26,23,2211.79
C02739,New,Jeddah,107758.85,24,4489.95
C02740,Returning,Khobar,85651.68,22,3893.26
C02741,Returning,Khobar,79093.4,24,3295.56
C02742,Returning,Riyadh,47145.41,21,2245.02
C02743,Returning,Riyadh,41140.3,16,2571.27
C02744,Returning,Riyadh,87096.93,21,4147.47
C02745,New,Madinah,72662.37,20,3633.12
C02746,Returning,Riyadh,93491.91,23,4064.87
C02747,Returning,Riyadh,78854.01,23,3428.44
C02748,Returning,Abha,81577.89,24,3399.08
C02749,Loyal,Dammam,33345.4,12,2778.78
C02750,New,Jeddah,82797.26,22,3763.51
C02751,Returning,Riyadh,49764.590000000004,12,4147.05
C02752,Returning,Abha,81277.58,22,3694.44
C02753,Returning,Khobar,54661.05,17,3215.36
C02754,Loyal,Makkah,68817.17,23,2992.05
C02755,Loyal,Jeddah,80434.65,21,3830.22
C02756,Returning,Abha,85053.55,22,3866.07
C02757,Loyal,Abha,39845.46,13,3065.04
C02758,Returning,Jeddah,64400.009999999995,19,3389.47
C02759,Returning,Riyadh,94471.61,23,4107.46
C02760,Returning,Madinah,49995.020000000004,16,3124.69
C02761,Returning,Riyadh,36509.46,11,3319.04
C02762,Returning,Madinah,54335.14,17,3196.18
C02763,Loyal,Jeddah,92702.88,25,3708.12
C02764,Returning,Riyadh,78412.15,20,3920.61
C02765,Returning,Khobar,24723.28,12,2060.27
C02766,Returning,Madinah,52629.96,15,3508.66
C02767,Loyal,Riyadh,48115.840000000004,12,4009.65
C02768,New,Khobar,65464.68,16,4091.54
C02769,Returning,Makkah,74000.92,18,4111.16
C02770,Returning,Dammam,73410.21,24,3058.76
C02771,Returning,Jeddah,74647.71,22,3393.08
C02772,New,Khobar,77251.5,24,3218.81
C02773,Returning,Madinah,59345.630000000005,16,3709.1
C02774,Returning,Makkah,81894.13,19,4310.22
C02775,New,Madinah,81087.76,22,3685.81
C02776,Loyal,Jeddah,70189.81999999999,14,5013.56
C02777,Returning,Jeddah,97846.71,24,4076.95
C02778,Loyal,Riyadh,105360.75,28,3762.88
C02779,Returning,Makkah,61880.32,22,2812.74
C02780,Returning,Dammam,29689.55,9,3298.84
C02781,Returning,Dammam,49720.82,18,2762.27
C02782,Returning,Madinah,55205.19,16,3450.32
C02783,Returning,Jeddah,79432.11,18,4412.9
C02784,Returning,Dammam,32717.95,11,2974.36
C02785,Returning,Khobar,89824.99,23,3905.43
C02786,New,Abha,56557.58,22,2570.8
C02787,New,Jeddah,92257.89,28,3294.92
C02788,Returning,Jeddah,59242.31,22,2692.83
C02789,New,Jeddah,94651.64,27,3505.62
C02790,Returning,Jeddah,49862.479999999996,13,3835.58
C02791,Returning,Jeddah,83786.2,27,3103.19
C02792,Returning,Dammam,59103.43,20,2955.17
C02793,Returning,Riyadh,55439.07,19,2917.85
C02794,Returning,Dammam,97536.2,25,3901.45
C02795,Loyal,Khobar,59942.74,20,2997.14
C02796,Returning,Abha,77502.93,21,3690.62
C02797,New,Dammam,65756.53,19,3460.87
C02798,Loyal,Khobar,83047.72,25,3321.91
C02799,Loyal,Riyadh,89947.75,23,3910.77
C02800,Loyal,Riyadh,75938.46,21,3616.12
C02801,Returning,Dammam,44303.45,15,2953.56
C02802,Returning,Jeddah,58163.67,17,3421.39
C02803,New,Jeddah,37565.72,9,4173.97
C02804,Returning,Jeddah,63560.97,17,3738.88
C02805,Returning,Khobar,72787.87,17,4281.64
C02806,Returning,Madinah,83244.56,21,3964.03
C02807,New,Khobar,86738.67,22,3942.67
C02808,New,Jeddah,44931.24,15,2995.42
C02809,Returning,Dammam,67591.15,19,3557.43
C02810,Loyal,Abha,45625.04,18,2534.72
C02811,New,Riyadh,101771.81999999999,23,4424.86
C02812,Loyal,Jeddah,57717.08,16,3607.32
C02813,Returning,Khobar,83478.37,24,3478.27
C02814,New,Khobar,95712.06,26,3681.23
C02815,New,Abha,95109.33,28,3396.76
C02816,New,Dammam,64043.41,20,3202.17
C02817,Returning,Khobar,86565.59,23,3763.72
C02818,New,Madinah,91570.09,24,3815.42
C02819,Returning,Madinah,46049.12,16,2878.07
C02820,Loyal,Riyadh,91086.87000000001,22,4140.31
C02821,Loyal,Abha,66586.72,25,2663.47
C02822,Returning,Madinah,89636.16,25,3585.45
C02823,Returning,Madinah,93974.01999999999,20,4698.7
C02824,New,Dammam,49375.380000000005,17,2904.43
C02825,New,Abha,55131.39,20,2756.57
C02826,Returning,Abha,80274.11,19,4224.95
C02827,Returning,Abha,60013.43,16,3750.84
C02828,Returning,Riyadh,49487.32,20,2474.37
C02829,New,Abha,102308.73,26,3934.95
C02830,Returning,Jeddah,93457.86,22,4248.08
C02831,Loyal,Khobar,85569.8,23,3720.43
C02832,Returning,Jeddah,89919.78,23,3909.56
C02833,New,Jeddah,81981.69,23,3564.42
C02834,Loyal,Khobar,61714.41,18,3428.58
C02835,New,Riyadh,46444.01,16,2902.75
C02836,Loyal,Abha,74678.62,24,3111.61
C02837,Returning,Riyadh,103987.69,24,4332.82
C02838,Loyal,Jeddah,65342.38,17,3843.67
C02839,New,Khobar,37545.07,16,2346.57
C02840,Returning,Khobar,60408.19,18,3356.01
C02841,Returning,Khobar,99494.48,23,4325.85
C02842,Returning,Riyadh,69898.2,17,4111.66
C02843,Loyal,Khobar,63413.06,21,3019.67
C02844,Loyal,Dammam,77595.25,25,3103.81
C02845,Loyal,Madinah,64916.26,19,3416.65
C02846,Loyal,Abha,71758.25,19,3776.75
C02847,Returning,Riyadh,70876.45,19,3730.34
C02848,Loyal,Makkah,80903.53,24,3370.98
C02849,Loyal,Abha,82149.16,21,3911.86
C02850,New,Madinah,43685.259999999995,14,3120.38
C02851,Returning,Riyadh,84781.03,22,3853.68
C02852,Loyal,Makkah,52799.61,20,2639.98
C02853,Returning,Jeddah,90137.83,19,4744.1
C02854,Returning,Madinah,50645.87,18,2813.66
C02855,Returning,Riyadh,57254.92,15,3816.99
C02856,New,Abha,54652.66,20,2732.63
C02857,New,Makkah,42074.66,14,3005.33
C02858,New,Jeddah,70225.59,22,3192.07
C02859,New,Khobar,34652.12,14,2475.15
C02860,Returning,Makkah,105646.95,31,3407.97
C02861,Returning,Makkah,44398.18,11,4036.2
C02862,Returning,Abha,92598.48,20,4629.92
C02863,New,Khobar,92331.13,24,3847.13
C02864,Returning,Dammam,82995.81999999999,25,3319.83
C02865,Returning,Jeddah,85273.2,23,3707.53
C02866,Returning,Makkah,74680.87,20,3734.04
C02867,Returning,Abha,98799.33,23,4295.62
C02868,Returning,Riyadh,85725.97,24,3571.92
C02869,Returning,Makkah,54466.72,19,2866.67
C02870,Loyal,Dammam,92297.83,20,4614.89
C02871,Returning,Abha,58054.7,19,3055.51
C02872,New,Jeddah,61304.23,18,3405.79
C02873,Returning,Dammam,58074.7,19,3056.56
C02874,Loyal,Jeddah,88283.21,26,3395.51
C02875,Loyal,Abha,111123.58,26,4273.98
C02876,Returning,Madinah,94315.11,23,4100.66
C02877,Loyal,Riyadh,79879.35,18,4437.74
C02878,New,Riyadh,40322.41,15,2688.16
C02879,Returning,Riyadh,70928.47,19,3733.08
C02880,New,Jeddah,99039.79,22,4501.81
C02881,Loyal,Dammam,83909.55,22,3814.07
C02882,New,Riyadh,70512.4,18,3917.36
C02883,Returning,Riyadh,34460.31,14,2461.45
C02884,New,Makkah,100318.98,27,3715.52
C02885,Returning,Jeddah,79300.78,22,3604.58
C02886,Loyal,Khobar,92400.65,26,3553.87
C02887,Loyal,Abha,101750.65,25,4070.03
C02888,New,Riyadh,101344.37,23,4406.28
C02889,Returning,Dammam,46035.7,17,2707.98
C02890,Returning,Riyadh,48821.11,17,2871.83
C02891,Loyal,Khobar,74873.63,22,3403.35
C02892,Returning,Riyadh,51510.01,19,2711.05
C02893,Returning,Madinah,41282.11,14,2948.72
C02894,New,Abha,68330.85,23,2970.91
C02895,Returning,Khobar,36648.12,16,2290.51
C02896,Loyal,Jeddah,68098.9,22,3095.4
C02897,Returning,Abha,105626.78,26,4062.57
C02898,Loyal,Madinah,62561.68,23,2720.07
C02899,Returning,Makkah,46740.840000000004,16,2921.3
C02900,Loyal,Riyadh,59953.65,18,3330.76
C02901,Returning,Riyadh,70573.97,21,3360.67
C02902,New,Riyadh,50065.57,15,3337.7
C02903,Loyal,Madinah,59027.82,15,3935.19
C02904,Loyal,Khobar,96335.47,21,4587.4
C02905,Returning,Makkah,63788.159999999996,18,3543.79
C02906,Returning,Makkah,60786.04,15,4052.4
C02907,Returning,Dammam,92102.07,25,3684.08
C02908,Returning,Riyadh,65800.09,17,3870.59
C02909,Loyal,Dammam,95919.97,19,5048.42
C02910,New,Jeddah,87774.07,25,3510.96
C02911,Returning,Riyadh,79045.03,21,3764.05
C02912,New,Dammam,54213.39,19,2853.34
C02913,Loyal,Riyadh,75630.8,18,4201.71
C02914,Returning,Khobar,74977.39,24,3124.06
C02915,Returning,Madinah,87509.43,23,3804.76
C02916,New,Riyadh,58841.78,23,2558.34
C02917,Returning,Dammam,71934.97,25,2877.4
C02918,Returning,Madinah,58405.520000000004,19,3073.97
C02919,Loyal,Makkah,83988.9,25,3359.56
C02920,New,Madinah,84080.63,26,3233.87
C02921,Loyal,Jeddah,33269.05,13,2559.16
C02922,Loyal,Madinah,86048.36,21,4097.54
C02923,New,Dammam,65644.51,22,2983.84
C02924,New,Abha,83728.59,21,3987.08
C02925,Returning,Dammam,73530.55,18,4085.03
C02926,New,Madinah,61145.520000000004,16,3821.6
C02927,Returning,Khobar,44216.93,20,2210.85
C02928,New,Makkah,90216.65,25,3608.67
C02929,New,Riyadh,77486.23,21,3689.82
C02930,Loyal,Makkah,89836.98,24,3743.21
C02931,Returning,Dammam,83410.03,23,3626.52
C02932,Returning,Abha,54550.21,14,3896.44
C02933,New,Abha,63739.090000000004,20,3186.95
C02934,New,Jeddah,114177.99,26,4391.46
C02935,Returning,Jeddah,42956.71,15,2863.78
C02936,Returning,Makkah,48687.87,18,2704.88
C02937,Loyal,Abha,84885.54000000001,20,4244.28
C02938,New,Riyadh,76706.51,20,3835.33
C02939,Returning,Khobar,50027.41,17,2942.79
C02940,New,Jeddah,58921.43,19,3101.13
C02941,Returning,Khobar,66737.59,20,3336.88
C02942,New,Khobar,79406.16,17,4670.95
C02943,New,Jeddah,100447.81,24,4185.33
C02944,Returning,Madinah,57956.39,14,4139.74
C02945,Returning,Makkah,72197.24,20,3609.86
C02946,Returning,Makkah,124424.54,34,3659.55
C02947,New,Khobar,103655.18000000001,24,4318.97
C02948,Returning,Dammam,73012.31999999999,18,4056.24
C02949,Returning,Jeddah,121719.4,28,4347.12
C02950,Returning,Abha,75090.26,21,3575.73
C02951,New,Riyadh,56318.27,23,2448.62
C02952,New,Riyadh,47966.61,17,2821.57
C02953,Loyal,Makkah,51661.78,13,3973.98
C02954,Returning,Jeddah,73092.6,17,4299.56
C02955,Returning,Khobar,109291.4,26,4203.52
C02956,Returning,Jeddah,107867.3,25,4314.69
C02957,New,Riyadh,87732.29,27,3249.34
C02958,Returning,Madinah,57639.5,14,4117.11
C02959,Returning,Abha,99078.84,31,3196.09
C02960,Loyal,Abha,78550.09999999999,21,3740.48
C02961,Loyal,Riyadh,87806.69,23,3817.68
C02962,Returning,Madinah,53924.84,17,3172.05
C02963,New,Dammam,99931.02,25,3997.24
C02964,New,Jeddah,103571.13,26,3983.5
C02965,New,Khobar,110306.75,27,4085.44
C02966,Returning,Dammam,109521.29,28,3911.47
C02967,New,Riyadh,84658.73,24,3527.45
C02968,Returning,Riyadh,41351.86,18,2297.33
C02969,New,Abha,65044.65,12,5420.39
C02970,New,Dammam,67714.68,17,3983.22
C02971,Returning,Madinah,80065.31,23,3481.1
C02972,New,Abha,67123.47,18,3729.08
C02973,Loyal,Khobar,71975.41,20,3598.77
C02974,Returning,Makkah,62306.01,15,4153.73
C02975,Loyal,Jeddah,76326.61,21,3634.6
C02976,Returning,Dammam,83882.4,24,3495.1
C02977,Returning,Makkah,109542.23,28,3912.22
C02978,Returning,Madinah,104379.67,26,4014.6
C02979,New,Dammam,49791.2,16,3111.95
C02980,Returning,Makkah,48491.73,21,2309.13
C02981,Loyal,Khobar,45624.64,15,3041.64
C02982,Loyal,Riyadh,69865.03,21,3326.91
C02983,Returning,Makkah,102017.75,24,4250.74
C02984,Returning,Riyadh,57071.06,23,2481.35
C02985,Returning,Jeddah,85238.11,21,4058.96
C02986,Returning,Khobar,92077.15,22,4185.32
C02987,Loyal,Khobar,61327.39,18,3407.08
C02988,New,Makkah,48940.96,14,3495.78
C02989,Returning,Jeddah,83646.87,22,3802.13
C02990,Returning,Dammam,79597.56,21,3790.36
C02991,New,Riyadh,74567.17,18,4142.62
C02992,New,Dammam,87609.38,27,3244.79
C02993,Returning,Jeddah,79469.49,23,3455.2
C02994,Loyal,Dammam,101098.89,26,3888.42
C02995,Loyal,Makkah,36172.3,14,2583.74
C02996,Loyal,Jeddah,62740.61,19,3302.14
C02997,New,Madinah,81285.51,23,3534.15
C02998,New,Madinah,101991.53,27,3777.46
C02999,Returning,Dammam,95396.17,27,3533.19
C03000,Loyal,Dammam,86211.86,24,3592.16
C03001,Returning,Riyadh,87581.03,23,3807.87
C03002,Returning,Madinah,47857.590000000004,16,2991.1
C03003,New,Dammam,80188.44,24,3341.18
C03004,New,Madinah,83082.83,22,3776.49
C03005,Returning,Riyadh,71338.14,18,3963.23
C03006,Returning,Jeddah,49957.58,19,2629.35
C03007,Returning,Jeddah,58509.49,18,3250.53
C03008,New,Dammam,69752.11,23,3032.7
C03009,Returning,Khobar,91045.12,26,3501.74
C03010,Returning,Khobar,72461.34,20,3623.07
C03011,New,Jeddah,70288.01,22,3194.91
C03012,New,Makkah,95049.34,25,3801.97
C03013,Returning,Khobar,62736.829999999994,16,3921.05
C03014,Returning,Khobar,55736.38,15,3715.76
C03015,Returning,Dammam,97698.94,25,3907.96
C03016,Returning,Jeddah,71026.62,15,4735.11
C03017,New,Riyadh,97665.17,23,4246.31
C03018,Loyal,Abha,65689.32,19,3457.33
C03019,Returning,Abha,60065.64,20,3003.28
C03020,Returning,Jeddah,69982.88,18,3887.94
C03021,New,Madinah,102819.66,24,4284.15
C03022,New,Madinah,67645.45,20,3382.27
C03023,New,Abha,77631.41,22,3528.7
C03024,Returning,Abha,68908.34,19,3626.75
C03025,New,Riyadh,63694.97,16,3980.94
C03026,Returning,Riyadh,74945.29,20,3747.26
C03027,Returning,Riyadh,85912.76,27,3181.95
C03028,Loyal,Jeddah,74488.07,16,4655.5
C03029,Returning,Makkah,45524.1,14,3251.72
C03030,New,Dammam,91994.05,24,3833.09
C03031,Returning,Abha,85353.93,19,4492.31
C03032,Loyal,Abha,67527.35,17,3972.2
C03033,Returning,Madinah,55882.7,18,3104.59
C03034,Returning,Abha,72910.63,17,4288.86
C03035,Loyal,Madinah,78612.6,22,3573.3
C03036,Returning,Madinah,63076.619999999995,22,2867.12
C03037,New,Dammam,66000.4,18,3666.69
C03038,Loyal,Jeddah,80952.94,19,4260.68
C03039,New,Abha,62064.65,17,3650.86
C03040,Returning,Makkah,72076.23999999999,18,4004.24
C03041,Returning,Makkah,100194.09,25,4007.76
C03042,Returning,Abha,71334.78,22,3242.49
C03043,New,Abha,88276.12,23,3838.09
C03044,Returning,Khobar,40437.41,14,2888.39
C03045,New,Riyadh,41503.369999999995,16,2593.96
C03046,Loyal,Dammam,53352.909999999996,16,3334.56
C03047,New,Khobar,103623.17,31,3342.68
C03048,Loyal,Dammam,78930.68,23,3431.77
C03049,Returning,Khobar,73004.08,23,3174.09
C03050,Returning,Abha,76475.19,17,4498.54
C03051,New,Madinah,90450.58,21,4307.17
C03052,New,Jeddah,109781.52,27,4065.98
C03053,New,Makkah,82696.26,19,4352.43
C03054,Loyal,Riyadh,52734.84,14,3766.77
C03055,Returning,Jeddah,71532.85,18,3974.05
C03056,Loyal,Jeddah,90155.29000000001,22,4097.97
C03057,Returning,Khobar,54282.26,13,4175.56
C03058,Loyal,Dammam,68340.46,22,3106.38
C03059,Returning,Dammam,46101.59,18,2561.2
C03060,Returning,Madinah,98120.29000000001,29,3383.46
C03061,Returning,Khobar,71969.95999999999,17,4233.53
C03062,Returning,Dammam,85929.63,21,4091.89
C03063,Returning,Riyadh,52047.93,19,2739.36
C03064,Returning,Dammam,78400.55,22,3563.66
C03065,New,Abha,67838.32,22,3083.56
C03066,New,Makkah,83773.27,21,3989.2
C03067,Returning,Riyadh,94839.71,25,3793.59
C03068,Returning,Riyadh,82667.21,21,3936.53
C03069,Returning,Abha,70989.8,17,4175.87
C03070,Returning,Riyadh,47240.41,17,2778.85
C03071,Loyal,Jeddah,42681.01,22,1940.05
C03072,New,Madinah,69888.95,20,3494.45
C03073,Returning,Dammam,40286.79,12,3357.23
C03074,New,Abha,30729.3,10,3072.93
C03075,New,Riyadh,27883.9,12,2323.66
C03076,Returning,Dammam,73113.92,16,4569.62
C03077,Returning,Madinah,91005.33,20,4550.27
C03078,Returning,Jeddah,78406.06,24,3266.92
C03079,New,Abha,40246.840000000004,10,4024.68
C03080,New,Madinah,62422.99,20,3121.15
C03081,New,Madinah,86934.84,21,4139.75
C03082,New,Khobar,38787.26,13,2983.64
C03083,Returning,Madinah,70005.41,20,3500.27
C03084,Loyal,Makkah,101178.51000000001,25,4047.14
C03085,Returning,Abha,48628.950000000004,16,3039.31
C03086,Returning,Dammam,52710.479999999996,14,3765.03
C03087,Loyal,Abha,85295.02,23,3708.48
C03088,Returning,Madinah,80643.95999999999,21,3840.19
C03089,Returning,Makkah,78496.73,23,3412.9
C03090,Returning,Dammam,59561.13,18,3308.95
C03091,Returning,Abha,47695.13,19,2510.27
C03092,Returning,Jeddah,53999.51,18,2999.97
C03093,Returning,Makkah,56492.13,17,3323.07
C03094,Loyal,Dammam,47147.490000000005,12,3928.96
C03095,Returning,Makkah,56833.4,21,2706.35
C03096,New,Jeddah,92710.86,22,4214.13
C03097,Returning,Khobar,75665.44,21,3603.12
C03098,Returning,Makkah,101706.09,25,4068.24
C03099,Returning,Khobar,90268.88,18,5014.94
C03100,New,Madinah,53387.12,16,3336.7
C03101,Loyal,Riyadh,69949.84,23,3041.3
C03102,Loyal,Makkah,67183.25,16,4198.95
C03103,Loyal,Khobar,109839.58,28,3922.84
C03104,Returning,Dammam,80887.11,25,3235.48
C03105,New,Dammam,69934.20999999999,18,3885.23
C03106,Returning,Dammam,51065.57,15,3404.37
C03107,Returning,Madinah,55573.36,19,2924.91
C03108,Returning,Khobar,102746.72,29,3542.99
C03109,Returning,Madinah,52912.1,16,3307.01
C03110,New,Abha,86239.54,26,3316.91
C03111,Returning,Khobar,65638.98,21,3125.67
C03112,Returning,Abha,73794.36,20,3689.72
C03113,Returning,Makkah,59203.7,18,3289.09
C03114,Loyal,Jeddah,76276.31,19,4014.54
C03115,Returning,Dammam,59013.82,17,3471.4
C03116,Loyal,Makkah,133207.42,30,4440.25
C03117,Returning,Madinah,69455.31999999999,20,3472.77
C03118,Returning,Jeddah,71100.15,17,4182.36
C03119,New,Khobar,61566.89,18,3420.38
C03120,Loyal,Jeddah,60798.58,21,2895.17
C03121,New,Khobar,59523.98,17,3501.41
C03122,New,Madinah,76102.63,18,4227.92
C03123,Loyal,Makkah,39482.21,11,3589.29
C03124,Loyal,Abha,105936.19,24,4414.01
C03125,Loyal,Dammam,63321.03,21,3015.29
C03126,Loyal,Dammam,108557.40000000001,27,4020.64
C03127,Returning,Jeddah,83147.28,20,4157.36
C03128,Returning,Makkah,104533.45,27,3871.61
C03129,Returning,Makkah,44035.21,14,3145.37
C03130,Returning,Makkah,67514.6,22,3068.85
C03131,Returning,Jeddah,52731.88,15,3515.46
C03132,New,Jeddah,80296.69,18,4460.93
C03133,New,Jeddah,68615.31999999999,17,4036.2
C03134,Loyal,Dammam,74603.78,20,3730.19
C03135,Loyal,Riyadh,70626.48,22,3210.29
C03136,Loyal,Makkah,46924.23,16,2932.76
C03137,Returning,Riyadh,64474.7,22,2930.67
C03138,New,Madinah,66017.71,17,3883.39
C03139,Returning,Dammam,63192.73,17,3717.22
C03140,Loyal,Madinah,80325.48,18,4462.53
C03141,Returning,Jeddah,130045.44,22,5911.16
C03142,Loyal,Jeddah,72234.56,15,4815.64
C03143,Returning,Riyadh,48296.75,15,3219.78
C03144,Loyal,Dammam,54117.189999999995,21,2577.01
C03145,New,Khobar,110197.11,31,3554.75
C03146,Returning,Dammam,69093.41,18,3838.52
C03147,Loyal,Abha,55048.57,20,2752.43
C03148,New,Khobar,52184.55,15,3478.97
C03149,Loyal,Khobar,43235.44,15,2882.36
C03150,Returning,Riyadh,44195.84,12,3682.99
C03151,New,Makkah,113137.36,27,4190.27
C03152,Returning,Madinah,57562.2,17,3386.01
C03153,New,Riyadh,61664.090000000004,17,3627.3
C03154,Returning,Madinah,57106.5,16,3569.16
C03155,Loyal,Makkah,89952.7,23,3910.99
C03156,Returning,Madinah,87223.27,22,3964.69
C03157,New,Dammam,61314.19,17,3606.72
C03158,Loyal,Khobar,94480.52,23,4107.85
C03159,Returning,Khobar,71191.29,17,4187.72
C03160,Returning,Madinah,60661.75,17,3568.34
C03161,New,Dammam,126435.58,32,3951.11
C03162,Returning,Abha,104743.9,23,4554.08
C03163,Returning,Jeddah,67308.8,22,3059.49
C03164,New,Jeddah,63528.49,16,3970.53
C03165,Loyal,Jeddah,104983.87,27,3888.29
C03166,Returning,Madinah,57702.25,19,3036.96
C03167,Returning,Makkah,103758.54,23,4511.24
C03168,Returning,Makkah,45646.92,17,2685.11
C03169,Returning,Khobar,89515.86,28,3197.0
C03170,New,Khobar,57323.72,20,2866.19
C03171,Returning,Jeddah,71743.72,20,3587.19
C03172,New,Khobar,47819.49,18,2656.64
C03173,Returning,Abha,68415.88,19,3600.84
C03174,Returning,Khobar,57363.15,18,3186.84
C03175,Loyal,Madinah,75767.85,21,3607.99
C03176,Returning,Abha,52966.4,12,4413.87
C03177,Loyal,Riyadh,56084.49,18,3115.8
C03178,Loyal,Makkah,64564.86,20,3228.24
C03179,New,Jeddah,55790.6,14,3985.04
C03180,Returning,Abha,87347.02,21,4159.38
C03181,Loyal,Riyadh,58440.22,22,2656.37
C03182,Loyal,Abha,120720.37,28,4311.44
C03183,New,Dammam,92186.19,24,3841.09
C03184,Returning,Riyadh,35788.8,14,2556.34
C03185,Returning,Abha,47921.46,14,3422.96
C03186,Loyal,Riyadh,71814.34,21,3419.73
C03187,Loyal,Dammam,115676.06,29,3988.83
C03188,New,Riyadh,61144.64,18,3396.92
C03189,Loyal,Jeddah,75165.38,22,3416.61
C03190,Returning,Abha,43287.8,10,4328.78
C03191,Returning,Khobar,54173.7,17,3186.69
C03192,Returning,Abha,92822.48,28,3315.09
C03193,Loyal,Khobar,86037.45,19,4528.29
C03194,New,Jeddah,122881.32,32,3840.04
C03195,New,Riyadh,78271.56,21,3727.22
C03196,Loyal,Madinah,79185.83,22,3599.36
C03197,Returning,Jeddah,27004.83,13,2077.29
C03198,Returning,Dammam,49233.19,17,2896.07
C03199,New,Abha,62597.32,17,3682.2
C03200,New,Dammam,65481.06,21,3118.15
C03201,Returning,Dammam,91849.55,23,3993.46
C03202,Loyal,Abha,78801.02,18,4377.83
C03203,New,Madinah,115451.18000000001,28,4123.26
C03204,Loyal,Makkah,77343.92,23,3362.78
C03205,Loyal,Riyadh,80906.42,20,4045.32
C03206,Loyal,Abha,104143.44,25,4165.74
C03207,Returning,Khobar,51642.76,14,3688.77
C03208,Loyal,Madinah,46888.34,10,4688.83
C03209,Returning,Dammam,66296.34,16,4143.52
C03210,Returning,Riyadh,79608.66,20,3980.43
C03211,Returning,Dammam,79438.41,21,3782.78
C03212,Returning,Jeddah,86711.3,24,3612.97
C03213,New,Abha,78671.88,19,4140.63
C03214,Returning,Khobar,106660.51,27,3950.39
C03215,New,Jeddah,72864.52,21,3469.74
C03216,New,Makkah,47885.53,14,3420.4
C03217,Returning,Khobar,62343.91,21,2968.76
C03218,New,Jeddah,105895.31999999999,25,4235.81
C03219,New,Makkah,75651.51,19,3981.66
C03220,Returning,Dammam,90081.27,27,3336.34
C03221,New,Abha,56140.81,20,2807.04
C03222,Loyal,Makkah,49930.66,18,2773.93
C03223,Returning,Dammam,86112.28,18,4784.02
C03224,Returning,Riyadh,106085.33,24,4420.22
C03225,Loyal,Madinah,53506.38,15,3567.09
C03226,Returning,Madinah,51195.0,12,4266.25
C03227,Loyal,Jeddah,89130.14,24,3713.76
C03228,New,Khobar,53641.75,18,2980.1
C03229,New,Abha,80851.19,23,3515.27
C03230,Loyal,Dammam,37167.92,12,3097.33
C03231,New,Madinah,62423.82,16,3901.49
C03232,New,Khobar,64072.020000000004,20,3203.6
C03233,Returning,Madinah,97514.2,26,3750.55
C03234,Loyal,Makkah,64133.93,17,3772.58
C03235,New,Khobar,48020.49,16,3001.28
C03236,Returning,Madinah,73476.45,20,3673.82
C03237,New,Makkah,93348.58,24,3889.52
C03238,Returning,Makkah,63866.49,19,3361.39
C03239,Loyal,Makkah,58621.43,15,3908.1
C03240,New,Khobar,53883.36,17,3169.61
C03241,New,Khobar,58181.31,21,2770.54
C03242,Loyal,Makkah,76981.65,19,4051.67
C03243,Returning,Dammam,62092.77,14,4435.2
C03244,New,Abha,99685.9,23,4334.17
C03245,Loyal,Abha,79937.1,25,3197.48
C03246,Returning,Jeddah,71759.64,22,3261.8
C03247,Returning,Makkah,79448.87,25,3177.95
C03248,New,Dammam,81825.26,23,3557.62
C03249,Loyal,Dammam,47221.61,16,2951.35
C03250,New,Riyadh,89456.28,25,3578.25
C03251,New,Makkah,69769.06,18,3876.06
C03252,New,Riyadh,55952.47,23,2432.72
C03253,New,Abha,82054.37,19,4318.65
C03254,New,Jeddah,111670.46,25,4466.82
C03255,New,Riyadh,92944.58,24,3872.69
C03256,Returning,Riyadh,77360.17,22,3516.37
C03257,Returning,Abha,68754.53,20,3437.73
C03258,Loyal,Abha,66880.54,18,3715.59
C03259,New,Madinah,69085.5,25,2763.42
C03260,Loyal,Abha,88283.56,31,2847.86
C03261,New,Khobar,140487.35,34,4131.98
C03262,Loyal,Jeddah,70416.69,16,4401.04
C03263,Loyal,Jeddah,63937.6,19,3365.14
C03264,Returning,Madinah,42373.17,14,3026.66
C03265,Loyal,Makkah,70520.1,19,3711.58
C03266,Returning,Riyadh,64795.729999999996,21,3085.51
C03267,Loyal,Dammam,100909.97,25,4036.4
C03268,Returning,Jeddah,91477.8,27,3388.07
C03269,Returning,Khobar,83085.81,22,3776.63
C03270,Returning,Riyadh,55737.88,17,3278.7
C03271,Returning,Riyadh,83228.83,19,4380.46
C03272,Returning,Makkah,59841.65,15,3989.44
C03273,New,Khobar,62031.37,17,3648.9
C03274,Returning,Dammam,82271.16,22,3739.6
C03275,Loyal,Makkah,68422.52,17,4024.85
C03276,New,Riyadh,58598.95,20,2929.95
C03277,Returning,Madinah,32633.14,11,2966.65
C03278,Loyal,Khobar,68704.41,20,3435.22
C03279,Loyal,Khobar,49072.23,16,3067.01
C03280,Returning,Madinah,55687.38,18,3093.74
C03281,Returning,Abha,80205.41,22,3645.7
C03282,Returning,Makkah,81041.5,21,3859.12
C03283,Loyal,Dammam,37307.23,12,3108.94
C03284,Returning,Dammam,65301.3,17,3841.25
C03285,Loyal,Abha,71234.95,22,3237.95
C03286,Returning,Dammam,46858.04,10,4685.8
C03287,Returning,Riyadh,40639.58,12,3386.63
C03288,Returning,Madinah,106272.54,25,4250.9
C03289,Returning,Riyadh,97216.23,24,4050.68
C03290,Returning,Dammam,82877.15,24,3453.21
C03291,New,Dammam,57805.58,15,3853.71
C03292,Loyal,Riyadh,49246.55,21,2345.07
C03293,Returning,Dammam,52552.83,20,2627.64
C03294,Loyal,Makkah,63456.53,24,2644.02
C03295,New,Khobar,119814.37,30,3993.81
C03296,New,Riyadh,57497.28,20,2874.86
C03297,Returning,Jeddah,38152.32,10,3815.23
C03298,Loyal,Makkah,64056.270000000004,22,2911.65
C03299,Loyal,Madinah,94623.48,25,3784.94
C03300,Returning,Khobar,81325.06,21,3872.62
C03301,Loyal,Abha,62996.38,18,3499.8
C03302,Returning,Madinah,64825.28,23,2818.49
C03303,Returning,Riyadh,71900.3,23,3126.1
C03304,Loyal,Madinah,64016.43,22,2909.84
C03305,Returning,Khobar,43966.97,15,2931.13
C03306,Loyal,Khobar,45562.71,19,2398.04
C03307,Returning,Riyadh,107339.6,23,4666.94
C03308,New,Dammam,71450.25,18,3969.46
C03309,Loyal,Dammam,50285.99,14,3591.86
C03310,New,Madinah,80791.06,22,3672.32
C03311,Returning,Jeddah,59026.41,21,2810.78
C03312,Returning,Madinah,82506.7,27,3055.8
C03313,New,Riyadh,92397.27,22,4199.88
C03314,New,Makkah,46777.840000000004,12,3898.15
C03315,New,Madinah,88307.85,24,3679.49
C03316,Loyal,Khobar,82339.68,17,4843.51
C03317,Returning,Riyadh,91613.37,22,4164.24
C03318,Returning,Madinah,106400.96,24,4433.37
C03319,Loyal,Makkah,36131.82,19,1901.67
C03320,Returning,Khobar,102666.9,21,4888.9
C03321,Returning,Madinah,23469.43,12,1955.79
C03322,Returning,Abha,101226.75,28,3615.24
C03323,Loyal,Madinah,55721.38,16,3482.59
C03324,Returning,Makkah,124628.13,27,4615.86
C03325,Loyal,Jeddah,94058.93,21,4479.0
C03326,Returning,Riyadh,45805.36,16,2862.84
C03327,Loyal,Jeddah,56580.21,14,4041.44
C03328,Returning,Madinah,55009.04,13,4231.46
C03329,Returning,Khobar,88838.89,27,3290.33
C03330,Returning,Dammam,83851.14,21,3992.91
C03331,New,Madinah,88472.54000000001,20,4423.63
C03332,New,Jeddah,113751.85,36,3159.77
C03333,Loyal,Khobar,73777.35,20,3688.87
C03334,Returning,Jeddah,55731.15,20,2786.56
C03335,Returning,Jeddah,100263.54,28,3580.84
C03336,Loyal,Dammam,83868.12,26,3225.7
C03337,Returning,Makkah,73978.08,21,3522.77
C03338,Returning,Jeddah,59900.060000000005,19,3152.63
C03339,New,Khobar,66824.47,26,2570.17
C03340,Returning,Abha,91046.28,23,3958.53
C03341,Returning,Dammam,66840.62,15,4456.04
C03342,New,Jeddah,78907.2,18,4383.73
C03343,Returning,Makkah,78669.27,19,4140.49
C03344,Returning,Makkah,104347.13,26,4013.35
C03345,New,Dammam,92872.95,24,3869.71
C03346,Loyal,Dammam,55890.600000000006,16,3493.16
C03347,New,Jeddah,67428.27,15,4495.22
C03348,Loyal,Madinah,52004.28,19,2737.07
C03349,Returning,Makkah,68229.24,19,3591.01
C03350,Returning,Abha,79160.51,28,2827.16
C03351,Returning,Jeddah,69796.11,27,2585.04
C03352,Returning,Abha,91698.98,25,3667.96
C03353,Loyal,Khobar,90701.34,25,3628.05
C03354,New,Abha,117467.88,30,3915.6
C03355,Loyal,Abha,45826.43,19,2411.92
C03356,Loyal,Khobar,97641.95999999999,25,3905.68
C03357,New,Dammam,52480.93,19,2762.15
C03358,Loyal,Jeddah,57943.119999999995,16,3621.44
C03359,Returning,Abha,86048.47,17,5061.67
C03360,Returning,Dammam,62071.62,18,3448.42
C03361,New,Dammam,114016.6,33,3455.05
C03362,Returning,Madinah,68129.53,20,3406.48
C03363,New,Jeddah,79869.06,22,3630.41
C03364,Returning,Madinah,67234.63,18,3735.26
C03365,Loyal,Madinah,56785.65,20,2839.28
C03366,Returning,Riyadh,86696.02,22,3940.73
C03367,Returning,Riyadh,58149.840000000004,10,5814.98
C03368,Returning,Jeddah,59889.62,21,2851.89
C03369,Returning,Makkah,53091.37,22,2413.24
C03370,New,Madinah,80760.4,22,3670.93
C03371,New,Jeddah,82952.06,23,3606.61
C03372,Returning,Riyadh,103477.62,29,3568.19
C03373,New,Abha,61187.979999999996,15,4079.2
C03374,New,Madinah,65034.31,21,3096.87
C03375,Returning,Makkah,62970.92,15,4198.06
C03376,Returning,Jeddah,73263.7,24,3052.65
C03377,Returning,Riyadh,54857.96,20,2742.9
C03378,Returning,Abha,57586.5,21,2742.21
C03379,Returning,Makkah,70679.91,19,3720.0
C03380,New,Dammam,81320.3,23,3535.67
C03381,Returning,Jeddah,65536.12,17,3855.07
C03382,New,Makkah,52007.29,19,2737.23
C03383,Loyal,Makkah,52540.130000000005,14,3752.87
C03384,Returning,Jeddah,67933.81,19,3575.46
C03385,New,Jeddah,55418.54,17,3259.91
C03386,Loyal,Khobar,38670.29,17,2274.72
C03387,Returning,Khobar,108470.3,32,3389.7
C03388,New,Jeddah,66167.99,17,3892.23
C03389,Loyal,Jeddah,98062.57,24,4085.94
C03390,Loyal,Riyadh,94824.51,26,3647.1
C03391,New,Dammam,89118.84,23,3874.73
C03392,Returning,Khobar,63452.22,15,4230.15
C03393,New,Dammam,53565.22,16,3347.83
C03394,New,Abha,75358.53,23,3276.46
C03395,Returning,Khobar,111055.02,33,3365.3
C03396,Returning,Dammam,61522.25,18,3417.9
C03397,Returning,Jeddah,84974.91,25,3399.0
C03398,New,Abha,98687.25,25,3947.49
C03399,Returning,Abha,56213.79,18,3122.99
C03400,New,Abha,57429.57,15,3828.64
C03401,Loyal,Madinah,60629.32,16,3789.33
C03402,Loyal,Jeddah,51323.479999999996,17,3019.03
C03403,Returning,Jeddah,71068.19,20,3553.41
C03404,Returning,Khobar,56438.23,15,3762.55
C03405,Returning,Riyadh,120714.68,28,4311.24
C03406,Returning,Khobar,91970.08,26,3537.31
C03407,Loyal,Dammam,80922.48,22,3678.29
C03408,New,Makkah,36081.369999999995,11,3280.12
C03409,Returning,Khobar,76635.12,17,4507.95
C03410,Loyal,Jeddah,48892.08,16,3055.76
C03411,Returning,Madinah,74238.4,17,4366.96
C03412,New,Dammam,81156.3,26,3121.4
C03413,Returning,Dammam,84980.68,25,3399.23
C03414,Loyal,Makkah,64289.24,18,3571.62
C03415,Returning,Dammam,55596.68,20,2779.83
C03416,Returning,Abha,76721.39,23,3335.71
C03417,Returning,Makkah,49067.56,17,2886.33
C03418,Returning,Makkah,102163.22,28,3648.69
C03419,New,Khobar,83594.83,21,3980.71
C03420,New,Dammam,84375.19,24,3515.63
C03421,New,Makkah,71339.22,21,3397.11
C03422,Returning,Makkah,103469.95999999999,26,3979.61
C03423,Loyal,Makkah,76556.95,19,4029.31
C03424,Loyal,Makkah,80018.64,18,4445.48
C03425,Loyal,Riyadh,97588.42,25,3903.54
C03426,Loyal,Abha,54277.409999999996,16,3392.34
C03427,Loyal,Dammam,102528.59,30,3417.62
C03428,Loyal,Abha,83065.06,23,3611.52
C03429,Returning,Madinah,75468.42,20,3773.42
C03430,Returning,Madinah,47131.35,21,2244.35
C03431,New,Khobar,76972.77,23,3346.64
C03432,Loyal,Madinah,57361.19,17,3374.19
C03433,New,Abha,67957.56,20,3397.88
C03434,Loyal,Makkah,46921.32,19,2469.54
C03435,Returning,Jeddah,90549.53,22,4115.89
C03436,Returning,Madinah,69720.92,19,3669.52
C03437,Returning,Riyadh,48856.83,12,4071.4
C03438,Loyal,Riyadh,52704.46,23,2291.5
C03439,Returning,Dammam,41050.590000000004,17,2414.74
C03440,Loyal,Khobar,40135.29,17,2360.9
C03441,Returning,Madinah,58950.74,21,2807.18
C03442,Returning,Madinah,52306.87,19,2752.99
C03443,Returning,Dammam,50132.94,19,2638.58
C03444,New,Riyadh,88483.86,26,3403.23
C03445,Returning,Makkah,101295.54000000001,22,4604.34
C03446,Returning,Jeddah,106233.57,21,5058.74
C03447,Loyal,Jeddah,35717.95,10,3571.79
C03448,Returning,Dammam,87497.72,21,4166.56
C03449,Loyal,Dammam,46371.89,19,2440.63
C03450,Returning,Riyadh,58271.86,20,2913.59
C03451,New,Abha,102756.20999999999,29,3543.32
C03452,Returning,Riyadh,32367.74,9,3596.42
C03453,Returning,Madinah,75737.06,23,3292.92
C03454,Returning,Riyadh,66876.39,23,2907.67
C03455,Returning,Makkah,59194.03,16,3699.63
C03456,Returning,Khobar,58927.68,16,3682.98
C03457,New,Khobar,63493.65,20,3174.68
C03458,Returning,Makkah,80947.94,26,3113.38
C03459,Returning,Makkah,65856.83,19,3466.15
C03460,New,Khobar,87663.8,23,3811.47
C03461,Returning,Riyadh,53479.95,17,3145.88
C03462,Returning,Jeddah,64118.55,14,4579.9
C03463,Returning,Abha,43157.14,11,3923.38
C03464,Returning,Dammam,93823.05,22,4264.68
C03465,Loyal,Khobar,57724.08,15,3848.27
C03466,New,Dammam,64478.78,14,4605.63
C03467,Returning,Makkah,81758.19,23,3554.7
C03468,Loyal,Riyadh,59983.7,24,2499.32
C03469,New,Dammam,95175.51,27,3525.02
C03470,Loyal,Dammam,89205.73,20,4460.29
C03471,Returning,Makkah,92180.54000000001,26,3545.41
C03472,Returning,Abha,93036.52,30,3101.22
C03473,New,Jeddah,55945.45,18,3108.08
C03474,New,Dammam,30681.82,13,2360.14
C03475,New,Makkah,68989.82,16,4311.86
C03476,Loyal,Dammam,56163.979999999996,11,5105.82
C03477,Loyal,Jeddah,83867.84,19,4414.1
C03478,New,Makkah,44847.700000000004,16,2802.98
C03479,New,Riyadh,71404.06,22,3245.64
C03480,Returning,Makkah,71171.42,21,3389.12
C03481,Returning,Jeddah,80954.38,24,3373.1
C03482,Returning,Madinah,77974.51,22,3544.3
C03483,Returning,Khobar,66094.75,19,3478.67
C03484,Returning,Abha,88536.93,22,4024.41
C03485,New,Abha,97290.31,23,4230.01
C03486,Loyal,Makkah,23469.39,10,2346.94
C03487,Loyal,Dammam,79873.66,26,3072.06
C03488,Returning,Makkah,44275.119999999995,14,3162.51
C03489,Returning,Madinah,79763.1,21,3798.24
C03490,Returning,Dammam,65350.35,17,3844.14
C03491,New,Riyadh,46543.94,13,3580.3
C03492,New,Khobar,54437.14,21,2592.24
C03493,New,Khobar,72699.15,19,3826.27
C03494,Returning,Jeddah,82521.70999999999,18,4584.54
C03495,Returning,Khobar,90975.74,27,3369.47
C03496,New,Abha,52172.61,20,2608.63
C03497,Loyal,Khobar,81251.68,28,2901.85
C03498,Loyal,Dammam,67081.31999999999,15,4472.09
C03499,New,Dammam,107334.32,26,4128.24
C03500,New,Riyadh,82900.73,19,4363.2
C03501,Returning,Abha,99017.13,28,3536.33
C03502,Loyal,Riyadh,72960.70999999999,20,3648.04
C03503,Returning,Khobar,60469.51,17,3557.03
C03504,Loyal,Khobar,97023.23,25,3880.93
C03505,Loyal,Madinah,84495.89,22,3840.72
C03506,Returning,Madinah,50161.69,16,3135.11
C03507,New,Riyadh,85755.59,21,4083.6
C03508,Returning,Makkah,66313.84,18,3684.1
C03509,New,Jeddah,51643.07,19,2718.06
C03510,New,Madinah,55309.21,15,3687.28
C03511,Returning,Khobar,77365.87,25,3094.63
C03512,Loyal,Abha,35155.03,13,2704.23
C03513,New,Jeddah,77495.77,21,3690.27
C03514,Returning,Khobar,62424.83,21,2972.61
C03515,Returning,Dammam,80234.72,21,3820.7
C03516,New,Riyadh,50789.88,19,2673.15
C03517,New,Khobar,81235.37,21,3868.35
C03518,Returning,Riyadh,126251.64,26,4855.83
C03519,Returning,Riyadh,64247.200000000004,20,3212.36
C03520,Returning,Madinah,56237.71,20,2811.89
C03521,Returning,Abha,80884.18,22,3676.55
C03522,Returning,Dammam,76500.19,26,2942.32
C03523,Returning,Madinah,120235.43,32,3757.36
C03524,Loyal,Khobar,75052.86,17,4414.87
C03525,Returning,Dammam,64055.21,20,3202.76
C03526,Loyal,Makkah,57951.69,18,3219.54
C03527,New,Riyadh,23290.3,15,1552.69
C03528,New,Madinah,53512.0,17,3147.76
C03529,Returning,Jeddah,72776.87,20,3638.84
C03530,New,Khobar,74662.83,21,3555.37
C03531,Returning,Jeddah,110994.43,22,5045.2
C03532,Returning,Madinah,80850.64,21,3850.03
C03533,New,Makkah,100761.54,24,4198.4
C03534,New,Jeddah,49198.11,19,2589.37
C03535,Returning,Khobar,57411.92,14,4100.85
C03536,Returning,Madinah,85467.88,21,4069.9
C03537,New,Makkah,47999.62,15,3199.97
C03538,New,Makkah,77770.19,23,3381.31
C03539,Returning,Riyadh,55086.48,18,3060.36
C03540,Returning,Riyadh,72877.79,23,3168.6
C03541,Returning,Riyadh,87055.32,23,3785.01
C03542,Returning,Jeddah,62254.06,18,3458.56
C03543,Returning,Dammam,62836.54,18,3490.92
C03544,Loyal,Abha,94613.7,22,4300.62
C03545,Loyal,Abha,41845.75,13,3218.9
C03546,Returning,Madinah,52432.6,18,2912.92
C03547,New,Madinah,73219.48,19,3853.66
C03548,Loyal,Makkah,120518.95999999999,34,3544.68
C03549,New,Abha,77962.46,30,2598.75
C03550,New,Abha,56438.04,17,3319.88
C03551,Returning,Jeddah,71951.62,25,2878.06
C03552,New,Dammam,59032.48,17,3472.5
C03553,Returning,Dammam,99617.45999999999,20,4980.87
C03554,Returning,Dammam,75548.03,21,3597.53
C03555,Returning,Makkah,51972.58,23,2259.68
C03556,Returning,Abha,60037.79,19,3159.88
C03557,Loyal,Makkah,58795.98,21,2799.81
C03558,Loyal,Makkah,73856.55,20,3692.83
C03559,New,Khobar,84708.42,23,3682.97
C03560,Returning,Khobar,76628.21,23,3331.66
C03561,Returning,Makkah,68889.29,21,3280.44
C03562,New,Dammam,78083.84,25,3123.35
C03563,Loyal,Riyadh,104191.3,33,3157.31
C03564,Returning,Madinah,117043.97,24,4876.83
C03565,Returning,Dammam,91420.18000000001,25,3656.81
C03566,New,Makkah,66845.68,22,3038.44
C03567,Loyal,Dammam,102695.37,27,3803.53
C03568,Loyal,Riyadh,33161.41,14,2368.67
C03569,Returning,Riyadh,67079.67,16,4192.48
C03570,Returning,Riyadh,64403.3,19,3389.65
C03571,Loyal,Makkah,44765.65,12,3730.47
C03572,New,Dammam,65488.92,22,2976.77
C03573,Returning,Abha,79327.72,19,4175.14
C03574,New,Dammam,50424.07,18,2801.34
C03575,Loyal,Makkah,87779.18000000001,27,3251.08
C03576,New,Abha,77480.95999999999,19,4077.95
C03577,New,Dammam,72379.8,20,3618.99
C03578,New,Jeddah,122312.84,30,4077.09
C03579,Returning,Madinah,56961.79,16,3560.11
C03580,Returning,Madinah,32412.61,9,3601.4
C03581,Loyal,Abha,82340.36,25,3293.61
C03582,Returning,Dammam,29975.08,12,2497.92
C03583,New,Jeddah,87804.66,26,3377.1
C03584,Loyal,Riyadh,90814.32,27,3363.49
C03585,Returning,Abha,91444.35,20,4572.22
C03586,Returning,Dammam,77375.46,22,3517.07
C03587,Loyal,Abha,72817.20999999999,21,3467.49
C03588,Returning,Makkah,104439.07,25,4177.56
C03589,New,Madinah,94486.65,24,3936.94
C03590,Returning,Dammam,92408.34,22,4200.38
C03591,Returning,Makkah,86827.42,22,3946.7
C03592,Returning,Abha,117700.81,27,4359.29
C03593,Loyal,Abha,116598.6,28,4164.24
C03594,New,Dammam,97827.04,26,3762.58
C03595,New,Madinah,80662.41,26,3102.4
C03596,New,Khobar,56668.85,19,2982.57
C03597,Loyal,Madinah,47012.32,17,2765.43
C03598,Returning,Dammam,94398.17,23,4104.27
C03599,Loyal,Madinah,66706.14,17,3923.89
C03600,Loyal,Makkah,87223.34,20,4361.17
C03601,Loyal,Riyadh,59857.979999999996,22,2720.82
C03602,New,Makkah,58854.66,19,3097.61
C03603,New,Abha,66319.69,20,3315.98
C03604,New,Makkah,46890.619999999995,17,2758.27
C03605,Loyal,Madinah,69661.97,23,3028.78
C03606,Loyal,Dammam,119507.81,29,4120.96
C03607,Returning,Abha,50627.67,17,2978.1
C03608,Returning,Dammam,41876.15,11,3806.92
C03609,Returning,Jeddah,61372.57,17,3610.15
C03610,Returning,Khobar,88672.29000000001,24,3694.68
C03611,Returning,Dammam,48869.38,16,3054.34
C03612,Returning,Dammam,73477.64,19,3867.24
C03613,New,Makkah,41195.020000000004,17,2423.24
C03614,Returning,Abha,56640.72,19,2981.09
C03615,Loyal,Abha,89745.52,24,3739.4
C03616,Loyal,Madinah,55874.3,19,2940.75
C03617,Returning,Abha,47128.1,18,2618.23
C03618,Returning,Jeddah,62671.6,13,4820.89
C03619,Returning,Khobar,66150.9,20,3307.54
C03620,Loyal,Khobar,49808.35,17,2929.9
C03621,New,Madinah,126018.13,27,4667.34
C03622,New,Abha,69073.3,16,4317.08
C03623,Returning,Abha,25507.04,12,2125.59
C03624,Returning,Khobar,76562.23,14,5468.73
C03625,Loyal,Abha,66120.86,19,3480.05
C03626,Loyal,Khobar,69437.56,19,3654.61
C03627,Returning,Abha,71934.18000000001,17,4231.42
C03628,New,Abha,61149.06,20,3057.45
C03629,New,Riyadh,48025.93,12,4002.16
C03630,New,Jeddah,47878.81,18,2659.93
C03631,Returning,Dammam,43447.94,15,2896.53
C03632,Returning,Khobar,51028.159999999996,13,3925.24
C03633,Loyal,Khobar,83379.56,23,3625.2
C03634,Loyal,Makkah,84498.69,26,3249.95
C03635,Returning,Dammam,48733.34,20,2436.67
C03636,New,Riyadh,58199.52,19,3063.13
C03637,Loyal,Abha,77988.64,21,3713.74
C03638,Loyal,Riyadh,75674.34,25,3026.97
C03639,Returning,Makkah,86322.11,18,4795.67
C03640,New,Riyadh,69409.59,18,3856.09
C03641,Returning,Dammam,49308.98,13,3793.0
C03642,Returning,Madinah,66910.47,21,3186.21
C03643,New,Riyadh,51161.77,17,3009.52
C03644,Returning,Khobar,73009.69,19,3842.62
C03645,Loyal,Dammam,91595.66,27,3392.43
C03646,Returning,Jeddah,77072.22,22,3503.28
C03647,Returning,Abha,65143.240000000005,14,4653.09
C03648,Returning,Dammam,49765.68,16,3110.36
C03649,Returning,Riyadh,51874.79,16,3242.17
C03650,New,Makkah,77612.95,17,4565.47
C03651,Returning,Riyadh,54174.04,18,3009.67
C03652,Returning,Khobar,64320.35,16,4020.02
C03653,Loyal,Khobar,42913.63,14,3065.26
C03654,New,Khobar,82652.75,23,3593.6
C03655,New,Dammam,76613.79,25,3064.55
C03656,New,Riyadh,65632.74,17,3860.75
C03657,Returning,Makkah,100687.27,24,4195.3
C03658,Loyal,Dammam,48354.46,15,3223.63
C03659,New,Madinah,54272.020000000004,15,3618.13
C03660,Returning,Riyadh,62964.12,16,3935.26
C03661,Returning,Madinah,83289.25,23,3621.27
C03662,New,Jeddah,68914.94,21,3281.66
C03663,Loyal,Madinah,45121.39,15,3008.09
C03664,Returning,Abha,50351.35,13,3873.18
C03665,New,Makkah,68625.17,18,3812.51
C03666,Returning,Makkah,73494.17,16,4593.39
C03667,Returning,Abha,105390.39,21,5018.59
C03668,New,Makkah,57736.329999999994,22,2624.38
C03669,Loyal,Abha,59654.270000000004,16,3728.39
C03670,Loyal,Riyadh,96112.51,20,4805.63
C03671,Returning,Jeddah,56480.13,19,2972.64
C03672,Returning,Jeddah,75584.55,22,3435.66
C03673,Returning,Dammam,99834.2,25,3993.37
C03674,New,Khobar,82258.73,19,4329.41
C03675,Loyal,Madinah,115351.64,32,3604.74
C03676,Returning,Jeddah,55804.200000000004,19,2937.06
C03677,Loyal,Abha,80986.96,24,3374.46
C03678,Returning,Riyadh,47607.47,14,3400.53
C03679,New,Khobar,146209.55,38,3847.62
C03680,New,Riyadh,62753.81,24,2614.74
C03681,New,Jeddah,57923.79,18,3217.99
C03682,Returning,Abha,77768.47,25,3110.74
C03683,New,Khobar,59498.81,13,4576.83
C03684,Returning,Khobar,53022.159999999996,15,3534.81
C03685,New,Jeddah,54683.44,18,3037.97
C03686,Returning,Khobar,35166.24,12,2930.52
C03687,Returning,Dammam,72921.48999999999,18,4051.19
C03688,New,Jeddah,82160.73,17,4832.98
C03689,Returning,Khobar,83440.25,24,3476.68
C03690,Returning,Jeddah,93011.46,28,3321.84
C03691,New,Jeddah,55823.049999999996,14,3987.36
C03692,Returning,Makkah,90291.09,22,4104.14
C03693,Returning,Khobar,76516.67,22,3478.03
C03694,Returning,Madinah,116109.89,27,4300.37
C03695,Loyal,Abha,56564.24,16,3535.26
C03696,Loyal,Khobar,67913.77,20,3395.69
C03697,Returning,Khobar,83388.7,22,3790.4
C03698,Returning,Khobar,65208.01,26,2508.0
C03699,Loyal,Jeddah,64939.62,20,3246.98
C03700,Returning,Jeddah,62020.09,20,3101.0
C03701,New,Madinah,90063.36,27,3335.68
C03702,New,Jeddah,46536.979999999996,17,2737.47
C03703,New,Jeddah,89278.47,26,3433.79
C03704,Loyal,Khobar,63239.83,21,3011.42
C03705,Loyal,Abha,74244.66,20,3712.23
C03706,Returning,Khobar,85502.87,23,3717.52
C03707,Loyal,Makkah,41251.29,20,2062.56
C03708,New,Riyadh,75092.4,24,3128.85
C03709,Returning,Dammam,75854.43,23,3298.02
C03710,Returning,Riyadh,79958.51,24,3331.6
C03711,Returning,Dammam,78592.01,23,3417.04
C03712,Loyal,Makkah,54012.12,13,4154.78
C03713,Returning,Khobar,27886.66,14,1991.9
C03714,Loyal,Abha,85011.62,22,3864.16
C03715,New,Khobar,60827.37,24,2534.47
C03716,New,Makkah,46355.44,13,3565.8
C03717,Loyal,Makkah,47745.88,16,2984.12
C03718,Returning,Riyadh,65856.49,23,2863.33
C03719,Returning,Abha,85614.36,23,3722.36
C03720,Returning,Abha,78546.01,20,3927.3
C03721,Loyal,Abha,95565.16,26,3675.58
C03722,New,Riyadh,58752.69,17,3456.04
C03723,New,Makkah,98254.77,22,4466.13
C03724,New,Dammam,51364.94,13,3951.15
C03725,New,Abha,62039.68,19,3265.25
C03726,Returning,Dammam,29457.79,11,2677.98
C03727,Returning,Makkah,67208.68000000001,18,3733.82
C03728,Returning,Jeddah,83881.23,23,3647.01
C03729,Loyal,Riyadh,55164.44,18,3064.69
C03730,Loyal,Dammam,104257.92,26,4009.92
C03731,Loyal,Madinah,59228.9,16,3701.81
C03732,Returning,Madinah,96070.5,23,4176.98
C03733,New,Khobar,48374.77,15,3224.98
C03734,Returning,Abha,49352.92,19,2597.52
C03735,Loyal,Jeddah,59123.91,17,3477.88
C03736,Returning,Madinah,40927.81,17,2407.52
C03737,Loyal,Dammam,74699.19,18,4149.96
C03738,Returning,Makkah,75059.0,19,3950.47
C03739,New,Madinah,71983.1,18,3999.06
C03740,Returning,Dammam,87190.47,21,4151.93
C03741,Returning,Abha,85784.05,26,3299.39
C03742,Returning,Abha,49736.38,14,3552.6
C03743,Loyal,Makkah,85221.78,22,3873.72
C03744,New,Makkah,98742.77,24,4114.28
C03745,Returning,Makkah,47706.26,15,3180.42
C03746,New,Jeddah,113659.3,26,4371.51
C03747,Returning,Dammam,84389.18000000001,25,3375.57
C03748,Returning,Khobar,50601.15,15,3373.41
C03749,Loyal,Abha,77559.18,23,3372.14
C03750,New,Jeddah,61293.98,20,3064.7
C03751,New,Khobar,91279.79,24,3803.32
C03752,New,Madinah,62359.9,19,3282.1
C03753,New,Jeddah,71629.19,18,3979.4
C03754,New,Dammam,77414.94,21,3686.43
C03755,Loyal,Khobar,78678.45,18,4371.02
C03756,Returning,Makkah,96280.24,25,3851.21
C03757,New,Dammam,74989.86,25,2999.59
C03758,Returning,Dammam,72690.51,20,3634.53
C03759,New,Madinah,55938.409999999996,19,2944.13
C03760,New,Makkah,77538.08,24,3230.75
C03761,Loyal,Dammam,78003.22,19,4105.43
C03762,New,Madinah,81767.6,24,3406.98
C03763,Returning,Makkah,56256.83,20,2812.84
C03764,Loyal,Dammam,47097.799999999996,17,2770.46
C03765,New,Khobar,92403.33,25,3696.13
C03766,New,Madinah,44115.090000000004,15,2941.01
C03767,Loyal,Makkah,86473.74,20,4323.69
C03768,Returning,Makkah,108940.51,27,4034.83
C03769,Loyal,Dammam,61945.83,17,3643.87
C03770,Loyal,Dammam,57261.81,20,2863.09
C03771,Returning,Dammam,74704.15,24,3112.67
C03772,Loyal,Dammam,57050.85,16,3565.68
C03773,New,Dammam,49502.69,15,3300.18
C03774,Returning,Makkah,55192.85,17,3246.64
C03775,Returning,Madinah,63737.48,19,3354.6
C03776,Returning,Riyadh,67380.32,17,3963.55
C03777,Returning,Abha,67248.59,15,4483.24
C03778,Returning,Dammam,77465.35,21,3688.83
C03779,Returning,Jeddah,68852.66,17,4050.16
C03780,Returning,Jeddah,42694.66,13,3284.2
C03781,New,Madinah,78203.18000000001,26,3007.81
C03782,New,Khobar,75745.26000000001,21,3606.92
C03783,Returning,Abha,72533.45999999999,22,3296.98
C03784,Loyal,Jeddah,108411.39,32,3387.86
C03785,Loyal,Makkah,88327.64,25,3533.11
C03786,Returning,Riyadh,61429.05,15,4095.27
C03787,Returning,Riyadh,80690.97,21,3842.43
C03788,Returning,Jeddah,82073.78,24,3419.74
C03789,Returning,Abha,89706.76,22,4077.58
C03790,Returning,Dammam,59633.409999999996,18,3312.97
C03791,Loyal,Madinah,122221.18,29,4214.52
C03792,Returning,Abha,76020.65,21,3620.03
C03793,Returning,Dammam,72152.16,19,3797.48
C03794,New,Jeddah,98338.84999999999,27,3642.18
C03795,Returning,Jeddah,66328.09,20,3316.4
C03796,New,Madinah,75769.16,17,4457.01
C03797,Returning,Khobar,63572.0,19,3345.89
C03798,Returning,Abha,106891.25,26,4111.2
C03799,New,Makkah,46737.58,19,2459.87
C03800,Loyal,Makkah,69241.59,16,4327.6
C03801,New,Riyadh,123183.06,26,4737.81
C03802,New,Jeddah,57929.57,22,2633.16
C03803,Loyal,Jeddah,47328.64,16,2958.04
C03804,Loyal,Abha,89094.55,25,3563.78
C03805,Returning,Madinah,70191.08,20,3509.55
C03806,New,Khobar,29167.85,13,2243.68
C03807,Returning,Madinah,124278.54000000001,26,4779.94
C03808,Returning,Khobar,43584.61,12,3632.05
C03809,Loyal,Makkah,59660.07,19,3140.0
C03810,New,Madinah,86231.58,24,3592.98
C03811,New,Jeddah,58340.55,21,2778.12
C03812,Returning,Jeddah,58392.24,14,4170.87
C03813,New,Abha,58083.53,19,3057.03
C03814,Loyal,Jeddah,71707.88,21,3414.66
C03815,Returning,Dammam,50254.05,14,3589.58
C03816,Returning,Jeddah,80216.81,19,4221.94
C03817,Returning,Khobar,57121.0,17,3360.06
C03818,Returning,Abha,87593.16,20,4379.66
C03819,Loyal,Jeddah,51353.340000000004,18,2852.96
C03820,Returning,Makkah,83593.97,20,4179.7
C03821,New,Makkah,96819.31,27,3585.9
C03822,New,Makkah,90923.6,24,3788.48
C03823,New,Abha,42981.97,15,2865.46
C03824,New,Dammam,67766.14,16,4235.38
C03825,Loyal,Madinah,71854.18,24,2993.92
C03826,Loyal,Dammam,55639.68,13,4279.98
C03827,Returning,Riyadh,70479.43,18,3915.52
C03828,New,Makkah,55980.42,17,3292.97
C03829,Returning,Makkah,86870.9,22,3948.68
C03830,New,Dammam,89116.28,20,4455.81
C03831,Loyal,Makkah,57664.229999999996,20,2883.21
C03832,Returning,Dammam,102790.05,28,3671.07
C03833,New,Jeddah,58694.51,14,4192.46
C03834,Returning,Makkah,99053.94,23,4306.69
C03835,Returning,Madinah,44219.51,15,2947.97
C03836,New,Madinah,86235.14,22,3919.78
C03837,Returning,Abha,61796.34,14,4414.02
C03838,Loyal,Khobar,62333.96,16,3895.87
C03839,Returning,Makkah,68119.2,22,3096.33
C03840,Returning,Riyadh,71668.79000000001,22,3257.67
C03841,Returning,Makkah,56787.479999999996,21,2704.17
C03842,New,Makkah,49490.92,16,3093.18
C03843,New,Khobar,81055.32,25,3242.21
C03844,New,Abha,38473.020000000004,14,2748.07
C03845,Returning,Madinah,47611.77,16,2975.74
C03846,New,Madinah,46734.53,16,2920.91
C03847,Returning,Khobar,110461.27,29,3809.01
C03848,New,Dammam,36121.75,14,2580.12
C03849,New,Makkah,47629.85,14,3402.13
C03850,Returning,Dammam,80337.7,26,3089.91
C03851,Returning,Madinah,63170.57,21,3008.12
C03852,Loyal,Abha,29533.82,14,2109.56
C03853,Returning,Riyadh,73173.35,20,3658.67
C03854,Loyal,Dammam,34958.31,11,3178.03
C03855,Returning,Madinah,78879.35,18,4382.19
C03856,Returning,Makkah,80425.86,23,3496.78
C03857,Loyal,Dammam,78761.21,25,3150.45
C03858,New,Dammam,74551.36,22,3388.7
C03859,Loyal,Madinah,73304.15,24,3054.34
C03860,Returning,Abha,70727.62,22,3214.89
C03861,Returning,Jeddah,53016.36,17,3118.61
C03862,Returning,Dammam,71608.91,21,3409.95
C03863,Returning,Jeddah,65424.21,15,4361.61
C03864,Returning,Riyadh,65932.12,22,2996.91
C03865,Returning,Madinah,70835.57,21,3373.12
C03866,Returning,Jeddah,72361.68000000001,21,3445.79
C03867,Returning,Khobar,70825.76,24,2951.07
C03868,Returning,Makkah,70860.29,20,3543.01
C03869,Returning,Dammam,130220.94,31,4200.68
C03870,Returning,Jeddah,87787.56999999999,25,3511.5
C03871,Returning,Khobar,89813.45999999999,22,4082.43
C03872,Loyal,Khobar,91250.81,26,3509.65
C03873,Loyal,Madinah,105297.15,21,5014.15
C03874,New,Khobar,125775.04000000001,27,4658.33
C03875,Loyal,Khobar,69097.3,22,3140.79
C03876,Returning,Riyadh,75760.34999999999,23,3293.93
C03877,Loyal,Madinah,91190.96,22,4145.04
C03878,Loyal,Khobar,61782.659999999996,17,3634.27
C03879,New,Dammam,57371.71,19,3019.56
C03880,Loyal,Madinah,52710.65,18,2928.37
C03881,Returning,Abha,62299.85,13,4792.3
C03882,New,Riyadh,84671.94,23,3681.39
C03883,New,Makkah,80640.47,19,4244.24
C03884,Loyal,Riyadh,57512.49,16,3594.53
C03885,Loyal,Makkah,78192.41,23,3399.67
C03886,Returning,Jeddah,54949.45,10,5494.94
C03887,New,Makkah,67612.88,21,3219.66
C03888,Loyal,Abha,83416.48,26,3208.33
C03889,Loyal,Dammam,64037.78,14,4574.13
C03890,Returning,Makkah,82218.03,17,4836.35
C03891,New,Makkah,75035.56,24,3126.48
C03892,Loyal,Madinah,131960.81,33,3998.81
C03893,Loyal,Dammam,57986.17,18,3221.45
C03894,New,Makkah,69750.38,17,4102.96
C03895,Returning,Madinah,98502.17,23,4282.7
C03896,Loyal,Abha,96038.59,24,4001.61
C03897,Loyal,Khobar,21476.9,10,2147.69
C03898,New,Khobar,54559.97,21,2598.09
C03899,Returning,Dammam,120535.11,30,4017.84
C03900,New,Khobar,115943.35,29,3998.05
C03901,Loyal,Riyadh,69581.03,21,3313.38
C03902,Loyal,Jeddah,124082.01,24,5170.08
C03903,Returning,Jeddah,67200.44,19,3536.87
C03904,New,Khobar,79471.92,16,4967.0
C03905,Loyal,Khobar,57817.21,19,3043.01
C03906,New,Makkah,66718.69,16,4169.92
C03907,Returning,Abha,65824.0,22,2992.0
C03908,Returning,Makkah,88444.75,21,4211.65
C03909,Returning,Makkah,86782.95,21,4132.52
C03910,Loyal,Madinah,74537.95999999999,16,4658.62
C03911,Loyal,Khobar,74104.26,18,4116.9
C03912,Returning,Jeddah,81844.42,23,3558.45
C03913,Loyal,Khobar,72016.65,18,4000.92
C03914,New,Dammam,65528.91,22,2978.59
C03915,Returning,Abha,45903.82,16,2868.99
C03916,New,Madinah,57555.32,19,3029.23
C03917,Returning,Dammam,76639.98,20,3832.0
C03918,Returning,Abha,82823.47,19,4359.13
C03919,New,Khobar,54554.22,21,2597.82
C03920,Returning,Abha,59152.69,17,3479.57
C03921,Loyal,Madinah,102281.96,22,4649.18
C03922,New,Makkah,99537.96,22,4524.45
C03923,Returning,Khobar,62547.46,18,3474.86
C03924,Returning,Jeddah,89693.32,20,4484.67
C03925,Returning,Madinah,99898.34,30,3329.94
C03926,Loyal,Riyadh,24391.17,8,3048.9
C03927,Returning,Dammam,45404.729999999996,14,3243.2
C03928,Returning,Dammam,94015.96,21,4476.95
C03929,New,Khobar,63111.4,19,3321.65
C03930,Returning,Makkah,82398.52,31,2658.02
C03931,New,Riyadh,47583.33,18,2643.52
C03932,Returning,Khobar,55196.44,20,2759.82
C03933,Returning,Madinah,70609.83,20,3530.49
C03934,New,Jeddah,55610.95,15,3707.4
C03935,New,Abha,103439.09,33,3134.52
C03936,Returning,Riyadh,68810.93,17,4047.7
C03937,Returning,Makkah,44573.76,14,3183.84
C03938,Returning,Riyadh,95974.98,19,5051.31
C03939,New,Riyadh,72335.82,22,3287.99
C03940,Loyal,Dammam,56218.450000000004,22,2555.38
C03941,New,Riyadh,106642.5,21,5078.21
C03942,Returning,Dammam,52950.0,15,3530.0
C03943,Loyal,Madinah,91664.74,24,3819.36
C03944,Returning,Khobar,67242.52,23,2923.59
C03945,New,Makkah,83048.56,18,4613.81
C03946,Loyal,Khobar,88066.63,20,4403.33
C03947,Returning,Makkah,73599.52,17,4329.38
C03948,Returning,Dammam,72423.61,19,3811.77
C03949,Returning,Abha,109838.33,28,3922.8
C03950,Returning,Abha,65018.95,23,2826.91
C03951,New,Riyadh,39220.31,16,2451.27
C03952,New,Khobar,73473.95,18,4081.89
C03953,Returning,Dammam,64556.85,19,3397.73
C03954,Returning,Dammam,76245.86,20,3812.29
C03955,Returning,Abha,70614.74,16,4413.42
C03956,Returning,Dammam,45460.05,12,3788.34
C03957,Loyal,Abha,43221.03,16,2701.31
C03958,Returning,Makkah,88913.32,23,3865.8
C03959,Loyal,Khobar,82220.13,23,3574.79
C03960,Loyal,Jeddah,87630.53,24,3651.27
C03961,Returning,Dammam,94758.05,22,4307.18
C03962,New,Makkah,87356.89,21,4159.85
C03963,New,Abha,55946.98,16,3496.69
C03964,Returning,Jeddah,116467.40000000001,36,3235.21
C03965,Returning,Makkah,88092.78,21,4194.89
C03966,Returning,Dammam,45254.04,13,3481.08
C03967,Returning,Abha,99156.85,24,4131.54
C03968,Returning,Abha,47609.86,14,3400.7
C03969,Loyal,Madinah,96439.59,25,3857.58
C03970,Returning,Riyadh,71505.61,21,3405.03
C03971,Returning,Madinah,94434.64,26,3632.1
C03972,Returning,Madinah,45568.65,13,3505.28
C03973,Returning,Madinah,98689.58,20,4934.48
C03974,Returning,Madinah,44300.13,18,2461.12
C03975,New,Khobar,27023.07,11,2456.64
C03976,Returning,Riyadh,64978.03,17,3822.24
C03977,New,Jeddah,71358.65,20,3567.93
C03978,New,Makkah,60095.14,19,3162.9
C03979,Returning,Madinah,85161.35,20,4258.07
C03980,Returning,Jeddah,101859.72,24,4244.16
C03981,Returning,Madinah,41603.47,15,2773.56
C03982,Loyal,Abha,65319.88,17,3842.35
C03983,Returning,Dammam,75788.56,25,3031.54
C03984,Returning,Dammam,51241.66,19,2696.93
C03985,Loyal,Makkah,82664.51000000001,21,3936.41
C03986,New,Khobar,59915.95,16,3744.75
C03987,Returning,Jeddah,91325.93000000001,25,3653.04
C03988,Returning,Jeddah,43239.22,16,2702.45
C03989,Loyal,Khobar,76337.62,25,3053.5
C03990,Loyal,Dammam,46144.1,14,3296.01
C03991,Loyal,Dammam,46735.740000000005,14,3338.27
C03992,Returning,Jeddah,67803.56,16,4237.72
C03993,Returning,Makkah,63209.96,20,3160.5
C03994,New,Jeddah,47849.3,17,2814.66
C03995,Returning,Riyadh,82272.98,24,3428.04
C03996,Returning,Khobar,57446.05,17,3379.18
C03997,Returning,Abha,78757.46,18,4375.41
C03998,New,Dammam,53313.19,15,3554.21
C03999,New,Riyadh,62405.47,19,3284.5
C04000,New,Jeddah,67134.5,15,4475.63
C04001,Returning,Jeddah,71798.78,18,3988.82
C04002,New,Dammam,68952.64,20,3447.63
C04003,Loyal,Madinah,76819.52,14,5487.11
C04004,Loyal,Madinah,56117.65,16,3507.35
C04005,Loyal,Abha,73037.08,16,4564.82
C04006,Returning,Riyadh,54674.38,13,4205.72
C04007,Loyal,Abha,63579.33,22,2889.97
C04008,Returning,Abha,51543.47,20,2577.17
C04009,Returning,Riyadh,53166.33,18,2953.68
C04010,Loyal,Makkah,66776.72,18,3709.82
C04011,Returning,Khobar,40220.5,17,2365.91
C04012,Returning,Makkah,130019.76,29,4483.44
C04013,Returning,Abha,49236.310000000005,13,3787.41
C04014,Returning,Jeddah,107097.41,24,4462.39
C04015,Returning,Dammam,68298.56,21,3252.31
C04016,New,Riyadh,72479.81999999999,19,3814.73
C04017,Returning,Abha,54938.979999999996,13,4226.08
C04018,Loyal,Riyadh,48528.369999999995,16,3033.02
C04019,Returning,Dammam,59466.72,20,2973.34
C04020,Returning,Khobar,64187.4,19,3378.28
C04021,Loyal,Khobar,78150.15,20,3907.51
C04022,New,Riyadh,77041.69,18,4280.09
C04023,New,Khobar,76232.94,13,5864.07
C04024,New,Abha,53734.98,19,2828.16
C04025,Loyal,Riyadh,77924.8,25,3116.99
C04026,New,Makkah,85178.84,22,3871.77
C04027,Loyal,Jeddah,100219.73,23,4357.38
C04028,Returning,Makkah,62109.95,23,2700.43
C04029,New,Jeddah,42118.46,13,3239.88
C04030,Returning,Khobar,63911.5,17,3759.5
C04031,Returning,Abha,128716.08,26,4950.62
C04032,New,Dammam,53950.59,17,3173.56
C04033,Returning,Madinah,89362.63,19,4703.3
C04034,New,Makkah,58180.34,16,3636.27
C04035,Returning,Makkah,46164.76,15,3077.65
C04036,New,Jeddah,59296.88,18,3294.27
C04037,Loyal,Madinah,73391.13,18,4077.29
C04038,Loyal,Abha,69132.09999999999,16,4320.76
C04039,Loyal,Jeddah,94989.93,25,3799.6
C04040,Returning,Makkah,96886.96,21,4613.66
C04041,New,Makkah,56405.34,17,3317.96
C04042,Loyal,Madinah,103339.78,25,4133.59
C04043,Loyal,Riyadh,54997.049999999996,14,3928.36
C04044,New,Riyadh,65920.31,17,3877.67
C04045,Returning,Riyadh,83540.48,23,3632.19
C04046,New,Abha,85454.8,26,3286.72
C04047,New,Madinah,55493.8,19,2920.73
C04048,New,Dammam,72934.14,23,3171.05
C04049,New,Riyadh,73848.29,22,3356.74
C04050,Returning,Dammam,106608.23,22,4845.83
C04051,Returning,Riyadh,36996.53,13,2845.89
C04052,Returning,Makkah,93450.63,25,3738.03
C04053,Loyal,Makkah,42006.0,17,2470.94
C04054,New,Jeddah,72754.55,15,4850.3
C04055,Returning,Makkah,90135.44,21,4292.16
C04056,New,Riyadh,85135.32,22,3869.79
C04057,New,Abha,49225.01,16,3076.56
C04058,Returning,Jeddah,88257.58,21,4202.74
C04059,Loyal,Jeddah,87456.56,26,3363.71
C04060,Loyal,Abha,33957.11,17,1997.48
C04061,Returning,Madinah,63000.77,20,3150.04
C04062,Returning,Dammam,100185.58,27,3710.58
C04063,New,Khobar,58337.06,16,3646.07
C04064,Loyal,Jeddah,37920.47,13,2916.96
C04065,Returning,Makkah,64671.509999999995,18,3592.86
C04066,New,Makkah,51829.67,21,2468.08
C04067,Returning,Makkah,73544.84,20,3677.24
C04068,Returning,Khobar,99650.99,25,3986.04
C04069,Returning,Dammam,67242.48,18,3735.69
C04070,New,Riyadh,67802.62,21,3228.7
C04071,Loyal,Dammam,60214.84,21,2867.37
C04072,Returning,Riyadh,57843.56,18,3213.53
C04073,Returning,Jeddah,69063.6,25,2762.54
C04074,Returning,Makkah,63786.119999999995,17,3752.12
C04075,Returning,Makkah,68966.41,19,3629.81
C04076,Returning,Makkah,96141.25,23,4180.05
C04077,New,Abha,71848.86,20,3592.44
C04078,Loyal,Abha,59712.78,18,3317.38
C04079,Loyal,Khobar,71358.89,16,4459.93
C04080,Returning,Khobar,72418.47,21,3448.5
C04081,New,Dammam,44577.56,18,2476.53
C04082,Returning,Madinah,49956.58,15,3330.44
C04083,New,Madinah,115219.13,28,4114.97
C04084,Returning,Khobar,46468.33,11,4224.39
C04085,New,Jeddah,86625.55,22,3937.52
C04086,Returning,Riyadh,76613.96,23,3331.04
C04087,Loyal,Dammam,113446.54,26,4363.33
C04088,New,Riyadh,88228.33,25,3529.13
C04089,Returning,Madinah,102121.79,22,4641.9
C04090,Returning,Riyadh,62732.6,18,3485.14
C04091,Loyal,Riyadh,71227.21,22,3237.6
C04092,Returning,Riyadh,50991.92,15,3399.46
C04093,Returning,Dammam,63462.259999999995,21,3022.01
C04094,Returning,Makkah,68324.7,19,3596.04
C04095,Returning,Madinah,71670.19,24,2986.26
C04096,New,Khobar,30439.68,8,3804.96
C04097,Returning,Abha,71249.23,17,4191.13
C04098,New,Madinah,60246.8,15,4016.45
C04099,Returning,Abha,47700.16,16,2981.26
C04100,New,Makkah,70146.18,22,3188.46
C04101,New,Jeddah,51662.04,24,2152.58
C04102,Returning,Dammam,60132.86,17,3537.23
C04103,New,Khobar,59426.68,20,2971.33
C04104,Returning,Abha,85766.35,21,4084.11
C04105,Loyal,Madinah,104500.29,23,4543.49
C04106,Returning,Dammam,37826.62,15,2521.77
C04107,Returning,Riyadh,81420.38,23,3540.02
C04108,New,Madinah,48015.49,15,3201.03
C04109,New,Dammam,63215.12,18,3511.95
C04110,New,Madinah,93659.79,22,4257.26
C04111,Returning,Riyadh,62311.92,18,3461.77
C04112,Loyal,Riyadh,93087.22,29,3209.9
C04113,Returning,Makkah,32204.79,17,1894.4
C04114,Loyal,Jeddah,95969.7,22,4362.26
C04115,Returning,Riyadh,56320.17,13,4332.32
C04116,New,Abha,79861.1,22,3630.05
C04117,Returning,Madinah,54573.479999999996,18,3031.86
C04118,Loyal,Khobar,66590.29,14,4756.45
C04119,Returning,Dammam,98959.71,27,3665.17
C04120,Returning,Jeddah,66175.43,19,3482.92
C04121,Loyal,Jeddah,59872.31,25,2394.89
C04122,Returning,Makkah,95188.11,21,4532.77
C04123,Returning,Dammam,74243.81,23,3227.99
C04124,New,Jeddah,23645.57,11,2149.6
C04125,New,Riyadh,82196.59,22,3736.21
C04126,Returning,Khobar,105538.33,23,4588.62
C04127,Loyal,Makkah,41330.15,13,3179.24
C04128,New,Dammam,56473.19,14,4033.8
C04129,New,Dammam,79980.32,19,4209.49
C04130,Loyal,Makkah,86510.16,27,3204.08
C04131,Returning,Jeddah,94933.9,24,3955.58
C04132,Returning,Abha,45717.130000000005,14,3265.51
C04133,Loyal,Abha,61835.869999999995,19,3254.52
C04134,Returning,Abha,102444.11,25,4097.76
C04135,Returning,Abha,50973.05,13,3921.0
C04136,Returning,Jeddah,50158.45,13,3858.34
C04137,New,Madinah,87157.71,26,3352.22
C04138,Loyal,Jeddah,52287.16,15,3485.81
C04139,New,Abha,92014.52,22,4182.48
C04140,New,Riyadh,64956.83,18,3608.71
C04141,Returning,Riyadh,105787.7,25,4231.51
C04142,Loyal,Riyadh,55231.25,19,2906.91
C04143,Loyal,Riyadh,65536.46,20,3276.82
C04144,Returning,Makkah,56224.9,21,2677.38
C04145,New,Madinah,105003.57,22,4772.89
C04146,New,Dammam,82814.57,19,4358.66
C04147,New,Jeddah,65921.69,19,3469.56
C04148,New,Jeddah,69039.94,17,4061.17
C04149,Loyal,Jeddah,73730.25,24,3072.09
C04150,New,Makkah,70804.09,19,3726.53
C04151,New,Khobar,86026.13,24,3584.42
C04152,Loyal,Madinah,84536.92,23,3675.52
C04153,Returning,Madinah,108182.93000000001,25,4327.32
C04154,New,Madinah,86123.62,20,4306.18
C04155,Returning,Abha,54232.85,20,2711.64
C04156,Returning,Abha,66262.93000000001,17,3897.82
C04157,Loyal,Abha,52257.02,15,3483.8
C04158,Returning,Makkah,122251.04,27,4527.82
C04159,Returning,Riyadh,84077.35,24,3503.22
C04160,Returning,Abha,51543.54,20,2577.18
C04161,Returning,Makkah,53380.92,17,3140.05
C04162,Returning,Jeddah,86047.64,20,4302.38
C04163,Loyal,Madinah,56079.53,20,2803.98
C04164,Returning,Khobar,92860.82,18,5158.93
C04165,Returning,Madinah,71377.94,20,3568.9
C04166,New,Dammam,83495.11,20,4174.76
C04167,Returning,Jeddah,58903.77,15,3926.92
C04168,Returning,Jeddah,85629.23,24,3567.88
C04169,Returning,Abha,83407.4,21,3971.78
C04170,New,Dammam,87336.09,26,3359.08
C04171,New,Dammam,97466.73,22,4430.31
C04172,Returning,Madinah,74404.99,22,3382.04
C04173,Returning,Jeddah,61025.17,19,3211.85
C04174,New,Riyadh,79756.43,25,3190.26
C04175,Loyal,Makkah,47009.47,16,2938.09
C04176,New,Makkah,87727.7,25,3509.11
C04177,Returning,Jeddah,56031.1,17,3295.95
C04178,Loyal,Riyadh,51191.6,19,2694.29
C04179,New,Madinah,71997.4,21,3428.45
C04180,Returning,Madinah,47308.19,15,3153.88
C04181,Returning,Abha,86791.53,25,3471.66
C04182,Returning,Madinah,69388.59,18,3854.92
C04183,Returning,Dammam,85800.72,18,4766.71
C04184,Loyal,Madinah,66798.38,18,3711.02
C04185,Returning,Dammam,63267.35,17,3721.61
C04186,New,Makkah,64697.52,17,3805.74
C04187,Loyal,Madinah,63046.44,16,3940.4
C04188,Loyal,Khobar,51766.15,15,3451.08
C04189,Returning,Madinah,39185.33,9,4353.93
C04190,New,Riyadh,45382.9,16,2836.43
C04191,Returning,Dammam,70167.95,19,3693.05
C04192,Loyal,Abha,73557.78,21,3502.75
C04193,Returning,Jeddah,46238.7,20,2311.94
C04194,New,Jeddah,92951.13,23,4041.35
C04195,Returning,Makkah,55250.229999999996,15,3683.35
C04196,Loyal,Makkah,82100.93,19,4321.1
C04197,Returning,Jeddah,70253.91,19,3697.57
C04198,New,Dammam,89145.92,19,4691.89
C04199,Loyal,Khobar,64422.75,20,3221.14
C04200,Returning,Riyadh,87426.64,24,3642.78
C04201,New,Dammam,71417.64,17,4201.04
C04202,Returning,Madinah,73502.89,19,3868.57
C04203,Returning,Dammam,87467.77,19,4603.57
C04204,Loyal,Khobar,85233.38,20,4261.67
C04205,New,Riyadh,69371.9,21,3303.42
C04206,New,Jeddah,71036.45999999999,19,3738.76
C04207,Loyal,Khobar,72013.09,22,3273.32
C04208,Returning,Riyadh,64433.43,19,3391.23
C04209,Returning,Khobar,45035.03,16,2814.69
C04210,Returning,Jeddah,61615.02,20,3080.75
C04211,Returning,Riyadh,73846.26,17,4343.9
C04212,New,Madinah,82061.42,22,3730.06
C04213,Returning,Dammam,71728.09,20,3586.4
C04214,Returning,Khobar,67648.47,18,3758.25
C04215,New,Madinah,71638.13,18,3979.9
C04216,Returning,Madinah,70307.27,22,3195.79
C04217,New,Madinah,139233.51,33,4219.2
C04218,Loyal,Riyadh,80187.05,27,2969.89
C04219,New,Dammam,63432.05,18,3524.0
C04220,Returning,Dammam,103860.02,26,3994.62
C04221,Returning,Dammam,72919.09,23,3170.4
C04222,Loyal,Abha,95676.26,24,3986.51
C04223,New,Abha,65198.61,19,3431.51
C04224,Returning,Jeddah,78993.66,24,3291.4
C04225,New,Khobar,75195.46,22,3417.98
C04226,Returning,Jeddah,42894.96,20,2144.75
C04227,New,Jeddah,79711.62,24,3321.32
C04228,New,Makkah,41346.729999999996,13,3180.52
C04229,Returning,Dammam,74598.76,16,4662.42
C04230,Returning,Madinah,78136.04,18,4340.89
C04231,New,Khobar,41125.3,14,2937.52
C04232,Loyal,Madinah,83206.45,21,3962.21
C04233,Returning,Riyadh,72529.01,21,3453.76
C04234,Returning,Jeddah,105368.21,25,4214.73
C04235,Loyal,Dammam,34138.7,12,2844.89
C04236,Returning,Khobar,72815.23,18,4045.29
C04237,Returning,Riyadh,72907.86,21,3471.8
C04238,New,Dammam,89886.1,22,4085.73
C04239,Returning,Riyadh,74432.4,20,3721.62
C04240,Returning,Jeddah,115171.43,26,4429.67
C04241,Loyal,Khobar,64012.28,20,3200.61
C04242,Returning,Jeddah,97178.63,26,3737.64
C04243,New,Riyadh,56686.85,17,3334.52
C04244,Loyal,Makkah,91835.98999999999,20,4591.8
C04245,New,Jeddah,69841.32,20,3492.07
C04246,New,Dammam,108096.68,29,3727.47
C04247,New,Riyadh,96504.81,24,4021.03
C04248,New,Makkah,34768.03,11,3160.73
C04249,New,Abha,52475.09,17,3086.77
C04250,Returning,Riyadh,57875.909999999996,17,3404.47
C04251,Loyal,Dammam,59665.87,17,3509.76
C04252,New,Dammam,102269.03,21,4869.95
C04253,Returning,Khobar,75809.49,19,3989.97
C04254,New,Jeddah,54931.18,18,3051.73
C04255,New,Jeddah,76542.54000000001,23,3327.94
C04256,Returning,Makkah,72730.53,23,3162.2
C04257,New,Madinah,90943.29,29,3135.98
C04258,Returning,Makkah,114386.59,26,4399.48
C04259,Returning,Dammam,73843.75,23,3210.6
C04260,Returning,Jeddah,98886.57,29,3409.88
C04261,New,Dammam,94127.24,24,3921.97
C04262,Returning,Makkah,116045.71,25,4641.83
C04263,New,Dammam,52868.36,14,3776.31
C04264,New,Dammam,108671.26,26,4179.66
C04265,Returning,Khobar,65747.46,23,2858.59
C04266,New,Jeddah,97442.41,24,4060.1
C04267,Returning,Abha,74870.29,21,3565.25
C04268,Returning,Jeddah,72024.18000000001,23,3131.49
C04269,New,Makkah,100623.23,23,4374.92
C04270,Returning,Jeddah,109681.58,23,4768.76
C04271,New,Jeddah,70302.9,21,3347.76
C04272,Loyal,Jeddah,92516.92,26,3558.34
C04273,New,Riyadh,102680.02,24,4278.33
C04274,Returning,Riyadh,80594.51,22,3663.39
C04275,New,Riyadh,82461.01,26,3171.58
C04276,Loyal,Jeddah,101766.84999999999,20,5088.34
C04277,Returning,Khobar,84234.2,21,4011.15
C04278,Returning,Madinah,62732.53,19,3301.71
C04279,Loyal,Madinah,91695.76,23,3986.77
C04280,Returning,Dammam,48166.69,16,3010.42
C04281,Returning,Jeddah,65791.72,15,4386.11
C04282,New,Jeddah,74161.51,19,3903.24
C04283,Returning,Riyadh,54195.99,21,2580.76
C04284,Loyal,Abha,84424.47,24,3517.69
C04285,Returning,Makkah,80385.34,21,3827.87
C04286,Returning,Khobar,43284.98,18,2404.72
C04287,Returning,Khobar,66404.95999999999,22,3018.41
C04288,Returning,Khobar,25397.85,11,2308.9
C04289,Returning,Madinah,42464.28,16,2654.02
C04290,Returning,Makkah,69301.69,21,3300.08
C04291,Returning,Makkah,58853.72,15,3923.58
C04292,New,Khobar,36932.32,16,2308.27
C04293,New,Riyadh,66655.81,17,3920.93
C04294,Loyal,Madinah,84475.72,27,3128.73
C04295,Loyal,Madinah,82608.65,18,4589.37
C04296,Returning,Riyadh,63171.69,13,4859.36
C04297,New,Riyadh,53058.29,17,3121.08
C04298,Returning,Makkah,62163.32,15,4144.22
C04299,Loyal,Madinah,87469.28,23,3803.01
C04300,Returning,Khobar,100610.73,26,3869.64
C04301,Loyal,Madinah,82008.7,24,3417.03
C04302,Loyal,Khobar,52483.67,15,3498.91
C04303,Loyal,Khobar,115074.89,27,4262.03
C04304,New,Jeddah,106942.97,23,4649.69
C04305,New,Makkah,68952.09,17,4056.01
C04306,New,Jeddah,53413.33,17,3141.96
C04307,Returning,Riyadh,56538.72,14,4038.48
C04308,Returning,Khobar,80074.72,19,4214.46
C04309,New,Makkah,51756.42,15,3450.43
C04310,New,Abha,99660.41,24,4152.52
C04311,Returning,Dammam,47959.17,18,2664.4
C04312,Returning,Khobar,117382.85,33,3557.06
C04313,Loyal,Riyadh,41538.340000000004,15,2769.22
C04314,Loyal,Abha,67683.4,16,4230.21
C04315,Loyal,Jeddah,54087.35,15,3605.82
C04316,New,Dammam,63174.94,20,3158.75
C04317,Returning,Khobar,111950.27,27,4146.31
C04318,New,Riyadh,58643.049999999996,18,3257.95
C04319,New,Riyadh,72393.77,19,3810.2
C04320,New,Riyadh,75934.65,18,4218.59
C04321,Returning,Abha,84653.59,24,3527.23
C04322,Returning,Khobar,63218.71,20,3160.94
C04323,New,Makkah,68407.14,23,2974.22
C04324,Returning,Dammam,55874.7,15,3724.98
C04325,Loyal,Jeddah,51224.96,14,3658.93
C04326,Returning,Madinah,69732.85,22,3169.68
C04327,New,Jeddah,65806.23,18,3655.9
C04328,New,Khobar,76009.85,20,3800.49
C04329,Loyal,Dammam,83567.45999999999,23,3633.37
C04330,New,Riyadh,80950.70999999999,20,4047.54
C04331,Returning,Khobar,60969.229999999996,17,3586.43
C04332,New,Madinah,58177.14,14,4155.51
C04333,Loyal,Madinah,63383.9,20,3169.2
C04334,Returning,Khobar,67741.91,22,3079.18
C04335,Returning,Jeddah,62178.21,24,2590.76
C04336,Loyal,Dammam,62475.66,15,4165.04
C04337,Returning,Jeddah,96658.91,26,3717.65
C04338,Returning,Dammam,69671.29000000001,22,3166.88
C04339,Returning,Madinah,97563.56999999999,24,4065.15
C04340,Loyal,Abha,106530.45,30,3551.02
C04341,New,Madinah,87888.43000000001,24,3662.02
C04342,Returning,Khobar,74006.9,21,3524.14
C04343,Returning,Abha,44833.01,10,4483.3
C04344,Returning,Khobar,63497.71,20,3174.89
C04345,Returning,Jeddah,78455.4,20,3922.77
C04346,Returning,Khobar,62351.4,17,3667.73
C04347,Returning,Dammam,81786.43000000001,23,3555.93
C04348,Returning,Khobar,69601.18,15,4640.08
C04349,Returning,Khobar,75894.89,19,3994.47
C04350,Returning,Abha,89150.85,19,4692.15
C04351,New,Madinah,52198.8,19,2747.31
C04352,Loyal,Riyadh,47082.46,17,2769.56
C04353,Loyal,Makkah,71506.40000000001,21,3405.07
C04354,New,Abha,115513.53,28,4125.48
C04355,Returning,Dammam,55272.37,17,3251.32
C04356,Returning,Madinah,66364.06,20,3318.2
C04357,New,Madinah,86982.09,18,4832.34
C04358,Returning,Madinah,59766.98,18,3320.39
C04359,New,Abha,81237.65000000001,23,3532.07
C04360,New,Madinah,64882.51,19,3414.87
C04361,Returning,Makkah,59958.48,21,2855.17
C04362,Returning,Dammam,87259.46,20,4362.97
C04363,Returning,Dammam,91274.49,23,3968.46
C04364,Loyal,Abha,44547.270000000004,16,2784.2
C04365,Loyal,Jeddah,45994.4,14,3285.31
C04366,Loyal,Madinah,56748.73,21,2702.32
C04367,Returning,Abha,94039.37,23,4088.67
C04368,New,Dammam,63165.42,16,3947.84
C04369,Returning,Khobar,60159.91,18,3342.22
C04370,Loyal,Dammam,55122.96,14,3937.35
C04371,Returning,Abha,32001.85,13,2461.68
C04372,Returning,Khobar,87164.42,23,3789.76
C04373,Returning,Jeddah,79889.3,16,4993.08
C04374,New,Dammam,65493.18,20,3274.66
C04375,Returning,Dammam,57240.46,17,3367.09
C04376,Returning,Madinah,60449.6,16,3778.1
C04377,Loyal,Jeddah,116476.49,30,3882.55
C04378,Loyal,Dammam,62710.85,20,3135.54
C04379,Returning,Riyadh,120942.0,27,4479.33
C04380,New,Riyadh,96693.46,21,4604.45
C04381,New,Dammam,33619.2,14,2401.37
C04382,Returning,Riyadh,73536.14,18,4085.34
C04383,Returning,Madinah,52600.17,15,3506.68
C04384,New,Madinah,91634.2,21,4363.53
C04385,Returning,Jeddah,51070.88,17,3004.17
C04386,Returning,Dammam,78894.81,20,3944.74
C04387,Loyal,Jeddah,54315.49,19,2858.71
C04388,New,Dammam,77780.68,19,4093.72
C04389,Loyal,Makkah,60239.73,19,3170.51
C04390,Loyal,Riyadh,80674.89,21,3841.66
C04391,Returning,Makkah,87419.06,27,3237.74
C04392,Returning,Madinah,55567.630000000005,16,3472.98
C04393,New,Makkah,78485.27,18,4360.29
C04394,Returning,Khobar,68238.48,21,3249.45
C04395,Returning,Abha,81915.46,19,4311.34
C04396,New,Riyadh,78968.05,17,4645.18
C04397,New,Makkah,49429.89,14,3530.71
C04398,Loyal,Makkah,82285.77,26,3164.84
C04399,Returning,Makkah,52438.08,17,3084.59
C04400,Returning,Abha,74035.28,21,3525.49
C04401,Returning,Makkah,59014.68,20,2950.73
C04402,Returning,Madinah,49165.23,14,3511.8
C04403,Loyal,Khobar,93180.33,24,3882.51
C04404,Returning,Makkah,58515.04,17,3442.06
C04405,Loyal,Khobar,84387.18000000001,21,4018.44
C04406,New,Makkah,87439.62,28,3122.84
C04407,Loyal,Dammam,76130.87,20,3806.54
C04408,Returning,Jeddah,86821.26,24,3617.55
C04409,Loyal,Riyadh,33651.12,12,2804.26
C04410,Returning,Abha,43406.64,18,2411.48
C04411,Loyal,Riyadh,56894.08,17,3346.71
C04412,New,Dammam,64778.05,18,3598.78
C04413,Loyal,Dammam,93266.75,28,3330.96
C04414,Returning,Abha,86551.52,23,3763.11
C04415,Loyal,Riyadh,58950.71,22,2679.58
C04416,Returning,Dammam,49970.84,16,3123.18
C04417,New,Khobar,52906.24,18,2939.24
C04418,Loyal,Abha,82996.5,25,3319.86
C04419,Loyal,Riyadh,58501.71,19,3079.04
C04420,Returning,Riyadh,97800.22,19,5147.38
C04421,Loyal,Jeddah,84579.41,26,3253.05
C04422,New,Jeddah,45881.45,18,2548.97
C04423,Returning,Abha,43491.89,14,3106.56
C04424,Returning,Madinah,75872.57,20,3793.63
C04425,Returning,Dammam,77770.76,18,4320.6
C04426,New,Dammam,91248.09,27,3379.56
C04427,Loyal,Abha,46244.73,13,3557.29
C04428,Returning,Khobar,67409.22,20,3370.46
C04429,Loyal,Dammam,103358.93,24,4306.62
C04430,Returning,Madinah,97317.34,20,4865.87
C04431,Returning,Madinah,49717.82,14,3551.27
C04432,New,Abha,70111.23,21,3338.63
C04433,Returning,Jeddah,105252.94,27,3898.26
C04434,Returning,Riyadh,65585.66,28,2342.35
C04435,Returning,Jeddah,52321.08,17,3077.71
C04436,Returning,Riyadh,116248.3,28,4151.73
C04437,Loyal,Madinah,44695.04,14,3192.5
C04438,Returning,Riyadh,57373.7,15,3824.91
C04439,Returning,Makkah,44391.4,16,2774.46
C04440,New,Khobar,83348.67,23,3623.86
C04441,Returning,Abha,92854.31,26,3571.32
C04442,Loyal,Abha,81986.81999999999,21,3904.13
C04443,Returning,Makkah,56244.72,19,2960.25
C04444,Returning,Khobar,75265.61,19,3961.35
C04445,New,Khobar,87754.06999999999,21,4178.77
C04446,Returning,Dammam,46522.33,15,3101.49
C04447,Loyal,Dammam,46172.85,17,2716.05
C04448,Returning,Riyadh,81724.42,18,4540.25
C04449,Returning,Jeddah,108736.58,25,4349.46
C04450,Returning,Abha,109313.42,25,4372.54
C04451,Returning,Makkah,109220.37,25,4368.81
C04452,New,Madinah,52480.23,18,2915.57
C04453,Returning,Madinah,93392.08,25,3735.68
C04454,New,Abha,81831.75,23,3557.9
C04455,Returning,Dammam,59477.659999999996,20,2973.88
C04456,Returning,Dammam,63130.55,24,2630.44
C04457,Loyal,Madinah,85229.12,20,4261.46
C04458,Returning,Abha,80497.40000000001,24,3354.06
C04459,Loyal,Makkah,63663.4,20,3183.17
C04460,Returning,Makkah,75965.55,27,2813.54
C04461,Returning,Makkah,80878.67,27,2995.51
C04462,Returning,Abha,92084.15,29,3175.32
C04463,Returning,Makkah,56029.08,14,4002.08
C04464,New,Makkah,95801.66,23,4165.29
C04465,Returning,Dammam,57315.36,15,3821.02
C04466,Returning,Riyadh,90671.42,25,3626.86
C04467,Returning,Makkah,41987.5,14,2999.11
C04468,Returning,Dammam,59848.56,19,3149.92
C04469,Loyal,Jeddah,59968.99,17,3527.59
C04470,Returning,Riyadh,86079.14,23,3742.57
C04471,New,Makkah,78183.41,18,4343.52
C04472,New,Dammam,40652.05,19,2139.58
C04473,Returning,Jeddah,96650.34,23,4202.19
C04474,Loyal,Jeddah,98109.35,21,4671.87
C04475,New,Jeddah,128147.36,27,4746.2
C04476,New,Dammam,78489.2,24,3270.38
C04477,Returning,Abha,45600.32,19,2400.02
C04478,Loyal,Dammam,83339.69,18,4629.98
C04479,Loyal,Makkah,60989.29,22,2772.24
C04480,Returning,Khobar,60494.28,17,3558.49
C04481,Returning,Madinah,50922.85,15,3394.86
C04482,New,Riyadh,69487.42,18,3860.41
C04483,New,Makkah,103346.44,26,3974.86
C04484,Loyal,Abha,52500.72,18,2916.71
C04485,Returning,Makkah,83122.66,24,3463.44
C04486,Returning,Dammam,80366.38,25,3214.66
C04487,Returning,Makkah,84989.73,20,4249.49
C04488,Loyal,Abha,92031.34,24,3834.64
C04489,Returning,Riyadh,42176.86,17,2480.99
C04490,Loyal,Makkah,67397.74,21,3209.42
C04491,Loyal,Riyadh,90432.55,24,3768.02
C04492,Loyal,Makkah,66651.84999999999,16,4165.74
C04493,Loyal,Makkah,86457.58,23,3759.03
C04494,Loyal,Abha,54301.18,15,3620.08
C04495,Loyal,Khobar,44340.130000000005,13,3410.78
C04496,New,Khobar,67272.42,18,3737.36
C04497,Loyal,Dammam,98732.66,26,3797.41
C04498,New,Khobar,63124.45,14,4508.89
C04499,Loyal,Makkah,61461.7,20,3073.08
C04500,Loyal,Jeddah,50270.22,14,3590.73
C04501,Loyal,Abha,69984.65000000001,21,3332.6
C04502,New,Abha,70903.17,21,3376.34
C04503,New,Madinah,29723.690000000002,10,2972.37
C04504,Returning,Makkah,80063.36,21,3812.54
C04505,New,Khobar,90826.42,24,3784.43
C04506,New,Madinah,70566.72,22,3207.58
C04507,Returning,Dammam,45974.25,14,3283.88
C04508,Returning,Riyadh,61743.3,19,3249.65
C04509,Returning,Jeddah,66719.25,22,3032.69
C04510,Loyal,Jeddah,48279.14,16,3017.45
C04511,Returning,Abha,35095.37,15,2339.69
C04512,Returning,Khobar,86703.17,29,2989.76
C04513,Returning,Abha,43904.32,12,3658.69
C04514,Loyal,Khobar,123313.96,27,4567.18
C04515,Loyal,Riyadh,41796.44,11,3799.68
C04516,Loyal,Makkah,68371.26,22,3107.78
C04517,Returning,Khobar,52192.66,18,2899.59
C04518,Returning,Khobar,62578.72,21,2979.94
C04519,Returning,Riyadh,46911.11,14,3350.79
C04520,New,Khobar,65434.57,18,3635.25
C04521,Returning,Dammam,61620.28,20,3081.01
C04522,Returning,Dammam,63569.35,19,3345.76
C04523,Returning,Riyadh,46748.56,14,3339.18
C04524,Returning,Makkah,41167.98,10,4116.8
C04525,Loyal,Jeddah,79884.16,21,3804.01
C04526,New,Dammam,67981.03,23,2955.7
C04527,New,Makkah,72901.59,21,3471.5
C04528,Returning,Abha,37013.15,15,2467.54
C04529,Loyal,Madinah,73200.54000000001,16,4575.03
C04530,New,Khobar,82279.76,25,3291.19
C04531,Returning,Dammam,73617.48,15,4907.83
C04532,Returning,Riyadh,46941.83,11,4267.44
C04533,Returning,Dammam,68907.81999999999,17,4053.4
C04534,New,Jeddah,82246.24,22,3738.47
C04535,New,Khobar,43373.95,15,2891.6
C04536,New,Khobar,77004.47,20,3850.22
C04537,Returning,Makkah,31584.91,14,2256.06
C04538,Returning,Khobar,40283.729999999996,13,3098.75
C04539,Returning,Abha,63938.71,17,3761.1
C04540,Returning,Dammam,59355.12,16,3709.7
C04541,Loyal,Dammam,70061.61,17,4121.27
C04542,Loyal,Riyadh,40668.01,18,2259.33
C04543,Loyal,Khobar,86560.38,27,3205.94
C04544,Loyal,Makkah,66102.12999999999,17,3888.36
C04545,New,Dammam,41468.68,16,2591.79
C04546,Returning,Riyadh,72054.32,23,3132.8
C04547,Loyal,Makkah,99345.11,25,3973.8
C04548,Loyal,Khobar,42962.14,14,3068.72
C04549,Loyal,Khobar,79708.94,24,3321.21
C04550,Returning,Riyadh,57599.97,16,3600.0
C04551,Loyal,Riyadh,68670.97,19,3614.26
C04552,Returning,Khobar,48594.28,17,2858.49
C04553,New,Makkah,83093.7,22,3776.99
C04554,Returning,Abha,109160.38,25,4366.42
C04555,Returning,Abha,60567.520000000004,16,3785.47
C04556,Loyal,Dammam,33610.38,11,3055.49
C04557,Returning,Khobar,74740.41,19,3933.71
C04558,Returning,Abha,85161.67,21,4055.32
C04559,Loyal,Madinah,93303.57,24,3887.65
C04560,Loyal,Riyadh,51033.28,12,4252.77
C04561,Returning,Abha,77713.25,22,3532.42
C04562,New,Jeddah,55856.009999999995,14,3989.71
C04563,New,Khobar,83400.06,24,3475.0
C04564,Returning,Abha,102380.85,20,5119.04
C04565,Loyal,Makkah,75292.78,18,4182.93
C04566,Loyal,Madinah,83759.27,22,3807.24
C04567,New,Abha,74443.05,19,3918.06
C04568,Returning,Abha,86550.38,25,3462.02
C04569,Loyal,Abha,117441.22,27,4349.67
C04570,Loyal,Dammam,88427.69,19,4654.09
C04571,Returning,Abha,84763.54,24,3531.81
C04572,Returning,Riyadh,84362.99,22,3834.68
C04573,Returning,Abha,71491.06,17,4205.36
C04574,Returning,Madinah,85705.11,21,4081.2
C04575,Loyal,Jeddah,65723.49,21,3129.69
C04576,Returning,Makkah,73064.08,17,4297.89
C04577,New,Makkah,114910.65,32,3590.96
C04578,Returning,Khobar,49366.97,12,4113.91
C04579,Returning,Abha,97333.07,22,4424.23
C04580,Returning,Jeddah,63367.299999999996,22,2880.33
C04581,Returning,Madinah,108971.7,30,3632.39
C04582,New,Riyadh,89253.41,25,3570.14
C04583,Returning,Makkah,57048.84,16,3565.55
C04584,Loyal,Madinah,92345.93000000001,24,3847.75
C04585,Loyal,Madinah,83654.55,21,3983.55
C04586,New,Riyadh,120342.65,32,3760.71
C04587,New,Dammam,71916.06,22,3268.91
C04588,New,Abha,83312.68,27,3085.65
C04589,Loyal,Jeddah,28532.13,14,2038.01
C04590,Returning,Khobar,97308.69,25,3892.35
C04591,Returning,Riyadh,61726.38,18,3429.24
C04592,Loyal,Riyadh,61620.21,20,3081.01
C04593,Returning,Khobar,57878.36,17,3404.61
C04594,New,Madinah,71127.95,20,3556.4
C04595,Loyal,Abha,80634.27,24,3359.76
C04596,Returning,Jeddah,64738.88,19,3407.31
C04597,Returning,Jeddah,64988.62,18,3610.48
C04598,Returning,Madinah,42788.09,16,2674.26
C04599,New,Dammam,116974.29,25,4678.97
C04600,Returning,Jeddah,63854.049999999996,20,3192.7
C04601,New,Madinah,77921.3,27,2885.97
C04602,New,Jeddah,105102.77,23,4569.69
C04603,Loyal,Riyadh,104805.04,28,3743.04
C04604,Loyal,Dammam,100099.61,23,4352.16
C04605,Loyal,Abha,66241.37,21,3154.35
C04606,Loyal,Khobar,59709.61,13,4593.05
C04607,Returning,Khobar,104973.95,30,3499.13
C04608,New,Dammam,103530.29,24,4313.76
C04609,Returning,Abha,76239.56,27,2823.69
C04610,Returning,Makkah,53473.22,15,3564.88
C04611,New,Jeddah,69321.02,21,3301.0
C04612,Loyal,Riyadh,74673.74,21,3555.89
C04613,Returning,Jeddah,46563.23,16,2910.2
C04614,New,Jeddah,87785.02,19,4620.26
C04615,Loyal,Khobar,72944.03,16,4559.0
C04616,New,Khobar,57079.5,20,2853.98
C04617,Returning,Jeddah,62681.55,16,3917.6
C04618,New,Madinah,53079.55,16,3317.47
C04619,Returning,Dammam,87207.78,21,4152.75
C04620,Returning,Makkah,68187.35,24,2841.14
C04621,Returning,Jeddah,127804.86,35,3651.57
C04622,Loyal,Madinah,60822.64,18,3379.04
C04623,New,Riyadh,70186.5,18,3899.25
C04624,New,Madinah,77964.07,23,3389.74
C04625,Returning,Madinah,66247.9,26,2548.0
C04626,Loyal,Dammam,39498.51,16,2468.66
C04627,New,Abha,78799.91,17,4635.29
C04628,Loyal,Dammam,66595.55,18,3699.75
C04629,Returning,Dammam,82103.65,21,3909.7
C04630,New,Makkah,111804.66,22,5082.03
C04631,Returning,Madinah,56598.25,16,3537.39
C04632,Returning,Riyadh,100495.47,21,4785.5
C04633,Loyal,Dammam,59459.45,19,3129.44
C04634,Returning,Dammam,69164.22,20,3458.21
C04635,New,Madinah,54809.450000000004,16,3425.59
C04636,Loyal,Abha,26045.5,11,2367.77
C04637,Returning,Makkah,96918.61,22,4405.39
C04638,Loyal,Riyadh,66043.03,24,2751.79
C04639,Returning,Jeddah,96086.11,28,3431.65
C04640,Loyal,Riyadh,93226.76,26,3585.64
C04641,Loyal,Dammam,77204.13,25,3088.17
C04642,New,Dammam,50901.1,16,3181.32
C04643,New,Abha,95590.77,21,4551.94
C04644,Returning,Khobar,90521.02,22,4114.59
C04645,Returning,Abha,71563.43,22,3252.88
C04646,Returning,Madinah,74712.0,21,3557.71
C04647,New,Madinah,102751.89,27,3805.63
C04648,New,Khobar,46434.79,18,2579.71
C04649,Returning,Madinah,64874.92,21,3089.28
C04650,New,Madinah,52970.090000000004,17,3115.89
C04651,New,Makkah,95114.7,26,3658.26
C04652,Loyal,Madinah,80051.76,19,4213.25
C04653,Returning,Makkah,84059.79,23,3654.77
C04654,Returning,Abha,65286.63,20,3264.33
C04655,Loyal,Riyadh,89327.39,21,4253.69
C04656,New,Abha,58303.89,21,2776.38
C04657,New,Dammam,66821.37,15,4454.76
C04658,Returning,Khobar,60572.2,18,3365.12
C04659,Returning,Jeddah,50992.95,12,4249.41
C04660,New,Madinah,72160.86,22,3280.04
C04661,Returning,Makkah,77659.9,16,4853.74
C04662,Returning,Khobar,70318.19,20,3515.91
C04663,Returning,Madinah,99239.81,24,4134.99
C04664,Returning,Madinah,55404.619999999995,21,2638.32
C04665,Loyal,Abha,47142.25,15,3142.82
C04666,Returning,Riyadh,47089.49,19,2478.39
C04667,Returning,Abha,48842.55,14,3488.75
C04668,Returning,Abha,73823.81,18,4101.32
C04669,New,Abha,63269.130000000005,16,3954.32
C04670,New,Riyadh,65587.99,18,3643.78
C04671,Returning,Abha,55420.15,17,3260.01
C04672,Returning,Makkah,45864.97,12,3822.08
C04673,Loyal,Dammam,50050.630000000005,19,2634.24
C04674,Returning,Abha,65676.75,20,3283.84
C04675,New,Khobar,87348.81,28,3119.6
C04676,Loyal,Madinah,61923.85,19,3259.15
C04677,New,Riyadh,69775.6,17,4104.45
C04678,Returning,Makkah,42404.89,12,3533.74
C04679,Returning,Khobar,108670.99,28,3881.11
C04680,Loyal,Madinah,95280.48,24,3970.02
C04681,New,Khobar,96193.13,23,4182.31
C04682,Returning,Madinah,57828.54,17,3401.68
C04683,Loyal,Jeddah,59384.75,20,2969.24
C04684,New,Riyadh,84365.98,18,4687.0
C04685,Returning,Khobar,64277.33,18,3570.96
C04686,Loyal,Madinah,54045.29,14,3860.38
C04687,Loyal,Jeddah,103203.33,22,4691.06
C04688,Returning,Jeddah,75838.28,21,3611.35
C04689,Loyal,Jeddah,65245.2,19,3433.96
C04690,Returning,Makkah,71259.31,24,2969.14
C04691,Loyal,Makkah,62944.31,21,2997.35
C04692,Returning,Dammam,64020.0,25,2560.8
C04693,Returning,Riyadh,43826.299999999996,16,2739.14
C04694,New,Abha,52810.979999999996,14,3772.21
C04695,Loyal,Dammam,68708.61,17,4041.68
C04696,New,Madinah,61881.33,21,2946.73
C04697,Loyal,Dammam,68387.95,23,2973.39
C04698,Returning,Riyadh,55061.4,16,3441.34
C04699,Returning,Makkah,38442.93,16,2402.68
C04700,Loyal,Riyadh,70390.2,17,4140.6
C04701,Returning,Jeddah,83506.52,22,3795.75
C04702,Returning,Khobar,75404.58,19,3968.66
C04703,Loyal,Jeddah,142420.96,27,5274.85
C04704,Returning,Jeddah,68693.53,24,2862.23
C04705,New,Jeddah,78081.02,27,2891.89
C04706,Returning,Khobar,94252.11,20,4712.61
C04707,New,Jeddah,76374.35,21,3636.87
C04708,New,Dammam,95180.92,24,3965.87
C04709,Returning,Jeddah,78894.43,20,3944.72
C04710,Returning,Makkah,60082.95,16,3755.18
C04711,New,Jeddah,41779.44,17,2457.61
C04712,Returning,Madinah,72605.29000000001,24,3025.22
C04713,New,Khobar,85450.82,23,3715.25
C04714,New,Madinah,63670.009999999995,19,3351.05
C04715,Returning,Riyadh,46422.18,19,2443.27
C04716,Returning,Dammam,53418.5,14,3815.61
C04717,Loyal,Jeddah,43763.82,14,3125.99
C04718,Loyal,Riyadh,70641.63,21,3363.89
C04719,New,Dammam,47810.55,20,2390.53
C04720,Returning,Abha,73979.02,18,4109.95
C04721,Loyal,Riyadh,43306.13,13,3331.24
C04722,Returning,Khobar,31458.519999999997,11,2859.87
C04723,Returning,Dammam,51726.9,20,2586.35
C04724,New,Riyadh,53091.93,16,3318.25
C04725,Loyal,Dammam,61158.97,18,3397.72
C04726,Returning,Riyadh,66712.64,21,3176.79
C04727,Returning,Abha,81337.81,22,3697.17
C04728,Returning,Jeddah,49007.82,14,3500.56
C04729,Returning,Makkah,92620.43,24,3859.18
C04730,New,Madinah,67539.05,19,3554.69
C04731,Loyal,Riyadh,80566.76,19,4240.36
C04732,Loyal,Abha,65499.82,18,3638.88
C04733,New,Jeddah,109533.76,24,4563.91
C04734,Loyal,Dammam,64183.9,20,3209.2
C04735,Returning,Madinah,76699.79,16,4793.74
C04736,New,Madinah,28724.12,15,1914.94
C04737,Returning,Makkah,44389.92,13,3414.61
C04738,New,Abha,42343.53,12,3528.63
C04739,Returning,Riyadh,93248.26000000001,23,4054.27
C04740,Returning,Riyadh,47312.98,14,3379.5
C04741,Loyal,Makkah,56111.51,15,3740.77
C04742,Returning,Riyadh,43571.89,17,2563.05
C04743,Returning,Jeddah,89342.66,27,3308.99
C04744,Returning,Khobar,66050.15,20,3302.51
C04745,New,Madinah,93233.95,29,3214.96
C04746,Loyal,Khobar,94105.84,31,3035.67
C04747,Loyal,Jeddah,68647.85,23,2984.69
C04748,Loyal,Abha,50126.72,14,3580.48
C04749,Returning,Makkah,79894.20999999999,21,3804.49
C04750,Returning,Abha,77267.68,27,2861.77
C04751,Loyal,Abha,83083.26,23,3612.32
C04752,Returning,Dammam,77692.29,22,3531.47
C04753,Loyal,Abha,86293.6,24,3595.57
C04754,Returning,Madinah,43381.85,13,3337.07
C04755,Loyal,Jeddah,54120.96,16,3382.56
C04756,Returning,Makkah,75657.12,19,3981.95
C04757,Returning,Jeddah,50371.64,14,3597.97
C04758,Loyal,Khobar,61240.67,18,3402.26
C04759,Returning,Khobar,70040.04,19,3686.32
C04760,New,Makkah,63528.43,20,3176.42
C04761,Returning,Riyadh,78998.61,23,3434.72
C04762,Returning,Abha,69341.25,26,2666.97
C04763,Returning,Riyadh,108293.09,28,3867.61
C04764,Loyal,Abha,87306.56999999999,23,3795.94
C04765,Loyal,Abha,81240.66,23,3532.2
C04766,Returning,Khobar,89577.04,23,3894.65
C04767,New,Makkah,123331.8,24,5138.82
C04768,Returning,Riyadh,48977.98,14,3498.43
C04769,New,Abha,66064.16,16,4129.01
C04770,New,Khobar,47965.4,15,3197.69
C04771,Returning,Abha,74012.75,20,3700.64
C04772,Loyal,Abha,59359.69,18,3297.76
C04773,Returning,Jeddah,48231.72,17,2837.16
C04774,Returning,Makkah,114799.93,29,3958.62
C04775,Loyal,Khobar,99247.02,22,4511.23
C04776,Returning,Khobar,112956.36,25,4518.25
C04777,Loyal,Abha,85148.71,26,3274.95
C04778,New,Khobar,87628.16,21,4172.77
C04779,Returning,Makkah,66692.01,23,2899.65
C04780,Returning,Madinah,83019.11,25,3320.76
C04781,New,Jeddah,113366.29,29,3909.18
C04782,Loyal,Madinah,88620.93,25,3544.84
C04783,Returning,Abha,43065.58,21,2050.74
C04784,Returning,Jeddah,53396.65,16,3337.29
C04785,Returning,Madinah,67001.52,20,3350.08
C04786,Loyal,Khobar,61881.14,17,3640.07
C04787,New,Dammam,54719.5,17,3218.79
C04788,Returning,Jeddah,58999.6,15,3933.31
C04789,New,Jeddah,36271.29,14,2590.81
C04790,Loyal,Makkah,58950.310000000005,17,3467.67
C04791,Loyal,Khobar,66871.98,23,2907.48
C04792,Returning,Riyadh,44670.31,16,2791.89
C04793,Returning,Makkah,62177.31,16,3886.08
C04794,New,Riyadh,70795.64,25,2831.83
C04795,New,Khobar,95327.35,23,4144.67
C04796,Loyal,Khobar,49094.53,19,2583.92
C04797,New,Khobar,88956.8,20,4447.84
C04798,Returning,Jeddah,43299.54,10,4329.95
C04799,New,Jeddah,113965.68,32,3561.43
C04800,Returning,Madinah,53595.200000000004,14,3828.23
C04801,New,Abha,86340.55,25,3453.62
C04802,New,Dammam,64758.45,14,4625.6
C04803,Returning,Abha,55606.47,17,3270.97
C04804,New,Madinah,72973.84,21,3474.94
C04805,Returning,Dammam,90444.55,24,3768.52
C04806,Returning,Madinah,49467.4,19,2603.55
C04807,Loyal,Riyadh,39869.52,13,3066.89
C04808,Loyal,Dammam,67126.67,15,4475.11
C04809,Loyal,Riyadh,105608.81,26,4061.88
C04810,Loyal,Makkah,88162.53,26,3390.87
C04811,Returning,Khobar,84529.17,25,3381.17
C04812,New,Abha,57335.770000000004,16,3583.49
C04813,Returning,Riyadh,61957.909999999996,21,2950.38
C04814,Returning,Riyadh,68756.52,25,2750.26
C04815,Returning,Dammam,84270.8,22,3830.49
C04816,Loyal,Madinah,85362.18,25,3414.49
C04817,New,Abha,79741.28,17,4690.66
C04818,New,Jeddah,74690.91,25,2987.64
C04819,Loyal,Riyadh,66189.56,17,3893.5
C04820,Returning,Dammam,65484.0,23,2847.13
C04821,New,Khobar,45521.47,17,2677.73
C04822,Returning,Riyadh,100835.22,26,3878.28
C04823,Returning,Khobar,110749.45,27,4101.83
C04824,New,Khobar,39754.1,13,3058.01
C04825,New,Makkah,55578.14,17,3269.3
C04826,Loyal,Abha,62413.5,15,4160.9
C04827,Returning,Khobar,74344.74,21,3540.23
C04828,Loyal,Makkah,92244.92,26,3547.88
C04829,Returning,Riyadh,136091.28,31,4390.04
C04830,Returning,Dammam,57981.81,19,3051.67
C04831,New,Dammam,61464.99,18,3414.72
C04832,Returning,Madinah,68904.89,27,2552.03
C04833,Returning,Khobar,54691.99,15,3646.13
C04834,Returning,Madinah,73865.7,18,4103.65
C04835,Returning,Dammam,131280.46,26,5049.25
C04836,Returning,Riyadh,94805.96,26,3646.38
C04837,Returning,Riyadh,39291.770000000004,10,3929.18
C04838,Returning,Dammam,83395.57,24,3474.82
C04839,New,Abha,53971.04,19,2840.58
C04840,Loyal,Makkah,78472.24,19,4130.12
C04841,Returning,Khobar,59058.45,18,3281.02
C04842,New,Riyadh,61827.590000000004,19,3254.08
C04843,New,Khobar,76686.31,26,2949.47
C04844,New,Makkah,82285.45,21,3918.35
C04845,Returning,Abha,61087.09,23,2655.96
C04846,New,Riyadh,70257.78,17,4132.81
C04847,Returning,Makkah,78086.25,23,3395.05
C04848,New,Khobar,65552.54,21,3121.55
C04849,New,Makkah,81881.08,23,3560.05
C04850,Loyal,Dammam,71047.83,16,4440.49
C04851,Loyal,Riyadh,110913.08,23,4822.31
C04852,New,Khobar,48200.0,15,3213.33
C04853,New,Dammam,94698.58,25,3787.94
C04854,New,Makkah,81054.89,20,4052.74
C04855,Returning,Makkah,107417.53,24,4475.73
C04856,Returning,Makkah,51716.27,23,2248.53
C04857,New,Madinah,67289.99,19,3541.58
C04858,Loyal,Madinah,68588.13,22,3117.64
C04859,Loyal,Madinah,90296.07,26,3472.93
C04860,Returning,Riyadh,85727.56999999999,25,3429.1
C04861,Returning,Jeddah,79431.98,21,3782.48
C04862,Loyal,Dammam,63001.98,14,4500.14
C04863,Returning,Dammam,38392.53,9,4265.84
C04864,New,Makkah,49710.8,21,2367.18
C04865,Returning,Dammam,68002.81,19,3579.1
C04866,New,Makkah,87797.31,25,3511.89
C04867,New,Khobar,55885.490000000005,18,3104.75
C04868,New,Dammam,82201.42,22,3736.43
C04869,New,Jeddah,62031.83,18,3446.21
C04870,New,Jeddah,25918.59,13,1993.74
C04871,Loyal,Makkah,44033.72,16,2752.11
C04872,Loyal,Jeddah,79105.35,26,3042.51
C04873,Returning,Madinah,36704.42,12,3058.7
C04874,Returning,Jeddah,72489.06,19,3815.21
C04875,New,Madinah,64760.82,22,2943.67
C04876,Returning,Khobar,65949.15,19,3471.01
C04877,New,Abha,67781.92,19,3567.47
C04878,Returning,Khobar,88726.38,20,4436.32
C04879,Returning,Abha,48832.51,13,3756.35
C04880,Loyal,Jeddah,56985.71,17,3352.1
C04881,Returning,Madinah,79985.32,22,3635.7
C04882,New,Jeddah,88553.06,19,4660.69
C04883,Returning,Madinah,59036.76,18,3279.82
C04884,New,Khobar,45039.2,15,3002.61
C04885,New,Makkah,116254.07,32,3632.94
C04886,Loyal,Riyadh,74336.06,23,3232.0
C04887,New,Madinah,53776.880000000005,14,3841.21
C04888,New,Madinah,59077.840000000004,24,2461.58
C04889,Loyal,Riyadh,69115.51,22,3141.61
C04890,Loyal,Dammam,59507.49,21,2833.69
C04891,Loyal,Dammam,36289.97,11,3299.09
C04892,Returning,Madinah,76348.54,18,4241.59
C04893,Returning,Madinah,58953.46,16,3684.59
C04894,New,Makkah,73218.53,21,3486.6
C04895,Loyal,Dammam,97109.47,24,4046.23
C04896,Returning,Jeddah,61985.229999999996,20,3099.26
C04897,Returning,Riyadh,71437.56999999999,14,5102.68
C04898,New,Riyadh,46688.49,17,2746.38
C04899,Returning,Makkah,87533.96,19,4607.05
C04900,Returning,Makkah,79200.71,21,3771.46
C04901,New,Dammam,49867.22,20,2493.36
C04902,Returning,Riyadh,55612.1,15,3707.47
C04903,New,Abha,74369.48,24,3098.73
C04904,Returning,Makkah,73161.14,20,3658.06
C04905,Returning,Khobar,64447.950000000004,20,3222.4
C04906,New,Jeddah,33739.05,13,2595.31
C04907,Returning,Khobar,101950.55,25,4078.02
C04908,New,Dammam,60784.68,20,3039.23
C04909,Loyal,Makkah,73925.79,18,4106.99
C04910,Loyal,Madinah,76329.5,15,5088.63
C04911,Returning,Makkah,84332.57,22,3833.3
C04912,Returning,Makkah,70588.37,23,3069.06
C04913,Loyal,Riyadh,100483.16,29,3464.94
C04914,New,Madinah,52715.840000000004,17,3100.93
C04915,New,Riyadh,50197.4,17,2952.79
C04916,Loyal,Madinah,97962.81,33,2968.57
C04917,Returning,Dammam,51458.22,15,3430.55
C04918,Returning,Dammam,102330.05,24,4263.75
C04919,Returning,Dammam,83105.27,22,3777.51
C04920,Loyal,Jeddah,65394.79,19,3441.83
C04921,Returning,Jeddah,42124.43,12,3510.37
C04922,New,Dammam,76778.64,20,3838.93
C04923,Returning,Khobar,60603.63,24,2525.15
C04924,Returning,Jeddah,109481.05,28,3910.04
C04925,Returning,Madinah,89597.71,23,3895.55
C04926,Loyal,Makkah,80512.18,18,4472.9
C04927,Loyal,Khobar,98591.55,28,3521.13
C04928,Returning,Riyadh,87425.52,23,3801.11
C04929,Loyal,Abha,62198.78,16,3887.42
C04930,New,Madinah,78348.92,24,3264.54
C04931,New,Jeddah,120075.66,25,4803.03
C04932,Returning,Madinah,88830.28,19,4675.28
C04933,Returning,Jeddah,86477.41,23,3759.89
C04934,Loyal,Dammam,83545.98,20,4177.3
C04935,Loyal,Makkah,121268.2,25,4850.73
C04936,Loyal,Jeddah,58648.03,21,2792.76
C04937,Returning,Makkah,96772.06,24,4032.17
C04938,Loyal,Jeddah,68460.87,18,3803.38
C04939,New,Makkah,97065.01,31,3131.13
C04940,New,Abha,86125.18000000001,20,4306.26
C04941,Returning,Khobar,96995.47,26,3730.6
C04942,Returning,Abha,72423.13,15,4828.21
C04943,Returning,Abha,46780.64,15,3118.71
C04944,New,Madinah,92097.78,26,3542.22
C04945,New,Madinah,75739.26,20,3786.96
C04946,Loyal,Jeddah,60157.46,17,3538.67
C04947,Returning,Abha,50639.17,11,4603.56
C04948,New,Abha,59847.73,15,3989.85
C04949,New,Abha,66611.63,18,3700.65
C04950,Returning,Makkah,68396.63,16,4274.79
C04951,Returning,Riyadh,98362.61,28,3512.95
C04952,New,Khobar,54079.24,17,3181.13
C04953,Loyal,Riyadh,45812.72,10,4581.27
C04954,Returning,Madinah,89221.85,23,3879.21
C04955,Returning,Madinah,55410.32,13,4262.33
C04956,Returning,Abha,62844.1,17,3696.71
C04957,New,Abha,52354.729999999996,16,3272.17
C04958,Returning,Jeddah,51574.35,14,3683.88
C04959,Returning,Madinah,71213.63,25,2848.55
C04960,Returning,Madinah,66217.34,18,3678.74
C04961,New,Abha,48214.32,15,3214.29
C04962,Returning,Makkah,100999.05,24,4208.29
C04963,Returning,Madinah,55487.71,12,4623.98
C04964,New,Abha,59521.630000000005,17,3501.27
C04965,Loyal,Khobar,40388.52,16,2524.28
C04966,Returning,Dammam,35506.72,14,2536.19
C04967,Returning,Madinah,65771.57,17,3868.92
C04968,Returning,Abha,72124.76,18,4006.93
C04969,New,Madinah,88016.45,19,4632.44
C04970,Loyal,Abha,94934.77,23,4127.6
C04971,Returning,Jeddah,82765.75,24,3448.57
C04972,Returning,Jeddah,89696.39,23,3899.84
C04973,Loyal,Dammam,28730.239999999998,12,2394.19
C04974,Loyal,Abha,48808.87,18,2711.6
C04975,Returning,Makkah,65838.12,22,2992.64
C04976,Returning,Madinah,64823.69,19,3411.77
C04977,New,Dammam,63802.409999999996,19,3358.02
C04978,Loyal,Khobar,120424.81,24,5017.7
C04979,Loyal,Jeddah,92079.02,27,3410.33
C04980,Loyal,Riyadh,65528.86,17,3854.64
C04981,New,Makkah,53233.94,15,3548.93
C04982,New,Riyadh,69021.61,19,3632.72
C04983,New,Riyadh,46498.979999999996,18,2583.28
C04984,New,Madinah,92646.04000000001,19,4876.11
C04985,Returning,Abha,45814.36,13,3524.18
C04986,Loyal,Makkah,120666.16,26,4641.01
C04987,Loyal,Madinah,131712.0,29,4541.79
C04988,Loyal,Khobar,61225.09,13,4709.62
C04989,Returning,Khobar,61105.81,18,3394.77
C04990,Loyal,Madinah,99942.97,20,4997.15
C04991,Returning,Makkah,76298.4,18,4238.8
C04992,Loyal,Dammam,66722.92,20,3336.15
C04993,Returning,Riyadh,65374.39,20,3268.72
C04994,Loyal,Dammam,75417.3,17,4436.31
C04995,Loyal,Riyadh,69173.41,17,4069.02
C04996,Returning,Madinah,28644.79,13,2203.45
C04997,New,Madinah,66349.12999999999,15,4423.28
C04998,Returning,Jeddah,48199.96,18,2677.78
C04999,Loyal,Makkah,69856.95,19,3676.68
C05000,New,Dammam,82287.33,18,4571.52
C05001,Loyal,Makkah,77496.16,21,3690.29
C05002,Returning,Riyadh,50419.75,14,3601.41
C05003,Loyal,Makkah,134849.2,37,3644.57
C05004,Loyal,Abha,57232.0,14,4088.0
C05005,Returning,Jeddah,82773.98,21,3941.62
C05006,Returning,Madinah,64325.46,17,3783.85
C05007,Returning,Madinah,77441.72,19,4075.88
C05008,Returning,Riyadh,33050.25,13,2542.33
C05009,Returning,Riyadh,60937.31,15,4062.49
C05010,New,Madinah,80792.6,24,3366.36
C05011,Returning,Makkah,64382.85,23,2799.25
C05012,Loyal,Riyadh,73201.8,24,3050.08
C05013,Returning,Makkah,87835.39,24,3659.81
C05014,Loyal,Dammam,61666.91,20,3083.35
C05015,Loyal,Jeddah,58376.11,15,3891.74
C05016,New,Khobar,76897.53,20,3844.88
C05017,New,Riyadh,69581.22,19,3662.17
C05018,Returning,Jeddah,49603.2,15,3306.88
C05019,Returning,Riyadh,54930.31,21,2615.73
C05020,New,Riyadh,65484.41,21,3118.31
C05021,Returning,Dammam,72074.67,23,3133.68
C05022,Loyal,Jeddah,80889.94,20,4044.5
C05023,Returning,Jeddah,54353.89,16,3397.12
C05024,Returning,Makkah,67098.72,21,3195.18
C05025,Returning,Riyadh,58056.16,16,3628.51
C05026,Loyal,Riyadh,62972.880000000005,20,3148.64
C05027,Loyal,Abha,87896.37,17,5170.37
C05028,New,Makkah,58218.09,13,4478.31
C05029,Returning,Jeddah,64711.2,14,4622.23
C05030,Loyal,Khobar,59349.799999999996,21,2826.18
C05031,New,Dammam,73548.46,18,4086.03
C05032,Returning,Jeddah,47244.8,15,3149.65
C05033,Returning,Riyadh,80178.84,23,3486.04
C05034,Loyal,Makkah,68248.09,19,3592.0
C05035,Loyal,Abha,85923.77,20,4296.19
C05036,Returning,Abha,98299.4,27,3640.72
C05037,New,Abha,78517.22,22,3568.96
C05038,Returning,Abha,58449.54,17,3438.21
C05039,Returning,Abha,71146.39,18,3952.58
C05040,Returning,Madinah,66541.99,17,3914.23
C05041,Loyal,Jeddah,82621.87,20,4131.09
C05042,New,Madinah,63510.619999999995,21,3024.32
C05043,Loyal,Makkah,85741.79,20,4287.09
C05044,New,Khobar,72816.96,22,3309.86
C05045,Returning,Dammam,94015.33,20,4700.77
C05046,Loyal,Jeddah,52211.33,19,2747.96
C05047,Returning,Riyadh,50360.52,12,4196.71
C05048,Loyal,Madinah,95663.78,25,3826.55
C05049,New,Makkah,54596.38,14,3899.74
C05050,Returning,Khobar,52621.62,17,3095.39
C05051,Returning,Khobar,51754.39,16,3234.65
C05052,Returning,Riyadh,111059.58,30,3701.99
C05053,Returning,Dammam,61806.37,17,3635.67
C05054,New,Makkah,85749.0,23,3728.22
C05055,Returning,Khobar,41152.88,17,2420.76
C05056,Returning,Khobar,43511.69,13,3347.05
C05057,New,Riyadh,42010.47,12,3500.87
C05058,Returning,Jeddah,66646.96,20,3332.35
C05059,Loyal,Madinah,59488.88,19,3130.99
C05060,New,Madinah,75427.59,21,3591.79
C05061,Returning,Jeddah,56852.55,18,3158.48
C05062,Returning,Khobar,113833.76,25,4553.35
C05063,Loyal,Makkah,85444.83,16,5340.3
C05064,New,Dammam,68953.3,16,4309.58
C05065,New,Riyadh,47519.99,14,3394.28
C05066,Returning,Abha,49467.17,14,3533.37
C05067,Loyal,Dammam,110119.48,29,3797.22
C05068,New,Makkah,64741.53,17,3808.33
C05069,New,Makkah,48858.22,15,3257.21
C05070,New,Riyadh,98385.26,22,4472.06
C05071,Returning,Riyadh,47713.72,16,2982.11
C05072,Returning,Abha,43995.35,15,2933.02
C05073,New,Abha,73024.65,20,3651.23
C05074,Returning,Madinah,77876.72,20,3893.84
C05075,Returning,Dammam,71639.33,15,4775.96
C05076,New,Madinah,80424.54,23,3496.72
C05077,Returning,Jeddah,23797.36,11,2163.4
C05078,New,Riyadh,41086.01,15,2739.07
C05079,Returning,Dammam,57651.09,18,3202.84
C05080,Loyal,Madinah,124469.8,32,3889.68
C05081,New,Abha,49294.31,18,2738.57
C05082,Returning,Makkah,64393.22,21,3066.34
C05083,Returning,Khobar,77767.56,22,3534.89
C05084,Loyal,Dammam,87652.94,22,3984.22
C05085,New,Abha,83765.26999999999,23,3641.97
C05086,New,Riyadh,109722.39,26,4220.09
C05087,Returning,Khobar,71037.78,20,3551.89
C05088,Returning,Khobar,75752.29,19,3986.96
C05089,New,Abha,89043.45,24,3710.14
C05090,Returning,Madinah,76419.47,20,3820.97
C05091,Returning,Khobar,85442.72,23,3714.9
C05092,Returning,Madinah,79839.7,19,4202.09
C05093,New,Khobar,64736.44,23,2814.63
C05094,New,Abha,118305.0,26,4550.19
C05095,Returning,Abha,80249.03,22,3647.68
C05096,New,Madinah,115886.52,30,3862.88
C05097,New,Madinah,68065.06,22,3093.87
C05098,Loyal,Madinah,79677.87,22,3621.72
C05099,Loyal,Khobar,76785.75,19,4041.36
C05100,Loyal,Madinah,34478.41,11,3134.4
C05101,Returning,Riyadh,101031.38,26,3885.82
C05102,Loyal,Riyadh,63543.259999999995,17,3737.84
C05103,New,Abha,92976.17,21,4427.44
C05104,Returning,Madinah,52791.229999999996,17,3105.37
C05105,Loyal,Jeddah,91010.81,25,3640.43
C05106,New,Abha,69123.61,18,3840.2
C05107,Returning,Abha,21557.53,7,3079.65
C05108,Loyal,Jeddah,67562.68000000001,20,3378.13
C05109,Loyal,Dammam,62747.59,18,3485.98
C05110,Loyal,Madinah,78811.31999999999,20,3940.57
C05111,Loyal,Makkah,65005.479999999996,21,3095.5
C05112,New,Dammam,35385.45,13,2721.96
C05113,Returning,Makkah,54894.63,14,3921.04
C05114,Loyal,Makkah,65181.75,23,2833.99
C05115,New,Makkah,40375.32,11,3670.48
C05116,Returning,Riyadh,83070.05,20,4153.5
C05117,New,Khobar,59110.79,18,3283.93
C05118,New,Dammam,78564.41,19,4134.97
C05119,Returning,Jeddah,92655.62,26,3563.68
C05120,Returning,Dammam,82900.5,28,2960.73
C05121,Returning,Madinah,56413.090000000004,17,3318.42
C05122,Loyal,Madinah,66448.51,21,3164.21
C05123,Loyal,Khobar,63434.28,18,3524.13
C05124,New,Jeddah,68587.9,23,2982.08
C05125,Returning,Dammam,35040.56,11,3185.51
C05126,Returning,Jeddah,43447.17,13,3342.09
C05127,New,Dammam,75117.07,21,3577.0
C05128,Loyal,Madinah,65650.12,17,3861.77
C05129,Loyal,Riyadh,44002.659999999996,14,3143.05
C05130,Returning,Dammam,76743.61,17,4514.33
C05131,Loyal,Jeddah,96874.35,30,3229.14
C05132,Loyal,Makkah,66823.9,19,3517.05
C05133,Returning,Abha,52256.08,18,2903.12
C05134,Returning,Khobar,51012.45,15,3400.83
C05135,New,Abha,76465.73,18,4248.1
C05136,New,Abha,75806.59,21,3609.84
C05137,Loyal,Khobar,73854.33,21,3516.87
C05138,Loyal,Riyadh,72339.27,21,3444.73
C05139,New,Dammam,110915.62,26,4265.99
C05140,New,Abha,85736.5,22,3897.11
C05141,New,Jeddah,128275.16,27,4750.93
C05142,New,Madinah,50183.23,20,2509.16
C05143,Returning,Madinah,89529.25,22,4069.51
C05144,Loyal,Madinah,48926.159999999996,14,3494.73
C05145,New,Abha,32911.39,9,3656.82
C05146,New,Makkah,115628.98,23,5027.35
C05147,Returning,Makkah,78261.89,17,4603.64
C05148,Loyal,Makkah,40109.53,12,3342.46
C05149,Returning,Abha,57945.95,13,4457.38
C05150,Returning,Riyadh,63316.08,18,3517.56
C05151,Returning,Jeddah,62294.85,21,2966.42
C05152,Returning,Makkah,63488.020000000004,18,3527.11
C05153,New,Khobar,58512.12,18,3250.67
C05154,Loyal,Makkah,95098.28,26,3657.63
C05155,New,Makkah,67944.2,18,3774.68
C05156,Loyal,Khobar,65204.979999999996,19,3431.84
C05157,Returning,Abha,78521.8,23,3413.99
C05158,Returning,Khobar,86226.94,23,3749.0
C05159,Returning,Makkah,83177.92,24,3465.75
C05160,Returning,Abha,61259.54,21,2917.12
C05161,Returning,Dammam,73146.64,19,3849.82
C05162,Returning,Madinah,83707.03,17,4923.94
C05163,Returning,Makkah,67730.99,24,2822.12
C05164,Returning,Abha,61639.42,16,3852.46
C05165,New,Madinah,66570.62,18,3698.37
C05166,Loyal,Madinah,72151.42,25,2886.06
C05167,Loyal,Khobar,112244.72,30,3741.49
C05168,Loyal,Makkah,111357.06999999999,25,4454.28
C05169,New,Khobar,88533.72,22,4024.26
C05170,New,Jeddah,76565.79,17,4503.87
C05171,New,Makkah,68092.01,24,2837.17
C05172,Loyal,Jeddah,72551.37,22,3297.79
C05173,New,Jeddah,56368.909999999996,20,2818.45
C05174,New,Dammam,92142.93,22,4188.31
C05175,New,Jeddah,72454.04,19,3813.37
C05176,New,Madinah,67284.36,21,3204.02
C05177,Returning,Makkah,77233.2,19,4064.91
C05178,Loyal,Makkah,46782.77,19,2462.25
C05179,Loyal,Madinah,92341.97,27,3420.07
C05180,New,Makkah,109379.31999999999,30,3645.98
C05181,Loyal,Khobar,100777.73999999999,26,3876.07
C05182,Loyal,Madinah,76673.33,19,4035.44
C05183,New,Makkah,57717.55,22,2623.52
C05184,Loyal,Riyadh,67703.04,20,3385.15
C05185,Loyal,Jeddah,50198.17,14,3585.58
C05186,Returning,Dammam,81139.8,17,4772.93
C05187,Returning,Abha,50492.92,20,2524.65
C05188,Returning,Dammam,95572.09,21,4551.05
C05189,New,Abha,73232.73,17,4307.81
C05190,Returning,Makkah,42651.69,13,3280.9
C05191,New,Abha,113695.88,27,4210.96
C05192,Returning,Madinah,52656.97,19,2771.42
C05193,Loyal,Jeddah,59343.07,17,3490.77
C05194,Returning,Riyadh,129276.68,35,3693.62
C05195,Returning,Riyadh,79597.15,20,3979.86
C05196,Loyal,Madinah,46140.62,18,2563.37
C05197,Returning,Makkah,92744.11,22,4215.64
C05198,Returning,Jeddah,58134.61,18,3229.7
C05199,New,Riyadh,34165.04,14,2440.36
C05200,Returning,Riyadh,57198.79,15,3813.25
C05201,New,Makkah,40441.45,11,3676.5
C05202,Returning,Jeddah,97708.18000000001,25,3908.33
C05203,Returning,Abha,92476.08,24,3853.17
C05204,Loyal,Abha,46749.64,20,2337.48
C05205,Returning,Dammam,80319.45,20,4015.97
C05206,New,Jeddah,39382.58,12,3281.88
C05207,Returning,Dammam,44998.92,17,2647.0
C05208,Returning,Madinah,67293.27,20,3364.66
C05209,New,Jeddah,65729.2,17,3866.42
C05210,Returning,Madinah,92398.8,29,3186.17
C05211,Returning,Riyadh,73475.27,20,3673.76
C05212,Returning,Makkah,73526.67,20,3676.33
C05213,Returning,Riyadh,61251.02,22,2784.14
C05214,Returning,Khobar,65824.32,13,5063.41
C05215,Returning,Jeddah,65815.72,17,3871.51
C05216,Returning,Abha,73344.74,21,3492.61
C05217,New,Jeddah,73828.6,19,3885.72
C05218,Returning,Dammam,45150.79,12,3762.57
C05219,Loyal,Riyadh,44535.71,19,2343.98
C05220,Returning,Jeddah,58309.310000000005,17,3429.96
C05221,Returning,Madinah,74873.95,20,3743.7
C05222,Loyal,Riyadh,64504.66,21,3071.65
C05223,New,Khobar,83040.19,19,4370.54
C05224,Returning,Riyadh,82546.5,18,4585.92
C05225,Loyal,Dammam,44471.06,17,2615.94
C05226,Returning,Khobar,27950.98,11,2541.0
C05227,Returning,Jeddah,28611.94,12,2384.33
C05228,Returning,Makkah,53417.44,15,3561.16
C05229,Returning,Jeddah,113706.98,29,3920.93
C05230,Returning,Makkah,43052.84,14,3075.2
C05231,Returning,Dammam,70152.76,23,3050.12
C05232,Returning,Dammam,72233.56,20,3611.68
C05233,Returning,Madinah,57633.96,17,3390.23
C05234,New,Abha,56956.7,13,4381.28
C05235,Loyal,Jeddah,99460.8,25,3978.43
C05236,Loyal,Dammam,43558.68,14,3111.33
C05237,Returning,Riyadh,60995.38,20,3049.77
C05238,Returning,Khobar,81380.95,30,2712.7
C05239,New,Abha,74251.86,21,3535.8
C05240,Returning,Madinah,107577.59999999999,23,4677.29
C05241,New,Jeddah,49373.5,13,3797.96
C05242,Returning,Dammam,55205.21,20,2760.26
C05243,New,Khobar,63131.13,17,3713.6
C05244,Loyal,Riyadh,85664.09,26,3294.77
C05245,New,Abha,76836.15,16,4802.26
C05246,New,Abha,81823.45,28,2922.27
C05247,Returning,Abha,101190.62,21,4818.6
C05248,New,Abha,27596.8,11,2508.8
C05249,New,Khobar,85846.62,24,3576.94
C05250,Loyal,Abha,66767.85,17,3927.52
C05251,Returning,Abha,75311.74,22,3423.26
C05252,Loyal,Madinah,72420.32,20,3621.02
C05253,Loyal,Khobar,69793.85,25,2791.75
C05254,Loyal,Dammam,59839.95,17,3520.0
C05255,Returning,Makkah,119907.16,30,3996.91
C05256,Returning,Makkah,87425.92,25,3497.04
C05257,Returning,Dammam,90448.71,26,3478.8
C05258,New,Jeddah,53619.83,15,3574.66
C05259,New,Madinah,67654.41,16,4228.4
C05260,Loyal,Makkah,58937.39,20,2946.87
C05261,Returning,Abha,48366.88,19,2545.63
C05262,New,Khobar,66323.47,17,3901.38
C05263,New,Abha,61530.82,18,3418.38
C05264,Returning,Makkah,33754.020000000004,11,3068.55
C05265,Loyal,Jeddah,57662.950000000004,16,3603.93
C05266,New,Riyadh,64929.85,20,3246.49
C05267,New,Riyadh,68138.26,16,4258.64
C05268,New,Abha,85370.56,21,4065.26
C05269,Loyal,Madinah,57689.53,17,3393.5
C05270,New,Riyadh,66841.6,13,5141.66
C05271,Returning,Madinah,76673.4,17,4510.2
C05272,Returning,Riyadh,112390.3,29,3875.53
C05273,Loyal,Dammam,79695.66,24,3320.65
C05274,Returning,Makkah,82786.34999999999,19,4357.18
C05275,New,Dammam,61162.29,19,3219.07
C05276,Loyal,Riyadh,85567.83,24,3565.33
C05277,New,Makkah,66507.27,22,3023.06
C05278,New,Abha,59625.67,22,2710.26
C05279,New,Jeddah,31102.59,12,2591.88
C05280,Returning,Dammam,64962.58,18,3609.03
C05281,Loyal,Jeddah,79721.24,19,4195.85
C05282,Returning,Madinah,53465.34,17,3145.02
C05283,Loyal,Makkah,77889.58,21,3709.03
C05284,New,Dammam,71820.52,20,3591.03
C05285,Loyal,Dammam,67479.76,25,2699.19
C05286,Loyal,Dammam,84536.89,22,3842.59
C05287,Returning,Abha,66871.69,17,3933.63
C05288,Returning,Riyadh,75134.17,17,4419.66
C05289,Returning,Abha,92682.63,28,3310.09
C05290,Returning,Dammam,79841.16,22,3629.14
C05291,Loyal,Khobar,85945.67,24,3581.07
C05292,New,Madinah,61986.44,22,2817.57
C05293,Returning,Madinah,73872.98,19,3888.05
C05294,New,Riyadh,69900.95,24,2912.54
C05295,Returning,Riyadh,67901.97,15,4526.8
C05296,Returning,Dammam,49551.31,12,4129.28
C05297,Returning,Riyadh,89956.1,16,5622.26
C05298,Loyal,Dammam,112763.24,27,4176.42
C05299,Returning,Riyadh,88353.23,18,4908.51
C05300,Returning,Dammam,55107.869999999995,17,3241.64
C05301,New,Abha,62385.200000000004,16,3899.08
C05302,New,Abha,82009.81,25,3280.39
C05303,Returning,Madinah,57097.66,20,2854.88
C05304,Loyal,Jeddah,89728.99,23,3901.26
C05305,Returning,Riyadh,39812.83,12,3317.74
C05306,Returning,Riyadh,63353.09,18,3519.62
C05307,Returning,Dammam,79921.66,22,3632.8
C05308,Loyal,Abha,87547.42,29,3018.88
C05309,Loyal,Madinah,93314.51,24,3888.1
C05310,Loyal,Khobar,51166.16,13,3935.86
C05311,Returning,Makkah,47965.619999999995,12,3997.14
C05312,Loyal,Jeddah,26518.239999999998,13,2039.86
C05313,Returning,Madinah,79130.3,15,5275.35
C05314,Returning,Makkah,106942.63,26,4113.18
C05315,Loyal,Madinah,63931.18,19,3364.8
C05316,Returning,Abha,97260.02,26,3740.77
C05317,Loyal,Riyadh,66102.84,16,4131.43
C05318,Returning,Jeddah,71157.45,19,3745.13
C05319,Returning,Jeddah,101743.07,26,3913.2
C05320,Loyal,Jeddah,41332.3,17,2431.31
C05321,Returning,Jeddah,79996.62,21,3809.36
C05322,Loyal,Madinah,84974.61,20,4248.73
C05323,Loyal,Jeddah,54872.61,19,2888.03
C05324,New,Madinah,42131.88,13,3240.91
C05325,Returning,Jeddah,34750.13,10,3475.01
C05326,Returning,Khobar,68274.87,20,3413.74
C05327,Returning,Khobar,60499.6,23,2630.42
C05328,Returning,Makkah,59138.3,21,2816.11
C05329,Returning,Khobar,51647.29,15,3443.15
C05330,New,Khobar,62786.24,23,2729.84
C05331,Returning,Khobar,94650.71,23,4115.25
C05332,Returning,Dammam,69322.36,17,4077.79
C05333,Loyal,Riyadh,57606.4,18,3200.36
C05334,New,Madinah,55870.63,16,3491.91
C05335,New,Madinah,88243.41,23,3836.67
C05336,Returning,Riyadh,98328.76999999999,25,3933.15
C05337,Returning,Madinah,74320.79000000001,20,3716.04
C05338,Loyal,Khobar,48502.45,16,3031.4
C05339,Loyal,Madinah,75993.83,19,3999.68
C05340,Returning,Abha,91871.81,22,4175.99
C05341,Returning,Riyadh,87666.72,22,3984.85
C05342,Returning,Makkah,88447.58,24,3685.32
C05343,Returning,Abha,39912.88,13,3070.22
C05344,Returning,Makkah,52765.43,13,4058.88
C05345,Loyal,Khobar,71092.94,22,3231.5
C05346,New,Riyadh,64704.29,16,4044.02
C05347,New,Jeddah,75224.56,24,3134.36
C05348,New,Khobar,81186.94,24,3382.79
C05349,Loyal,Madinah,39794.39,15,2652.96
C05350,Loyal,Dammam,106268.58,24,4427.86
C05351,Returning,Khobar,54874.19,17,3227.89
C05352,Loyal,Dammam,77842.65,21,3706.79
C05353,Returning,Jeddah,75088.75,25,3003.55
C05354,New,Makkah,79263.14,23,3446.22
C05355,Returning,Riyadh,89123.35,24,3713.47
C05356,Returning,Jeddah,58998.13,20,2949.91
C05357,Returning,Khobar,71313.79,19,3753.36
C05358,Returning,Riyadh,105161.36,29,3626.25
C05359,New,Abha,66051.6,21,3145.31
C05360,Loyal,Khobar,80984.31,22,3681.1
C05361,Returning,Madinah,58484.46,16,3655.28
C05362,Loyal,Madinah,48377.34,16,3023.58
C05363,Loyal,Jeddah,66620.29000000001,14,4758.59
C05364,New,Jeddah,81253.84,25,3250.15
C05365,Returning,Makkah,90767.93,30,3025.6
C05366,Loyal,Khobar,47565.91,17,2797.99
C05367,Returning,Dammam,99218.33,23,4313.84
C05368,Returning,Riyadh,58622.18,18,3256.79
C05369,New,Dammam,51018.79,17,3001.11
C05370,Returning,Riyadh,84015.17,19,4421.85
C05371,Returning,Jeddah,47073.42,17,2769.02
C05372,Returning,Makkah,81255.95,26,3125.23
C05373,Loyal,Makkah,44955.32,14,3211.09
C05374,New,Dammam,89485.32,26,3441.74
C05375,Loyal,Dammam,115754.23,30,3858.47
C05376,Returning,Riyadh,41339.56,12,3444.96
C05377,New,Abha,74727.66,22,3396.71
C05378,Loyal,Makkah,67801.47,19,3568.5
C05379,New,Madinah,51818.979999999996,16,3238.69
C05380,Returning,Riyadh,69211.75,22,3145.99
C05381,New,Riyadh,50974.47,16,3185.9
C05382,Returning,Madinah,90789.34,20,4539.47
C05383,Returning,Makkah,59183.42,23,2573.19
C05384,New,Khobar,63689.369999999995,17,3746.43
C05385,New,Jeddah,77939.76,26,2997.68
C05386,Returning,Abha,70269.62,16,4391.85
C05387,Returning,Khobar,56179.58,14,4012.83
C05388,Loyal,Khobar,97281.43000000001,20,4864.07
C05389,Returning,Khobar,61699.4,20,3084.97
C05390,Loyal,Makkah,118724.24,27,4397.19
C05391,Loyal,Abha,59205.93,16,3700.37
C05392,New,Jeddah,95965.42,23,4172.41
C05393,New,Makkah,121144.31999999999,33,3671.04
C05394,Loyal,Riyadh,98616.33,29,3400.56
C05395,Returning,Madinah,68718.25,25,2748.73
C05396,Loyal,Makkah,55715.46,15,3714.36
C05397,New,Khobar,66573.46,20,3328.67
C05398,New,Makkah,60984.93,21,2904.04
C05399,Loyal,Makkah,49164.57,15,3277.64
C05400,Loyal,Makkah,45558.86,16,2847.43
C05401,New,Madinah,66817.82,16,4176.11
C05402,New,Abha,99478.99,24,4144.96
C05403,Returning,Jeddah,118599.56,28,4235.7
C05404,Returning,Khobar,69640.93000000001,18,3868.94
C05405,Loyal,Madinah,78878.39,21,3756.11
C05406,Loyal,Makkah,72042.78,25,2881.71
C05407,Loyal,Makkah,69248.24,17,4073.43
C05408,New,Jeddah,54436.11,17,3202.12
C05409,Loyal,Dammam,88136.86,19,4638.78
C05410,New,Dammam,75081.21,22,3412.78
C05411,Loyal,Abha,52726.4,13,4055.88
C05412,Returning,Makkah,35498.47,13,2730.65
C05413,Returning,Makkah,96869.12,24,4036.21
C05414,Returning,Dammam,82443.76,21,3925.89
C05415,Loyal,Riyadh,76184.12,22,3462.91
C05416,New,Riyadh,59360.55,22,2698.21
C05417,New,Madinah,77759.62,22,3534.53
C05418,Loyal,Jeddah,76859.15000000001,19,4045.22
C05419,New,Riyadh,101340.72,20,5067.04
C05420,Returning,Dammam,85558.26,21,4074.2
C05421,Returning,Khobar,103707.48,26,3988.75
C05422,Returning,Dammam,43304.26,19,2279.17
C05423,New,Jeddah,56040.16,16,3502.51
C05424,Loyal,Riyadh,46004.759999999995,14,3286.05
C05425,Returning,Makkah,92267.0,24,3844.46
C05426,Loyal,Riyadh,67828.12,18,3768.23
C05427,Loyal,Dammam,48889.72,15,3259.31
C05428,Returning,Jeddah,76776.13,20,3838.81
C05429,Loyal,Khobar,88264.08,25,3530.56
C05430,New,Jeddah,76711.59,19,4037.45
C05431,Returning,Khobar,73447.16,20,3672.36
C05432,New,Dammam,91454.83,16,5715.93
C05433,New,Dammam,71182.25,26,2737.78
C05434,New,Jeddah,64198.060000000005,21,3057.05
C05435,Returning,Makkah,63170.67,11,5742.79
C05436,Returning,Khobar,80826.28,22,3673.92
C05437,Loyal,Makkah,59729.25,23,2596.92
C05438,Returning,Madinah,81375.78,19,4282.94
C05439,New,Khobar,53785.79,13,4137.37
C05440,Loyal,Dammam,74875.14,19,3940.8
C05441,Returning,Khobar,91876.08,22,4176.19
C05442,New,Jeddah,92298.02,24,3845.75
C05443,Returning,Riyadh,61822.42,15,4121.49
C05444,Loyal,Makkah,52885.39,14,3777.53
C05445,Loyal,Madinah,88077.70999999999,22,4003.53
C05446,Returning,Jeddah,55548.61,19,2923.61
C05447,Returning,Makkah,66131.76,17,3890.1
C05448,New,Madinah,75132.17,18,4174.01
C05449,New,Abha,74651.53,27,2764.87
C05450,Returning,Makkah,64269.53,19,3382.61
C05451,Loyal,Khobar,58717.42,22,2668.97
C05452,Returning,Jeddah,67691.41,21,3223.4
C05453,Loyal,Madinah,80840.45,26,3109.25
C05454,Returning,Khobar,92478.41,25,3699.14
C05455,New,Makkah,53264.6,16,3329.04
C05456,New,Jeddah,100006.9,26,3846.42
C05457,Returning,Jeddah,63638.4,17,3743.44
C05458,Loyal,Makkah,118754.58,30,3958.49
C05459,Loyal,Riyadh,99776.56,25,3991.06
C05460,Returning,Khobar,51265.340000000004,18,2848.07
C05461,Returning,Madinah,36182.99,15,2412.2
C05462,Returning,Khobar,49344.6,15,3289.64
C05463,Returning,Makkah,86116.27,23,3744.19
C05464,New,Madinah,28712.23,11,2610.2
C05465,Returning,Madinah,69102.24,21,3290.58
C05466,Loyal,Riyadh,55766.51,15,3717.77
C05467,Returning,Riyadh,31773.46,12,2647.79
C05468,New,Makkah,79766.34,22,3625.74
C05469,Loyal,Riyadh,78211.74,20,3910.59
C05470,Loyal,Abha,36877.94,12,3073.16
C05471,Returning,Jeddah,74445.86,18,4135.88
C05472,New,Khobar,87520.59,21,4167.65
C05473,Returning,Jeddah,66783.2,21,3180.15
C05474,Returning,Jeddah,82128.09,27,3041.78
C05475,Loyal,Abha,87432.81,24,3643.03
C05476,Returning,Madinah,87039.34,26,3347.67
C05477,Returning,Jeddah,81793.65,22,3717.89
C05478,Returning,Makkah,57768.74,22,2625.85
C05479,Returning,Jeddah,48471.98,15,3231.47
C05480,Returning,Abha,57669.12,15,3844.61
C05481,Returning,Abha,102278.49,29,3526.84
C05482,Returning,Makkah,58961.42,21,2807.69
C05483,Returning,Riyadh,68781.14,19,3620.06
C05484,Returning,Makkah,105705.85,30,3523.53
C05485,Returning,Khobar,104994.73,24,4374.78
C05486,New,Jeddah,80784.59,22,3672.03
C05487,Returning,Riyadh,71556.4,15,4770.43
C05488,New,Makkah,51368.8,17,3021.69
C05489,New,Riyadh,81053.67,21,3859.7
C05490,Loyal,Madinah,64775.04,18,3598.61
C05491,Returning,Makkah,99773.03,25,3990.92
C05492,New,Jeddah,53804.04,18,2989.11
C05493,New,Makkah,60416.29,16,3776.02
C05494,New,Riyadh,86866.86,17,5109.82
C05495,Loyal,Abha,83295.42,23,3621.54
C05496,Loyal,Makkah,66721.23,19,3511.64
C05497,Returning,Dammam,58504.61,19,3079.19
C05498,Returning,Khobar,53665.909999999996,15,3577.73
C05499,New,Dammam,37424.42,13,2878.8
C05500,Returning,Jeddah,42638.86,14,3045.63
C05501,Loyal,Jeddah,50791.68,16,3174.48
C05502,Loyal,Dammam,43375.11,14,3098.22
C05503,Returning,Madinah,75653.06,20,3782.65
C05504,Returning,Madinah,92272.27,24,3844.68
C05505,New,Jeddah,59279.23,19,3119.96
C05506,Returning,Dammam,92405.99,24,3850.25
C05507,New,Abha,40393.45,14,2885.25
C05508,Loyal,Riyadh,114319.95,24,4763.33
C05509,Loyal,Riyadh,77337.2,23,3362.49
C05510,Returning,Riyadh,101140.42,26,3890.02
C05511,Returning,Makkah,81820.28,18,4545.57
C05512,Returning,Madinah,88414.47,20,4420.72
C05513,Returning,Riyadh,25204.79,12,2100.4
C05514,Returning,Jeddah,67200.73,20,3360.04
C05515,New,Dammam,96579.32,23,4199.1
C05516,Returning,Makkah,84358.56,25,3374.34
C05517,Loyal,Makkah,61871.31,17,3639.49
C05518,New,Khobar,58315.92,19,3069.26
C05519,Loyal,Dammam,62847.04,17,3696.88
C05520,New,Jeddah,64737.25,18,3596.51
C05521,Returning,Madinah,126053.29000000001,31,4066.24
C05522,New,Khobar,70153.6,22,3188.8
C05523,New,Jeddah,57869.13,13,4451.47
C05524,Returning,Jeddah,67511.91,21,3214.85
C05525,New,Abha,72101.14,18,4005.62
C05526,Returning,Jeddah,64227.97,24,2676.17
C05527,Returning,Khobar,68557.53,19,3608.29
C05528,Loyal,Makkah,87315.96,24,3638.17
C05529,New,Abha,55305.73,18,3072.54
C05530,Loyal,Jeddah,73213.88,24,3050.58
C05531,Returning,Jeddah,80558.23,24,3356.59
C05532,Returning,Khobar,47807.82,13,3677.52
C05533,New,Abha,78008.44,23,3391.67
C05534,Returning,Riyadh,43113.86,13,3316.45
C05535,Returning,Riyadh,63379.93,20,3169.0
C05536,Loyal,Makkah,87935.08,21,4187.38
C05537,Loyal,Dammam,79646.99,23,3462.91
C05538,New,Makkah,63884.15,16,3992.76
C05539,New,Riyadh,48095.340000000004,18,2671.96
C05540,New,Jeddah,80942.09,21,3854.39
C05541,New,Makkah,79172.18,19,4166.96
C05542,Returning,Makkah,57173.74,16,3573.36
C05543,Returning,Riyadh,49552.17,15,3303.48
C05544,Returning,Khobar,37732.65,14,2695.19
C05545,Loyal,Khobar,59335.77,17,3490.34
C05546,New,Dammam,83297.48,23,3621.63
C05547,Loyal,Jeddah,115866.42,25,4634.66
C05548,New,Khobar,65125.84,20,3256.29
C05549,Returning,Riyadh,88664.66,23,3854.99
C05550,Returning,Abha,61429.88,18,3412.77
C05551,Returning,Jeddah,48406.08,15,3227.07
C05552,Returning,Khobar,59344.88,21,2825.95
C05553,New,Dammam,91545.28,21,4359.3
C05554,Returning,Riyadh,66850.91,15,4456.73
C05555,Returning,Abha,58602.41,18,3255.69
C05556,New,Madinah,83815.07,22,3809.78
C05557,New,Madinah,69371.67,20,3468.58
C05558,New,Khobar,27072.73,9,3008.08
C05559,Returning,Dammam,63206.62,23,2748.11
C05560,Returning,Jeddah,59318.12,14,4237.01
C05561,Loyal,Madinah,52670.28,16,3291.89
C05562,Loyal,Khobar,73579.65000000001,19,3872.61
C05563,Returning,Madinah,83697.08,27,3099.89
C05564,Loyal,Jeddah,65172.659999999996,17,3833.69
C05565,Returning,Abha,54479.39,15,3631.96
C05566,New,Khobar,48963.84,15,3264.26
C05567,Returning,Jeddah,81907.0,19,4310.89
C05568,Returning,Dammam,44053.4,16,2753.34
C05569,New,Abha,100874.7,26,3879.8
C05570,Loyal,Khobar,90839.27,25,3633.57
C05571,New,Dammam,91563.18000000001,24,3815.13
C05572,New,Khobar,75018.57,27,2778.47
C05573,Loyal,Khobar,59421.04,19,3127.42
C05574,Returning,Dammam,119246.12,33,3613.52
C05575,Returning,Riyadh,81863.64,23,3559.29
C05576,New,Abha,79140.7,31,2552.93
C05577,Returning,Dammam,47858.51,18,2658.81
C05578,New,Khobar,87131.83,27,3227.1
C05579,Loyal,Dammam,65764.09,18,3653.56
C05580,Returning,Abha,77050.73,21,3669.08
C05581,Loyal,Madinah,102342.66,26,3936.26
C05582,Returning,Khobar,60148.009999999995,15,4009.87
C05583,Returning,Madinah,75267.19,19,3961.43
C05584,Returning,Abha,59111.93,20,2955.6
C05585,Returning,Makkah,57336.12,18,3185.34
C05586,Returning,Abha,85827.18000000001,24,3576.13
C05587,Returning,Dammam,84999.8,24,3541.66
C05588,Returning,Khobar,56538.87,19,2975.73
C05589,Loyal,Khobar,57733.35,14,4123.81
C05590,New,Makkah,88696.5,22,4031.66
C05591,New,Dammam,72622.6,22,3301.03
C05592,Loyal,Abha,39844.98,12,3320.42
C05593,Returning,Khobar,72107.3,17,4241.61
C05594,New,Riyadh,59728.67,18,3318.26
C05595,Loyal,Abha,41030.17,16,2564.39
C05596,Returning,Dammam,48828.54,19,2569.92
C05597,Returning,Madinah,65796.92,14,4699.78
C05598,Loyal,Dammam,83459.16,17,4909.36
C05599,Returning,Dammam,73861.47,22,3357.34
C05600,Returning,Madinah,102532.25,30,3417.74
C05601,Returning,Abha,57400.75,18,3188.93
C05602,Loyal,Abha,73323.38,20,3666.17
C05603,New,Makkah,53817.14,18,2989.84
C05604,New,Dammam,46963.11,13,3612.55
C05605,Loyal,Jeddah,51658.5,14,3689.89
C05606,Returning,Abha,62115.21,21,2957.87
C05607,New,Riyadh,91567.41,24,3815.31
C05608,New,Makkah,51116.79,17,3006.87
C05609,Returning,Makkah,71905.91,25,2876.24
C05610,New,Makkah,103909.37,24,4329.56
C05611,New,Dammam,42344.01,13,3257.23
C05612,Loyal,Madinah,58323.6,18,3240.2
C05613,Returning,Makkah,84632.05,23,3679.65
C05614,Returning,Abha,101910.70999999999,21,4852.89
C05615,Returning,Khobar,57026.73,26,2193.34
C05616,Loyal,Makkah,91955.18,20,4597.76
C05617,Loyal,Jeddah,48646.48,13,3742.04
C05618,Returning,Makkah,49548.44,16,3096.78
C05619,Returning,Jeddah,71829.73,21,3420.46
C05620,Loyal,Makkah,30399.84,14,2171.42
C05621,Returning,Abha,67016.08,19,3527.16
C05622,Returning,Makkah,60055.4,15,4003.69
C05623,Loyal,Madinah,40570.35,15,2704.69
C05624,Loyal,Abha,78410.57,22,3564.12
C05625,Returning,Madinah,30459.09,9,3384.34
C05626,New,Dammam,94093.71,27,3484.95
C05627,Loyal,Makkah,53678.39,16,3354.9
C05628,Returning,Dammam,88403.66,21,4209.7
C05629,New,Jeddah,66196.22,19,3484.01
C05630,Returning,Dammam,52142.36,18,2896.8
C05631,Loyal,Makkah,88067.35,22,4003.06
C05632,New,Riyadh,66984.33,17,3940.25
C05633,Loyal,Madinah,69105.5,13,5315.81
C05634,Loyal,Madinah,70379.81,18,3909.99
C05635,Returning,Riyadh,69468.15000000001,21,3308.01
C05636,Loyal,Makkah,51793.78,18,2877.43
C05637,New,Riyadh,104396.45,25,4175.86
C05638,Loyal,Dammam,132058.59,35,3773.1
C05639,Returning,Riyadh,96149.59,28,3433.91
C05640,New,Madinah,77340.67,17,4549.45
C05641,Returning,Khobar,121985.49,31,3935.02
C05642,Returning,Jeddah,54924.43,18,3051.36
C05643,New,Riyadh,95937.65,25,3837.51
C05644,Returning,Abha,82836.31999999999,21,3944.59
C05645,Returning,Riyadh,70829.58,17,4166.45
C05646,Returning,Madinah,71938.43,24,2997.43
C05647,Returning,Abha,64411.92,17,3788.94
C05648,Returning,Riyadh,51636.86,15,3442.46
C05649,Returning,Makkah,50512.83,17,2971.34
C05650,Returning,Abha,73832.59,19,3885.93
C05651,Returning,Riyadh,71655.73,19,3771.35
C05652,Returning,Riyadh,58663.78,18,3259.1
C05653,Returning,Riyadh,69767.1,17,4103.95
C05654,New,Makkah,90778.34,20,4538.92
C05655,New,Abha,41432.9,12,3452.74
C05656,Returning,Jeddah,65806.68,17,3870.98
C05657,Returning,Madinah,39919.520000000004,15,2661.3
C05658,Returning,Abha,60952.93,17,3585.47
C05659,New,Khobar,43353.15,20,2167.66
C05660,Returning,Jeddah,104558.68,26,4021.49
C05661,Loyal,Jeddah,43392.43,18,2410.69
C05662,Returning,Riyadh,67924.21,19,3574.96
C05663,Returning,Abha,39804.89,11,3618.63
C05664,Returning,Abha,73017.45,22,3318.98
C05665,Returning,Khobar,35647.96,15,2376.53
C05666,Returning,Khobar,60518.92,15,4034.59
C05667,New,Makkah,73054.18,20,3652.71
C05668,Returning,Madinah,80197.89,27,2970.29
C05669,Loyal,Dammam,81602.54000000001,20,4080.13
C05670,Loyal,Dammam,52659.89,18,2925.55
C05671,Returning,Makkah,33157.94,13,2550.61
C05672,Returning,Dammam,108576.03,21,5170.29
C05673,Returning,Makkah,70224.79,18,3901.38
C05674,Returning,Makkah,58085.19,20,2904.26
C05675,Returning,Dammam,88357.45,23,3841.63
C05676,New,Makkah,99315.73,26,3819.84
C05677,Returning,Dammam,60754.020000000004,18,3375.22
C05678,New,Khobar,66476.7,20,3323.84
C05679,Loyal,Jeddah,74494.92,26,2865.19
C05680,Returning,Madinah,95135.05,24,3963.96
C05681,New,Madinah,79174.39,25,3166.98
C05682,Returning,Khobar,72260.03,20,3613.0
C05683,Loyal,Abha,65627.73,19,3454.09
C05684,Returning,Riyadh,118817.78,31,3832.83
C05685,New,Makkah,85585.81,20,4279.29
C05686,Loyal,Abha,67622.36,19,3559.07
C05687,Returning,Madinah,50735.21,11,4612.29
C05688,New,Makkah,38942.07,11,3540.19
C05689,Returning,Makkah,52124.85,16,3257.8
C05690,Returning,Abha,48703.75,16,3043.98
C05691,New,Riyadh,96509.26,29,3327.91
C05692,Loyal,Dammam,65599.96,22,2981.82
C05693,New,Makkah,54056.83,17,3179.81
C05694,Loyal,Jeddah,100105.68,24,4171.07
C05695,Loyal,Madinah,81087.36,23,3525.54
C05696,Returning,Madinah,30710.88,10,3071.09
C05697,Returning,Khobar,102705.61,23,4465.46
C05698,Returning,Khobar,46515.98,13,3578.15
C05699,Returning,Khobar,54022.54,16,3376.41
C05700,Loyal,Jeddah,104587.79,28,3735.28
C05701,Returning,Jeddah,66815.65,17,3930.33
C05702,New,Madinah,58070.06,15,3871.34
C05703,Returning,Khobar,80098.01,20,4004.9
C05704,Returning,Makkah,89217.6,18,4956.53
C05705,New,Makkah,52076.5,19,2740.87
C05706,Returning,Makkah,69174.18000000001,24,2882.26
C05707,Loyal,Madinah,79206.55,23,3443.76
C05708,Returning,Makkah,71568.64,19,3766.77
C05709,New,Jeddah,76300.22,17,4488.25
C05710,Returning,Madinah,63790.36,14,4556.45
C05711,New,Riyadh,27913.76,10,2791.38
C05712,Loyal,Riyadh,48569.93,19,2556.31
C05713,Loyal,Jeddah,83270.15,20,4163.51
C05714,New,Madinah,56641.99,19,2981.16
C05715,Loyal,Makkah,79032.32,22,3592.38
C05716,Returning,Madinah,78200.64,20,3910.03
C05717,New,Madinah,83938.56,23,3649.5
C05718,Returning,Makkah,106298.55,27,3936.98
C05719,Returning,Makkah,75638.21,26,2909.16
C05720,Returning,Madinah,85734.27,21,4082.58
C05721,Loyal,Makkah,54764.96,13,4212.69
C05722,Returning,Abha,59220.63,19,3116.88
C05723,New,Jeddah,104491.07,29,3603.14
C05724,New,Khobar,69418.2,18,3856.57
C05725,Returning,Riyadh,61840.84,23,2688.73
C05726,New,Dammam,76698.05,18,4261.0
C05727,Returning,Abha,59727.45,19,3143.55
C05728,Loyal,Dammam,55060.3,18,3058.91
C05729,New,Riyadh,131447.91999999998,33,3983.27
C05730,Returning,Jeddah,87831.14,28,3136.83
C05731,Returning,Riyadh,45047.25,14,3217.66
C05732,Loyal,Jeddah,78517.12,21,3738.91
C05733,Loyal,Madinah,84242.58,25,3369.7
C05734,Loyal,Riyadh,99855.18,26,3840.58
C05735,Returning,Abha,41767.85,12,3480.65
C05736,Loyal,Jeddah,70404.29,22,3200.2
C05737,New,Abha,68423.58,23,2974.94
C05738,Loyal,Madinah,112018.62,23,4870.37
C05739,New,Riyadh,72974.56,19,3840.77
C05740,Loyal,Riyadh,92244.08,26,3547.85
C05741,New,Jeddah,85203.44,20,4260.17
C05742,Loyal,Makkah,70859.96,19,3729.47
C05743,Loyal,Riyadh,61941.82,25,2477.67
C05744,Loyal,Dammam,54401.52,22,2472.8
C05745,Returning,Dammam,81593.06,21,3885.38
C05746,Loyal,Dammam,90349.39,18,5019.41
C05747,Loyal,Khobar,55041.97,13,4234.0
C05748,New,Riyadh,36375.43,12,3031.29
C05749,New,Riyadh,62179.25,22,2826.33
C05750,Loyal,Abha,47799.729999999996,17,2811.75
C05751,Loyal,Madinah,57378.28,16,3586.14
C05752,Returning,Madinah,98955.82,23,4302.43
C05753,Returning,Dammam,108186.23,24,4507.76
C05754,New,Dammam,67197.74,15,4479.85
C05755,New,Madinah,86904.49,21,4138.31
C05756,Returning,Madinah,52452.3,16,3278.27
C05757,Returning,Riyadh,40017.15,12,3334.76
C05758,Returning,Riyadh,65031.22,19,3422.7
C05759,Loyal,Dammam,61729.52,22,2805.89
C05760,Loyal,Abha,77205.43,24,3216.89
C05761,New,Riyadh,95688.35,29,3299.6
C05762,Loyal,Riyadh,56883.899999999994,16,3555.24
C05763,New,Jeddah,138112.36,25,5524.49
C05764,Returning,Jeddah,68929.34,19,3627.86
C05765,Loyal,Abha,88334.62,20,4416.73
C05766,Returning,Makkah,75784.62,20,3789.23
C05767,Returning,Jeddah,74449.21,21,3545.2
C05768,Returning,Abha,63188.840000000004,22,2872.22
C05769,New,Madinah,65823.46,20,3291.17
C05770,New,Makkah,68005.49,23,2956.76
C05771,Loyal,Madinah,56118.659999999996,20,2805.93
C05772,Loyal,Khobar,79209.25,21,3771.87
C05773,Loyal,Dammam,91418.1,24,3809.09
C05774,Returning,Makkah,99799.58,33,3024.23
C05775,Loyal,Makkah,73182.5,17,4304.85
C05776,New,Riyadh,82051.59,26,3155.83
C05777,New,Jeddah,66457.72,22,3020.81
C05778,Loyal,Makkah,75818.27,21,3610.39
C05779,Loyal,Khobar,41815.55,18,2323.09
C05780,Returning,Riyadh,56066.79,17,3298.05
C05781,Loyal,Khobar,83783.41,17,4928.44
C05782,Loyal,Khobar,58266.87,17,3427.46
C05783,Returning,Jeddah,60447.91,23,2628.17
C05784,Returning,Makkah,68987.24,18,3832.62
C05785,Loyal,Abha,69939.37,19,3681.02
C05786,Returning,Abha,73027.25,18,4057.07
C05787,New,Abha,38333.17,14,2738.08
C05788,Returning,Makkah,79882.16,22,3631.01
C05789,Returning,Riyadh,80142.85,17,4714.29
C05790,New,Jeddah,65839.31,20,3291.97
C05791,Loyal,Jeddah,69292.62,25,2771.7
C05792,Returning,Jeddah,61376.71,17,3610.39
C05793,New,Dammam,67947.33,18,3774.85
C05794,Returning,Dammam,92745.31,22,4215.7
C05795,Returning,Madinah,83199.69,19,4378.93
C05796,Returning,Dammam,53725.4,14,3837.53
C05797,New,Riyadh,123467.81999999999,30,4115.59
C05798,Returning,Riyadh,31170.83,12,2597.57
C05799,Returning,Abha,82293.38,20,4114.67
C05800,Returning,Abha,69912.99,19,3679.63
C05801,Loyal,Riyadh,61280.229999999996,16,3830.01
C05802,New,Makkah,81920.82,23,3561.77
C05803,Loyal,Jeddah,106149.54999999999,19,5586.82
C05804,Loyal,Dammam,39842.42,13,3064.8
C05805,Returning,Makkah,111470.7,28,3981.1
C05806,New,Riyadh,74763.34,25,2990.53
C05807,Loyal,Riyadh,67335.73,21,3206.46
C05808,Loyal,Riyadh,102184.11,21,4865.91
C05809,New,Khobar,117573.42,29,4054.26
C05810,Returning,Khobar,72590.42,19,3820.55
C05811,Loyal,Riyadh,72552.03,22,3297.82
C05812,Returning,Abha,77785.91,22,3535.72
C05813,Returning,Madinah,91287.55,27,3381.02
C05814,Returning,Madinah,60493.24,17,3558.43
C05815,Returning,Jeddah,69394.15,18,3855.23
C05816,Loyal,Madinah,58934.09,18,3274.12
C05817,New,Makkah,60771.92,19,3198.52
C05818,Loyal,Abha,92890.22,28,3317.51
C05819,Returning,Khobar,80195.81999999999,22,3645.26
C05820,New,Jeddah,50839.579999999994,15,3389.31
C05821,Returning,Jeddah,98727.95,17,5807.53
C05822,New,Khobar,86421.17,22,3928.24
C05823,Returning,Jeddah,44049.32,16,2753.08
C05824,New,Riyadh,55719.07,19,2932.58
C05825,Loyal,Khobar,82137.86,22,3733.54
C05826,New,Abha,92449.14,22,4202.23
C05827,Loyal,Khobar,79306.37,20,3965.32
C05828,New,Makkah,66612.65,22,3027.85
C05829,New,Makkah,96652.71,29,3332.85
C05830,Loyal,Makkah,74995.13,21,3571.2
C05831,Returning,Riyadh,119571.25,32,3736.6
C05832,Loyal,Khobar,66007.25,22,3000.33
C05833,Returning,Madinah,46327.09,16,2895.44
C05834,Returning,Khobar,37897.47,14,2706.96
C05835,New,Riyadh,95035.84,27,3519.85
C05836,Returning,Jeddah,85058.01,24,3544.08
C05837,Returning,Madinah,81543.76,23,3545.38
C05838,New,Khobar,45529.2,13,3502.25
C05839,Returning,Khobar,69745.19,19,3670.8
C05840,Loyal,Madinah,73737.88,20,3686.89
C05841,Loyal,Jeddah,90647.37999999999,22,4120.34
C05842,New,Madinah,57227.17,16,3576.7
C05843,Loyal,Madinah,76851.06999999999,22,3493.23
C05844,Returning,Makkah,48793.0,14,3485.21
C05845,Returning,Riyadh,81701.85,20,4085.09
C05846,Returning,Abha,74967.48,18,4164.86
C05847,Returning,Madinah,49824.520000000004,15,3321.63
C05848,Returning,Dammam,81189.84,17,4775.87
C05849,New,Riyadh,58432.1,17,3437.18
C05850,Returning,Khobar,101946.69,25,4077.87
C05851,New,Riyadh,64436.79,19,3391.41
C05852,Returning,Khobar,61529.18,18,3418.29
C05853,Loyal,Makkah,75556.18,23,3285.05
C05854,Loyal,Dammam,83121.62,23,3613.98
C05855,Returning,Abha,86318.35,19,4543.07
C05856,Returning,Riyadh,93428.20999999999,22,4246.74
C05857,New,Abha,65073.53,22,2957.89
C05858,New,Jeddah,68810.18,19,3621.59
C05859,New,Madinah,68482.87,19,3604.36
C05860,Returning,Dammam,51682.63,19,2720.14
C05861,Returning,Riyadh,106640.05,24,4443.34
C05862,Returning,Khobar,98982.12,28,3535.08
C05863,New,Riyadh,82592.34,22,3754.2
C05864,Loyal,Makkah,81600.98,19,4294.79
C05865,Loyal,Khobar,39373.34,11,3579.39
C05866,Returning,Dammam,78355.79,20,3917.79
C05867,Returning,Madinah,93759.28,22,4261.79
C05868,Returning,Madinah,37274.24,15,2484.95
C05869,Returning,Khobar,60519.72,16,3782.48
C05870,Returning,Makkah,38256.58,18,2125.37
C05871,Loyal,Jeddah,80405.62,20,4020.28
C05872,Returning,Riyadh,80192.95,22,3645.13
C05873,Returning,Madinah,51081.82,15,3405.45
C05874,Returning,Abha,68866.08,22,3130.28
C05875,Returning,Riyadh,49192.55,15,3279.5
C05876,Returning,Riyadh,81911.89,24,3413.0
C05877,New,Dammam,83810.95,25,3352.44
C05878,New,Abha,42974.69,16,2685.92
C05879,New,Dammam,75256.71,21,3583.65
C05880,Returning,Makkah,68302.89,22,3104.68
C05881,New,Dammam,82821.69,26,3185.45
C05882,New,Riyadh,83008.32,26,3192.63
C05883,New,Madinah,57406.270000000004,18,3189.24
C05884,Returning,Makkah,50203.73,16,3137.73
C05885,New,Makkah,91046.24,25,3641.85
C05886,Returning,Riyadh,62560.53,25,2502.42
C05887,Loyal,Makkah,72842.6,20,3642.13
C05888,Loyal,Makkah,76203.16,17,4482.54
C05889,New,Dammam,57455.97,16,3591.0
C05890,Loyal,Abha,90745.69,26,3490.22
C05891,Loyal,Khobar,40568.43,13,3120.65
C05892,Returning,Khobar,43391.5,15,2892.77
C05893,New,Khobar,76203.45,26,2930.9
C05894,Returning,Khobar,49067.35,19,2582.49
C05895,Loyal,Riyadh,98381.72,25,3935.27
C05896,New,Madinah,86070.21,21,4098.58
C05897,New,Riyadh,62408.86,18,3467.16
C05898,New,Dammam,48872.12,20,2443.61
C05899,Returning,Riyadh,72839.68000000001,23,3166.94
C05900,New,Jeddah,52298.33,20,2614.92
C05901,Returning,Madinah,90887.43,27,3366.2
C05902,Returning,Khobar,90235.46,26,3470.59
C05903,Loyal,Makkah,92561.6,24,3856.73
C05904,Loyal,Riyadh,37561.01,12,3130.08
C05905,Loyal,Riyadh,74394.4,21,3542.59
C05906,Returning,Khobar,135170.34,37,3653.25
C05907,Returning,Jeddah,73727.43000000001,18,4095.97
C05908,Returning,Dammam,65013.270000000004,18,3611.85
C05909,Returning,Makkah,111562.02,28,3984.36
C05910,Loyal,Abha,56152.39,18,3119.58
C05911,Loyal,Makkah,51240.89,15,3416.06
C05912,Returning,Jeddah,48588.31,15,3239.22
C05913,Loyal,Jeddah,78996.41,19,4157.71
C05914,New,Abha,88229.68,26,3393.45
C05915,Returning,Makkah,49502.909999999996,12,4125.24
C05916,Returning,Riyadh,45700.61,13,3515.43
C05917,Loyal,Makkah,87030.29,20,4351.51
C05918,New,Abha,88974.88,23,3868.47
C05919,Returning,Dammam,73337.44,22,3333.52
C05920,Returning,Khobar,111918.58,24,4663.27
C05921,Returning,Madinah,104048.64,20,5202.43
C05922,Loyal,Abha,65060.490000000005,22,2957.3
C05923,Returning,Jeddah,65645.68,21,3125.98
C05924,Returning,Jeddah,82253.83,22,3738.81
C05925,Returning,Riyadh,40538.73,17,2384.63
C05926,New,Madinah,81168.45999999999,23,3529.06
C05927,Loyal,Jeddah,42522.17,17,2501.3
C05928,Loyal,Abha,67312.47,20,3365.62
C05929,Loyal,Makkah,83101.15,17,4888.3
C05930,Loyal,Madinah,99086.38,26,3811.01
C05931,Returning,Jeddah,86354.26000000001,20,4317.71
C05932,New,Madinah,88672.89,26,3410.5
C05933,Returning,Abha,62543.69,17,3679.04
C05934,Returning,Dammam,112404.44,29,3876.02
C05935,Loyal,Riyadh,59017.54,19,3106.19
C05936,Loyal,Riyadh,115488.96,27,4277.37
C05937,Returning,Abha,62784.340000000004,21,2989.73
C05938,New,Madinah,99706.52,22,4532.11
C05939,Returning,Riyadh,104637.47,26,4024.52
C05940,Returning,Jeddah,59767.659999999996,19,3145.67
C05941,Returning,Abha,50989.83,13,3922.29
C05942,Returning,Riyadh,70088.92,24,2920.37
C05943,Loyal,Abha,80199.05,21,3819.0
C05944,New,Madinah,57166.94,19,3008.79
C05945,Returning,Dammam,93701.52,26,3603.9
C05946,New,Khobar,37781.13,14,2698.65
C05947,Returning,Abha,63252.03,20,3162.6
C05948,Returning,Dammam,74559.20999999999,20,3727.96
C05949,Returning,Dammam,55066.229999999996,20,2753.31
C05950,Returning,Jeddah,66212.93000000001,21,3153.0
C05951,Loyal,Khobar,63842.67,19,3360.14
C05952,Loyal,Riyadh,69719.35,15,4647.96
C05953,Returning,Khobar,66597.44,23,2895.54
C05954,New,Riyadh,53520.3,18,2973.35
C05955,Returning,Riyadh,62663.82,15,4177.59
C05956,New,Khobar,74538.51,20,3726.93
C05957,New,Riyadh,63854.24,17,3756.13
C05958,Returning,Abha,56502.229999999996,18,3139.01
C05959,New,Makkah,87903.29000000001,23,3821.88
C05960,New,Riyadh,75998.17,21,3618.96
C05961,Loyal,Makkah,42485.04,16,2655.32
C05962,Returning,Khobar,34297.45,12,2858.12
C05963,Returning,Madinah,76803.16,21,3657.29
C05964,Returning,Dammam,37881.02,18,2104.5
C05965,New,Dammam,77112.63,25,3084.51
C05966,Returning,Riyadh,66412.06,26,2554.31
C05967,Returning,Jeddah,62035.33,20,3101.77
C05968,Loyal,Dammam,75544.03,22,3433.82
C05969,Returning,Makkah,88460.18,20,4423.01
C05970,Loyal,Jeddah,56739.92,16,3546.24
C05971,Returning,Makkah,71530.19,20,3576.51
C05972,New,Dammam,75534.7,22,3433.4
C05973,Returning,Madinah,71819.0,18,3989.94
C05974,Loyal,Riyadh,61524.350000000006,17,3619.08
C05975,Returning,Jeddah,102468.73,23,4455.16
C05976,New,Dammam,97467.65,27,3609.91
C05977,Loyal,Madinah,42670.55,17,2510.03
C05978,Returning,Riyadh,77798.9,22,3536.31
C05979,Returning,Madinah,50885.25,13,3914.25
C05980,Returning,Abha,82051.78,19,4318.51
C05981,Returning,Abha,54028.57,15,3601.9
C05982,Returning,Khobar,62837.46,20,3141.87
C05983,Loyal,Abha,68474.46,17,4027.91
C05984,New,Jeddah,79107.3,22,3595.79
C05985,Loyal,Khobar,74740.59999999999,23,3249.59
C05986,Returning,Khobar,88458.81,25,3538.35
C05987,New,Madinah,48328.76,12,4027.4
C05988,New,Khobar,73617.6,24,3067.4
C05989,Returning,Madinah,72044.46,15,4802.96
C05990,Loyal,Makkah,49110.44,16,3069.4
C05991,Returning,Riyadh,70684.96,18,3926.94
C05992,Returning,Dammam,62831.43,21,2991.97
C05993,New,Makkah,78083.88,25,3123.36
C05994,New,Jeddah,82632.72,22,3756.03
C05995,Returning,Madinah,66473.04,20,3323.65
C05996,Returning,Riyadh,46850.64,14,3346.47
C05997,Returning,Dammam,116881.13,27,4328.93
C05998,New,Riyadh,60273.47,18,3348.53
C05999,Loyal,Dammam,96120.09,20,4806.0
C06000,Returning,Dammam,52007.96000000001,16,3250.5
