customer_id,customer_name,gender,age,city,customer_type,registration_date
C00001,Customer 00001,Female,21,Madinah,Returning,2024-08-25
C00002,Customer 00002,Male,33,Abha,New,2026-02-05
C00003,Customer 00003,Female,36,Madinah,New,2026-03-19
C00004,Customer 00004,Male,27,Makkah,Returning,2025-03-17
C00005,Customer 00005,Male,37,Riyadh,New,2024-09-17
C00006,Customer 00006,Female,59,Dammam,New,2024-04-09
C00007,Customer 00007,Male,41,Riyadh,Returning,2025-01-04
C00008,Customer 00008,Male,55,Makkah,Loyal,2025-04-21
C00009,Customer 00009,Male,33,Riyadh,New,2026-04-02
C00010,Customer 00010,Male,50,Khobar,New,2025-10-31
C00011,Customer 00011,Male,62,Riyadh,New,2025-03-21
C00012,Customer 00012,Male,52,Khobar,New,2025-06-27
C00013,Customer 00013,Male,24,Dammam,Loyal,2024-03-21
C00014,Customer 00014,Male,27,Khobar,New,2024-05-18
C00015,Customer 00015,Female,47,Madinah,New,2024-03-20
C00016,Customer 00016,Male,46,Riyadh,Loyal,2025-03-20
C00017,Customer 00017,Male,58,Riyadh,Returning,2025-02-16
C00018,Customer 00018,Male,55,Khobar,Loyal,2024-09-19
C00019,Customer 00019,Female,62,Riyadh,Returning,2026-05-21
C00020,Customer 00020,Female,65,Khobar,Returning,2025-10-22
C00021,Customer 00021,Female,33,Riyadh,Loyal,2024-04-11
C00022,Customer 00022,Male,28,Dammam,Returning,2025-07-26
C00023,Customer 00023,Male,21,Abha,New,2025-10-24
C00024,Customer 00024,Female,18,Dammam,New,2025-08-16
C00025,Customer 00025,Male,51,Abha,Returning,2026-01-13
C00026,Customer 00026,Male,60,Jeddah,Returning,2024-07-31
C00027,Customer 00027,Male,24,Abha,Returning,2024-02-24
C00028,Customer 00028,Male,42,Abha,Loyal,2024-08-26
C00029,Customer 00029,Female,18,Khobar,Loyal,2025-06-04
C00030,Customer 00030,Female,24,Dammam,Loyal,2024-03-22
C00031,Customer 00031,Male,43,Dammam,Returning,2024-06-13
C00032,Customer 00032,Male,20,Abha,Returning,2024-04-28
C00033,Customer 00033,Male,49,Dammam,Loyal,2024-06-19
C00034,Customer 00034,Female,46,Jeddah,New,2026-02-01
C00035,Customer 00035,Female,30,Abha,Returning,2024-06-15
C00036,Customer 00036,Female,37,Makkah,Returning,2025-04-24
C00037,Customer 00037,Female,45,Abha,Loyal,2025-10-07
C00038,Customer 00038,Male,38,Riyadh,Returning,2026-04-28
C00039,Customer 00039,Male,56,Jeddah,Returning,2025-01-20
C00040,Customer 00040,Male,22,Khobar,Loyal,2025-08-14
C00041,Customer 00041,Female,50,Riyadh,New,2024-11-19
C00042,Customer 00042,Female,26,Riyadh,New,2026-04-07
C00043,Customer 00043,Male,61,Jeddah,New,2024-11-04
C00044,Customer 00044,Male,53,Khobar,Loyal,2025-08-04
C00045,Customer 00045,Female,42,Dammam,Returning,2025-08-10
C00046,Customer 00046,Male,55,Makkah,Returning,2025-02-03
C00047,Customer 00047,Female,61,Abha,Loyal,2026-02-14
C00048,Customer 00048,Female,22,Makkah,New,2025-01-22
C00049,Customer 00049,Male,19,Makkah,Loyal,2026-06-08
C00050,Customer 00050,Male,52,Abha,Loyal,2025-07-19
C00051,Customer 00051,Female,33,Madinah,Returning,2025-05-29
C00052,Customer 00052,Female,37,Dammam,Returning,2025-06-02
C00053,Customer 00053,Male,40,Makkah,New,2024-10-31
C00054,Customer 00054,Male,36,Dammam,New,2024-10-26
C00055,Customer 00055,Female,50,Dammam,Returning,2024-01-22
C00056,Customer 00056,Female,29,Abha,New,2025-03-01
C00057,Customer 00057,Male,60,Madinah,New,2025-03-06
C00058,Customer 00058,Male,26,Khobar,Returning,2024-02-21
C00059,Customer 00059,Male,30,Makkah,New,2024-01-08
C00060,Customer 00060,Male,64,Jeddah,Returning,2025-08-29
C00061,Customer 00061,Male,23,Khobar,New,2024-05-01
C00062,Customer 00062,Female,54,Dammam,Loyal,2025-11-26
C00063,Customer 00063,Female,65,Jeddah,Loyal,2024-11-15
C00064,Customer 00064,Male,21,Madinah,New,2026-04-27
C00065,Customer 00065,Female,44,Riyadh,New,2026-01-04
C00066,Customer 00066,Male,47,Abha,Returning,2025-04-13
C00067,Customer 00067,Female,30,Jeddah,New,2024-04-06
C00068,Customer 00068,Male,46,Dammam,Returning,2025-10-27
C00069,Customer 00069,Female,35,Abha,Returning,2024-04-09
C00070,Customer 00070,Female,55,Jeddah,New,2025-06-27
C00071,Customer 00071,Male,23,Dammam,Loyal,2025-10-16
C00072,Customer 00072,Male,30,Dammam,Loyal,2025-07-09
C00073,Customer 00073,Male,37,Madinah,Returning,2024-06-15
C00074,Customer 00074,Female,52,Khobar,Loyal,2025-05-31
C00075,Customer 00075,Male,34,Abha,Returning,2025-10-09
C00076,Customer 00076,Female,29,Dammam,New,2024-02-02
C00077,Customer 00077,Female,60,Jeddah,Loyal,2024-10-22
C00078,Customer 00078,Female,41,Riyadh,Returning,2024-12-19
C00079,Customer 00079,Male,38,Abha,New,2024-11-19
C00080,Customer 00080,Female,63,Riyadh,Returning,2026-01-20
C00081,Customer 00081,Male,25,Dammam,Returning,2026-05-13
C00082,Customer 00082,Male,30,Riyadh,New,2024-12-08
C00083,Customer 00083,Female,62,Riyadh,Returning,2026-04-03
C00084,Customer 00084,Female,40,Jeddah,Returning,2025-04-20
C00085,Customer 00085,Female,26,Madinah,Loyal,2024-05-08
C00086,Customer 00086,Male,53,Abha,Returning,2026-01-25
C00087,Customer 00087,Male,62,Abha,Returning,2025-05-18
C00088,Customer 00088,Female,34,Khobar,Loyal,2025-08-14
C00089,Customer 00089,Male,54,Jeddah,Loyal,2026-01-14
C00090,Customer 00090,Female,62,Riyadh,Returning,2024-09-15
C00091,Customer 00091,Male,18,Abha,Loyal,2024-09-09
C00092,Customer 00092,Male,20,Jeddah,Returning,2025-12-19
C00093,Customer 00093,Male,25,Makkah,Returning,2025-03-23
C00094,Customer 00094,Female,62,Riyadh,Returning,2025-01-07
C00095,Customer 00095,Female,40,Abha,Returning,2025-08-15
C00096,Customer 00096,Male,40,Jeddah,Loyal,2025-04-18
C00097,Customer 00097,Female,26,Makkah,Returning,2026-06-06
C00098,Customer 00098,Female,19,Madinah,Returning,2024-09-17
C00099,Customer 00099,Female,53,Abha,Loyal,2025-02-11
C00100,Customer 00100,Female,49,Abha,Returning,2024-11-21
C00101,Customer 00101,Male,35,Abha,Returning,2024-12-20
C00102,Customer 00102,Female,44,Khobar,Returning,2025-06-14
C00103,Customer 00103,Female,61,Abha,Returning,2024-06-19
C00104,Customer 00104,Male,34,Dammam,Returning,2025-02-21
C00105,Customer 00105,Female,24,Riyadh,New,2024-10-19
C00106,Customer 00106,Male,49,Jeddah,Returning,2024-10-01
C00107,Customer 00107,Female,33,Khobar,New,2024-05-26
C00108,Customer 00108,Female,59,Khobar,New,2026-04-01
C00109,Customer 00109,Male,24,Riyadh,New,2025-11-20
C00110,Customer 00110,Female,31,Riyadh,Returning,2026-04-02
C00111,Customer 00111,Female,27,Abha,Returning,2025-05-06
C00112,Customer 00112,Male,63,Abha,Returning,2025-11-01
C00113,Customer 00113,Female,48,Dammam,Returning,2025-10-08
C00114,Customer 00114,Male,37,Makkah,Returning,2025-05-05
C00115,Customer 00115,Female,37,Makkah,Loyal,2026-05-16
C00116,Customer 00116,Female,39,Dammam,Loyal,2026-02-01
C00117,Customer 00117,Male,33,Dammam,Returning,2025-09-26
C00118,Customer 00118,Male,48,Makkah,Returning,2025-12-29
C00119,Customer 00119,Female,61,Dammam,Loyal,2024-10-11
C00120,Customer 00120,Female,64,Khobar,Returning,2026-06-16
C00121,Customer 00121,Male,54,Riyadh,Returning,2025-07-17
C00122,Customer 00122,Male,29,Madinah,Returning,2025-07-24
C00123,Customer 00123,Male,30,Dammam,Returning,2024-11-22
C00124,Customer 00124,Female,28,Dammam,Loyal,2024-09-18
C00125,Customer 00125,Male,26,Makkah,New,2024-02-05
C00126,Customer 00126,Male,56,Makkah,Loyal,2024-07-30
C00127,Customer 00127,Male,55,Riyadh,New,2024-04-13
C00128,Customer 00128,Male,65,Makkah,New,2026-05-01
C00129,Customer 00129,Female,38,Jeddah,Returning,2026-02-28
C00130,Customer 00130,Male,65,Dammam,New,2026-04-24
C00131,Customer 00131,Female,55,Madinah,New,2025-03-04
C00132,Customer 00132,Female,49,Riyadh,New,2025-10-01
C00133,Customer 00133,Female,26,Madinah,Returning,2025-03-31
C00134,Customer 00134,Female,42,Riyadh,Returning,2025-12-17
C00135,Customer 00135,Female,65,Jeddah,Loyal,2024-01-29
C00136,Customer 00136,Female,22,Jeddah,Returning,2024-04-16
C00137,Customer 00137,Male,33,Dammam,Returning,2024-06-09
C00138,Customer 00138,Male,20,Riyadh,Returning,2025-11-17
C00139,Customer 00139,Female,55,Dammam,Loyal,2026-03-26
C00140,Customer 00140,Female,37,Khobar,Returning,2024-07-30
C00141,Customer 00141,Female,56,Abha,Returning,2024-07-18
C00142,Customer 00142,Male,24,Riyadh,Loyal,2026-04-04
C00143,Customer 00143,Male,25,Dammam,Returning,2024-09-09
C00144,Customer 00144,Male,20,Makkah,New,2024-03-19
C00145,Customer 00145,Female,55,Abha,New,2024-10-31
C00146,Customer 00146,Male,57,Abha,New,2024-01-24
C00147,Customer 00147,Female,59,Jeddah,Loyal,2025-05-12
C00148,Customer 00148,Male,57,Makkah,New,2025-01-16
C00149,Customer 00149,Female,53,Makkah,New,2024-10-21
C00150,Customer 00150,Male,42,Riyadh,Loyal,2025-10-04
C00151,Customer 00151,Male,35,Dammam,New,2025-07-16
C00152,Customer 00152,Male,54,Madinah,New,2025-11-14
C00153,Customer 00153,Female,26,Jeddah,New,2024-02-09
C00154,Customer 00154,Male,37,Jeddah,Loyal,2026-02-07
C00155,Customer 00155,Male,49,Khobar,Returning,2026-04-06
C00156,Customer 00156,Female,60,Riyadh,Loyal,2026-05-10
C00157,Customer 00157,Female,27,Makkah,New,2025-03-01
C00158,Customer 00158,Female,31,Khobar,Returning,2024-01-06
C00159,Customer 00159,Female,44,Abha,Loyal,2024-11-29
C00160,Customer 00160,Female,19,Makkah,New,2026-04-17
C00161,Customer 00161,Male,41,Dammam,New,2024-09-16
C00162,Customer 00162,Female,54,Riyadh,Loyal,2024-11-09
C00163,Customer 00163,Female,36,Riyadh,New,2024-04-29
C00164,Customer 00164,Female,33,Riyadh,Returning,2025-07-29
C00165,Customer 00165,Male,21,Abha,New,2024-01-09
C00166,Customer 00166,Male,60,Madinah,Returning,2025-12-01
C00167,Customer 00167,Male,60,Abha,Returning,2026-01-17
C00168,Customer 00168,Male,62,Abha,New,2024-11-02
C00169,Customer 00169,Female,46,Makkah,New,2024-09-28
C00170,Customer 00170,Male,28,Jeddah,New,2025-01-08
C00171,Customer 00171,Male,38,Jeddah,New,2024-03-11
C00172,Customer 00172,Male,59,Madinah,Returning,2024-11-05
C00173,Customer 00173,Male,20,Riyadh,Returning,2024-11-04
C00174,Customer 00174,Female,47,Khobar,New,2025-12-22
C00175,Customer 00175,Male,62,Jeddah,New,2025-11-08
C00176,Customer 00176,Male,23,Jeddah,Returning,2025-01-01
C00177,Customer 00177,Female,58,Riyadh,Loyal,2024-04-03
C00178,Customer 00178,Male,43,Madinah,Loyal,2025-02-02
C00179,Customer 00179,Female,37,Riyadh,Returning,2025-02-25
C00180,Customer 00180,Male,45,Jeddah,Loyal,2026-04-12
C00181,Customer 00181,Male,64,Abha,Returning,2025-04-22
C00182,Customer 00182,Male,64,Dammam,Returning,2025-12-25
C00183,Customer 00183,Male,46,Abha,New,2025-08-12
C00184,Customer 00184,Female,27,Riyadh,New,2025-12-19
C00185,Customer 00185,Male,46,Jeddah,Returning,2025-08-23
C00186,Customer 00186,Female,38,Makkah,Returning,2024-12-07
C00187,Customer 00187,Male,62,Abha,Returning,2025-11-26
C00188,Customer 00188,Male,39,Riyadh,Returning,2024-12-11
C00189,Customer 00189,Male,49,Dammam,Returning,2024-11-28
C00190,Customer 00190,Male,34,Khobar,Returning,2025-04-23
C00191,Customer 00191,Male,25,Dammam,Returning,2026-05-21
C00192,Customer 00192,Female,28,Khobar,Returning,2025-11-13
C00193,Customer 00193,Female,30,Makkah,Loyal,2026-05-23
C00194,Customer 00194,Male,46,Riyadh,Returning,2026-06-12
C00195,Customer 00195,Female,63,Madinah,Returning,2024-04-03
C00196,Customer 00196,Male,45,Khobar,New,2025-07-08
C00197,Customer 00197,Male,50,Khobar,Returning,2024-03-15
C00198,Customer 00198,Male,53,Dammam,Loyal,2024-08-03
C00199,Customer 00199,Female,40,Riyadh,New,2025-05-26
C00200,Customer 00200,Male,33,Khobar,Loyal,2026-06-08
C00201,Customer 00201,Male,45,Abha,New,2025-08-27
C00202,Customer 00202,Female,55,Makkah,Returning,2024-07-12
C00203,Customer 00203,Female,64,Riyadh,Loyal,2025-12-13
C00204,Customer 00204,Female,27,Abha,Returning,2026-05-15
C00205,Customer 00205,Female,35,Madinah,New,2024-12-16
C00206,Customer 00206,Female,41,Makkah,Returning,2025-07-28
C00207,Customer 00207,Male,47,Abha,Returning,2026-04-21
C00208,Customer 00208,Female,38,Jeddah,New,2026-03-04
C00209,Customer 00209,Male,58,Riyadh,Returning,2025-09-27
C00210,Customer 00210,Female,59,Abha,New,2026-04-26
C00211,Customer 00211,Male,40,Makkah,Returning,2025-06-05
C00212,Customer 00212,Female,50,Madinah,Returning,2025-12-12
C00213,Customer 00213,Female,19,Jeddah,Returning,2026-05-14
C00214,Customer 00214,Male,28,Khobar,New,2025-05-31
C00215,Customer 00215,Female,34,Makkah,New,2025-04-05
C00216,Customer 00216,Female,37,Riyadh,Loyal,2025-01-08
C00217,Customer 00217,Female,21,Riyadh,Returning,2026-06-10
C00218,Customer 00218,Male,48,Khobar,Returning,2024-04-30
C00219,Customer 00219,Female,19,Dammam,Returning,2024-11-28
C00220,Customer 00220,Female,64,Makkah,New,2024-07-02
C00221,Customer 00221,Male,32,Makkah,Loyal,2024-12-15
C00222,Customer 00222,Male,62,Dammam,Loyal,2026-03-31
C00223,Customer 00223,Male,20,Riyadh,Loyal,2026-04-23
C00224,Customer 00224,Female,43,Abha,Loyal,2026-02-23
C00225,Customer 00225,Male,37,Madinah,Returning,2026-06-09
C00226,Customer 00226,Male,64,Riyadh,Returning,2025-12-13
C00227,Customer 00227,Male,31,Makkah,Loyal,2024-06-28
C00228,Customer 00228,Female,59,Madinah,Returning,2025-05-01
C00229,Customer 00229,Female,64,Jeddah,Loyal,2024-11-21
C00230,Customer 00230,Female,24,Madinah,Loyal,2024-09-27
C00231,Customer 00231,Female,44,Dammam,Loyal,2024-07-12
C00232,Customer 00232,Male,51,Makkah,Returning,2025-02-14
C00233,Customer 00233,Male,36,Khobar,Returning,2024-06-24
C00234,Customer 00234,Female,22,Jeddah,New,2025-05-26
C00235,Customer 00235,Female,39,Abha,Loyal,2026-01-21
C00236,Customer 00236,Male,19,Jeddah,New,2026-02-13
C00237,Customer 00237,Female,64,Riyadh,New,2024-12-11
C00238,Customer 00238,Male,62,Madinah,Loyal,2024-02-06
C00239,Customer 00239,Male,20,Makkah,New,2026-04-19
C00240,Customer 00240,Female,27,Riyadh,Returning,2024-11-23
C00241,Customer 00241,Male,43,Riyadh,Returning,2025-12-17
C00242,Customer 00242,Female,56,Makkah,Returning,2025-08-09
C00243,Customer 00243,Male,63,Madinah,Returning,2024-04-10
C00244,Customer 00244,Female,28,Makkah,Returning,2025-07-12
C00245,Customer 00245,Female,36,Abha,Loyal,2024-04-21
C00246,Customer 00246,Female,26,Dammam,Returning,2024-06-16
C00247,Customer 00247,Male,50,Riyadh,Returning,2025-12-28
C00248,Customer 00248,Female,52,Abha,New,2025-10-05
C00249,Customer 00249,Male,27,Abha,New,2025-06-13
C00250,Customer 00250,Male,42,Makkah,Returning,2026-04-23
C00251,Customer 00251,Male,65,Riyadh,Returning,2025-04-06
C00252,Customer 00252,Female,38,Khobar,New,2025-10-22
C00253,Customer 00253,Male,28,Riyadh,Returning,2025-07-04
C00254,Customer 00254,Female,65,Madinah,Returning,2025-03-20
C00255,Customer 00255,Female,40,Riyadh,New,2025-12-21
C00256,Customer 00256,Male,49,Abha,Loyal,2026-03-24
C00257,Customer 00257,Female,48,Makkah,Loyal,2025-11-24
C00258,Customer 00258,Female,34,Dammam,Returning,2025-12-01
C00259,Customer 00259,Male,64,Khobar,Returning,2025-06-23
C00260,Customer 00260,Female,56,Madinah,Returning,2024-02-11
C00261,Customer 00261,Female,40,Makkah,New,2025-06-22
C00262,Customer 00262,Female,24,Dammam,New,2024-12-02
C00263,Customer 00263,Male,53,Jeddah,Loyal,2025-10-21
C00264,Customer 00264,Male,23,Makkah,Loyal,2025-12-23
C00265,Customer 00265,Female,27,Jeddah,Returning,2024-10-22
C00266,Customer 00266,Female,60,Riyadh,Loyal,2024-06-01
C00267,Customer 00267,Male,26,Abha,Returning,2025-12-09
C00268,Customer 00268,Male,25,Abha,New,2024-08-11
C00269,Customer 00269,Female,24,Dammam,Returning,2026-01-16
C00270,Customer 00270,Female,21,Riyadh,Returning,2024-08-04
C00271,Customer 00271,Male,53,Madinah,Loyal,2024-07-04
C00272,Customer 00272,Male,57,Makkah,New,2024-11-01
C00273,Customer 00273,Male,26,Riyadh,Returning,2024-11-05
C00274,Customer 00274,Male,29,Abha,Loyal,2024-06-06
C00275,Customer 00275,Male,31,Riyadh,New,2024-01-13
C00276,Customer 00276,Male,32,Madinah,Returning,2026-03-21
C00277,Customer 00277,Male,54,Makkah,Loyal,2024-11-24
C00278,Customer 00278,Female,48,Madinah,Loyal,2025-07-15
C00279,Customer 00279,Female,47,Makkah,Loyal,2026-01-19
C00280,Customer 00280,Male,55,Makkah,Returning,2025-11-15
C00281,Customer 00281,Male,18,Madinah,Returning,2025-02-25
C00282,Customer 00282,Female,37,Makkah,Returning,2025-11-18
C00283,Customer 00283,Male,58,Madinah,New,2025-10-03
C00284,Customer 00284,Female,56,Riyadh,Loyal,2025-11-24
C00285,Customer 00285,Male,59,Madinah,Loyal,2024-05-24
C00286,Customer 00286,Female,37,Jeddah,New,2026-01-09
C00287,Customer 00287,Female,63,Madinah,Returning,2026-06-14
C00288,Customer 00288,Male,32,Madinah,New,2024-07-20
C00289,Customer 00289,Male,20,Abha,Loyal,2025-11-19
C00290,Customer 00290,Male,58,Jeddah,Returning,2025-08-26
C00291,Customer 00291,Male,26,Abha,Loyal,2026-05-31
C00292,Customer 00292,Female,61,Khobar,New,2024-09-26
C00293,Customer 00293,Male,57,Khobar,New,2026-05-14
C00294,Customer 00294,Male,64,Dammam,New,2024-01-05
C00295,Customer 00295,Female,38,Khobar,New,2025-11-29
C00296,Customer 00296,Female,55,Madinah,Returning,2025-10-26
C00297,Customer 00297,Female,28,Abha,New,2025-05-29
C00298,Customer 00298,Male,65,Dammam,New,2024-07-06
C00299,Customer 00299,Male,42,Khobar,Loyal,2025-11-21
C00300,Customer 00300,Male,36,Jeddah,Returning,2024-05-20
C00301,Customer 00301,Male,27,Riyadh,New,2025-05-22
C00302,Customer 00302,Female,41,Makkah,Loyal,2025-04-18
C00303,Customer 00303,Male,51,Abha,Loyal,2024-05-28
C00304,Customer 00304,Male,37,Madinah,Loyal,2024-03-05
C00305,Customer 00305,Male,53,Khobar,Loyal,2026-05-22
C00306,Customer 00306,Male,40,Dammam,New,2024-06-05
C00307,Customer 00307,Female,40,Dammam,Returning,2024-06-22
C00308,Customer 00308,Male,61,Riyadh,Loyal,2025-07-26
C00309,Customer 00309,Male,31,Madinah,New,2024-09-05
C00310,Customer 00310,Male,63,Jeddah,Returning,2026-04-16
C00311,Customer 00311,Male,58,Jeddah,Returning,2024-08-18
C00312,Customer 00312,Female,25,Jeddah,Returning,2025-01-25
C00313,Customer 00313,Female,28,Riyadh,Loyal,2025-07-06
C00314,Customer 00314,Male,58,Riyadh,New,2025-04-15
C00315,Customer 00315,Female,59,Khobar,Returning,2024-03-30
C00316,Customer 00316,Female,54,Makkah,New,2024-04-19
C00317,Customer 00317,Male,63,Riyadh,Returning,2026-05-27
C00318,Customer 00318,Female,60,Jeddah,Returning,2026-06-05
C00319,Customer 00319,Male,57,Jeddah,Returning,2025-07-12
C00320,Customer 00320,Female,23,Dammam,New,2024-10-04
C00321,Customer 00321,Male,42,Madinah,Returning,2026-02-10
C00322,Customer 00322,Male,55,Abha,Loyal,2025-12-19
C00323,Customer 00323,Female,53,Abha,Returning,2024-08-15
C00324,Customer 00324,Female,27,Abha,Loyal,2025-02-12
C00325,Customer 00325,Female,52,Jeddah,Loyal,2024-05-21
C00326,Customer 00326,Male,34,Dammam,Returning,2025-08-16
C00327,Customer 00327,Male,65,Jeddah,New,2025-06-21
C00328,Customer 00328,Female,60,Madinah,Returning,2025-04-09
C00329,Customer 00329,Female,36,Madinah,Loyal,2025-03-08
C00330,Customer 00330,Male,32,Abha,Loyal,2024-07-05
C00331,Customer 00331,Female,47,Riyadh,Returning,2026-04-21
C00332,Customer 00332,Female,19,Dammam,New,2026-04-06
C00333,Customer 00333,Male,45,Dammam,Returning,2025-03-02
C00334,Customer 00334,Male,34,Makkah,Loyal,2025-11-06
C00335,Customer 00335,Male,37,Abha,Loyal,2026-02-19
C00336,Customer 00336,Female,53,Dammam,New,2025-04-17
C00337,Customer 00337,Male,53,Riyadh,Loyal,2024-09-25
C00338,Customer 00338,Male,43,Makkah,Loyal,2025-12-20
C00339,Customer 00339,Female,29,Abha,New,2024-11-02
C00340,Customer 00340,Female,52,Makkah,Returning,2024-11-30
C00341,Customer 00341,Male,43,Khobar,Returning,2024-04-20
C00342,Customer 00342,Female,48,Jeddah,New,2024-01-16
C00343,Customer 00343,Female,56,Abha,Returning,2026-05-24
C00344,Customer 00344,Female,24,Jeddah,Loyal,2024-06-01
C00345,Customer 00345,Male,62,Madinah,Returning,2026-01-15
C00346,Customer 00346,Male,28,Dammam,New,2024-06-17
C00347,Customer 00347,Male,21,Dammam,Loyal,2024-03-19
C00348,Customer 00348,Female,24,Jeddah,Loyal,2025-10-23
C00349,Customer 00349,Female,55,Jeddah,Returning,2025-01-03
C00350,Customer 00350,Female,48,Dammam,Returning,2026-04-24
C00351,Customer 00351,Male,39,Dammam,Returning,2024-05-31
C00352,Customer 00352,Male,26,Jeddah,Loyal,2025-12-04
C00353,Customer 00353,Female,25,Dammam,New,2025-12-20
C00354,Customer 00354,Female,33,Jeddah,Returning,2025-08-04
C00355,Customer 00355,Male,21,Khobar,Loyal,2024-07-04
C00356,Customer 00356,Female,28,Abha,Returning,2025-08-08
C00357,Customer 00357,Male,32,Jeddah,Returning,2024-08-11
C00358,Customer 00358,Female,44,Dammam,Returning,2025-02-04
C00359,Customer 00359,Female,47,Riyadh,New,2024-10-21
C00360,Customer 00360,Male,50,Madinah,Returning,2025-07-02
C00361,Customer 00361,Male,39,Abha,Returning,2025-01-26
C00362,Customer 00362,Female,28,Khobar,Returning,2026-01-19
C00363,Customer 00363,Female,29,Abha,Loyal,2025-02-21
C00364,Customer 00364,Male,54,Jeddah,Returning,2025-05-01
C00365,Customer 00365,Male,47,Jeddah,Loyal,2026-04-16
C00366,Customer 00366,Female,43,Khobar,Returning,2026-06-17
C00367,Customer 00367,Male,21,Jeddah,Returning,2025-08-24
C00368,Customer 00368,Male,62,Makkah,Returning,2025-05-16
C00369,Customer 00369,Male,64,Khobar,Returning,2025-06-14
C00370,Customer 00370,Male,28,Dammam,New,2025-06-12
C00371,Customer 00371,Female,38,Madinah,Loyal,2025-04-29
C00372,Customer 00372,Male,19,Madinah,Returning,2026-05-27
C00373,Customer 00373,Female,63,Jeddah,New,2024-12-27
C00374,Customer 00374,Male,33,Riyadh,Returning,2024-10-04
C00375,Customer 00375,Female,54,Dammam,New,2024-08-12
C00376,Customer 00376,Female,42,Khobar,Loyal,2025-03-18
C00377,Customer 00377,Male,65,Dammam,New,2025-10-14
C00378,Customer 00378,Female,30,Dammam,New,2025-07-28
C00379,Customer 00379,Female,65,Abha,Loyal,2024-04-08
C00380,Customer 00380,Female,48,Dammam,Loyal,2024-12-27
C00381,Customer 00381,Female,27,Dammam,Returning,2025-08-24
C00382,Customer 00382,Female,32,Riyadh,Returning,2024-08-05
C00383,Customer 00383,Female,65,Makkah,Loyal,2025-06-07
C00384,Customer 00384,Female,30,Khobar,Returning,2025-07-27
C00385,Customer 00385,Female,44,Jeddah,Returning,2025-06-02
C00386,Customer 00386,Male,37,Dammam,Returning,2025-12-27
C00387,Customer 00387,Male,33,Dammam,New,2025-01-22
C00388,Customer 00388,Male,58,Makkah,Returning,2024-02-20
C00389,Customer 00389,Male,54,Jeddah,Returning,2024-06-08
C00390,Customer 00390,Female,33,Khobar,New,2024-08-17
C00391,Customer 00391,Male,31,Khobar,New,2024-01-10
C00392,Customer 00392,Female,45,Khobar,New,2024-01-21
C00393,Customer 00393,Male,25,Jeddah,Returning,2024-07-24
C00394,Customer 00394,Female,39,Madinah,New,2025-02-10
C00395,Customer 00395,Male,60,Madinah,New,2025-05-08
C00396,Customer 00396,Male,61,Madinah,Returning,2025-09-05
C00397,Customer 00397,Female,27,Khobar,Returning,2024-05-06
C00398,Customer 00398,Male,46,Riyadh,Loyal,2026-02-23
C00399,Customer 00399,Male,32,Makkah,Returning,2025-11-25
C00400,Customer 00400,Male,28,Abha,New,2024-04-04
C00401,Customer 00401,Male,52,Riyadh,New,2024-10-19
C00402,Customer 00402,Female,48,Makkah,Returning,2025-07-22
C00403,Customer 00403,Male,56,Makkah,Returning,2024-02-11
C00404,Customer 00404,Male,40,Khobar,Returning,2025-09-17
C00405,Customer 00405,Male,20,Riyadh,New,2025-06-01
C00406,Customer 00406,Female,37,Riyadh,New,2024-05-05
C00407,Customer 00407,Female,62,Makkah,New,2025-07-01
C00408,Customer 00408,Female,18,Makkah,Loyal,2025-04-11
C00409,Customer 00409,Female,18,Makkah,Loyal,2025-10-05
C00410,Customer 00410,Female,61,Riyadh,Loyal,2024-06-21
C00411,Customer 00411,Female,21,Abha,Loyal,2024-02-24
C00412,Customer 00412,Female,47,Khobar,Returning,2025-07-28
C00413,Customer 00413,Male,25,Makkah,Returning,2025-09-29
C00414,Customer 00414,Male,53,Madinah,Loyal,2025-04-16
C00415,Customer 00415,Female,42,Abha,Returning,2026-04-15
C00416,Customer 00416,Male,53,Jeddah,Returning,2026-05-22
C00417,Customer 00417,Female,28,Dammam,Returning,2025-06-17
C00418,Customer 00418,Female,53,Makkah,New,2026-05-02
C00419,Customer 00419,Male,36,Madinah,Loyal,2025-12-07
C00420,Customer 00420,Male,47,Madinah,Loyal,2024-04-21
C00421,Customer 00421,Male,51,Jeddah,Loyal,2025-05-03
C00422,Customer 00422,Male,22,Makkah,Returning,2026-02-10
C00423,Customer 00423,Female,21,Dammam,Returning,2025-11-10
C00424,Customer 00424,Female,31,Jeddah,Returning,2024-01-23
C00425,Customer 00425,Male,42,Abha,Loyal,2024-02-01
C00426,Customer 00426,Male,63,Abha,Returning,2024-06-19
C00427,Customer 00427,Male,60,Dammam,Returning,2024-09-11
C00428,Customer 00428,Male,25,Riyadh,Returning,2024-04-29
C00429,Customer 00429,Male,31,Makkah,New,2024-07-07
C00430,Customer 00430,Male,37,Madinah,Returning,2024-08-29
C00431,Customer 00431,Male,19,Dammam,Returning,2024-10-02
C00432,Customer 00432,Male,49,Dammam,New,2025-01-06
C00433,Customer 00433,Male,29,Makkah,Returning,2024-10-18
C00434,Customer 00434,Female,56,Abha,Returning,2026-02-01
C00435,Customer 00435,Female,46,Riyadh,New,2025-07-23
C00436,Customer 00436,Male,34,Abha,Returning,2025-10-26
C00437,Customer 00437,Male,55,Jeddah,Loyal,2024-10-19
C00438,Customer 00438,Male,46,Khobar,Loyal,2026-03-24
C00439,Customer 00439,Female,55,Abha,Returning,2024-08-30
C00440,Customer 00440,Male,65,Khobar,New,2024-11-25
C00441,Customer 00441,Male,44,Khobar,New,2025-12-15
C00442,Customer 00442,Male,65,Jeddah,New,2024-03-11
C00443,Customer 00443,Male,58,Jeddah,Returning,2024-01-03
C00444,Customer 00444,Male,64,Riyadh,Returning,2024-01-17
C00445,Customer 00445,Male,20,Riyadh,Loyal,2026-06-05
C00446,Customer 00446,Male,42,Abha,New,2025-05-08
C00447,Customer 00447,Female,62,Jeddah,Returning,2026-06-07
C00448,Customer 00448,Female,30,Khobar,Returning,2025-10-15
C00449,Customer 00449,Female,39,Riyadh,New,2025-01-07
C00450,Customer 00450,Female,36,Khobar,Returning,2026-03-31
C00451,Customer 00451,Male,26,Riyadh,Returning,2024-06-28
C00452,Customer 00452,Female,36,Dammam,New,2025-10-04
C00453,Customer 00453,Male,26,Makkah,Returning,2024-12-01
C00454,Customer 00454,Female,35,Makkah,Returning,2024-09-30
C00455,Customer 00455,Female,40,Makkah,Returning,2024-03-31
C00456,Customer 00456,Female,45,Jeddah,New,2024-02-07
C00457,Customer 00457,Male,34,Makkah,New,2025-05-23
C00458,Customer 00458,Female,23,Makkah,New,2025-09-02
C00459,Customer 00459,Female,24,Dammam,Loyal,2026-03-26
C00460,Customer 00460,Female,47,Riyadh,Returning,2025-01-09
C00461,Customer 00461,Male,65,Madinah,Returning,2025-04-19
C00462,Customer 00462,Male,42,Jeddah,Returning,2025-12-04
C00463,Customer 00463,Female,47,Makkah,New,2024-03-07
C00464,Customer 00464,Male,30,Madinah,New,2026-04-30
C00465,Customer 00465,Male,29,Abha,New,2026-01-12
C00466,Customer 00466,Male,31,Dammam,New,2026-04-01
C00467,Customer 00467,Male,36,Dammam,Returning,2024-11-03
C00468,Customer 00468,Male,22,Dammam,New,2024-07-22
C00469,Customer 00469,Female,54,Dammam,Loyal,2024-11-12
C00470,Customer 00470,Male,42,Jeddah,Returning,2026-04-19
C00471,Customer 00471,Female,55,Jeddah,Loyal,2025-10-22
C00472,Customer 00472,Female,60,Makkah,Returning,2024-04-19
C00473,Customer 00473,Female,56,Madinah,Returning,2024-03-02
C00474,Customer 00474,Female,22,Makkah,Loyal,2025-02-04
C00475,Customer 00475,Male,22,Jeddah,Returning,2024-04-30
C00476,Customer 00476,Female,54,Madinah,Loyal,2025-12-23
C00477,Customer 00477,Male,59,Makkah,New,2025-11-07
C00478,Customer 00478,Male,37,Khobar,New,2025-08-16
C00479,Customer 00479,Male,30,Makkah,Returning,2026-02-04
C00480,Customer 00480,Female,60,Jeddah,New,2026-02-13
C00481,Customer 00481,Female,38,Khobar,Returning,2025-10-28
C00482,Customer 00482,Female,38,Jeddah,New,2024-12-03
C00483,Customer 00483,Female,25,Jeddah,Returning,2025-07-01
C00484,Customer 00484,Male,37,Makkah,Loyal,2026-05-18
C00485,Customer 00485,Female,64,Madinah,Loyal,2025-03-23
C00486,Customer 00486,Female,58,Madinah,New,2026-04-13
C00487,Customer 00487,Female,26,Makkah,Loyal,2024-09-29
C00488,Customer 00488,Male,30,Dammam,Loyal,2026-04-26
C00489,Customer 00489,Male,45,Dammam,Returning,2024-08-22
C00490,Customer 00490,Male,46,Dammam,Loyal,2024-01-12
C00491,Customer 00491,Female,42,Makkah,New,2024-03-03
C00492,Customer 00492,Female,23,Dammam,Loyal,2024-08-23
C00493,Customer 00493,Female,26,Riyadh,Returning,2024-04-18
C00494,Customer 00494,Male,52,Dammam,Returning,2025-02-27
C00495,Customer 00495,Male,22,Madinah,Loyal,2025-11-18
C00496,Customer 00496,Female,59,Dammam,Returning,2025-11-24
C00497,Customer 00497,Female,22,Khobar,New,2025-06-10
C00498,Customer 00498,Male,63,Jeddah,Returning,2024-10-20
C00499,Customer 00499,Male,39,Madinah,Returning,2024-10-03
C00500,Customer 00500,Female,61,Makkah,New,2025-03-05
C00501,Customer 00501,Female,21,Madinah,New,2024-04-14
C00502,Customer 00502,Male,34,Jeddah,Returning,2025-02-05
C00503,Customer 00503,Female,63,Abha,Returning,2024-12-27
C00504,Customer 00504,Male,24,Makkah,Returning,2026-04-24
C00505,Customer 00505,Male,43,Khobar,Returning,2026-01-22
C00506,Customer 00506,Male,35,Makkah,New,2025-08-21
C00507,Customer 00507,Female,27,Riyadh,New,2024-10-03
C00508,Customer 00508,Female,36,Dammam,Returning,2025-09-15
C00509,Customer 00509,Female,55,Khobar,Returning,2024-09-17
C00510,Customer 00510,Female,64,Riyadh,Returning,2024-04-20
C00511,Customer 00511,Male,56,Khobar,New,2025-10-01
C00512,Customer 00512,Male,51,Khobar,Loyal,2025-12-21
C00513,Customer 00513,Male,22,Jeddah,Returning,2024-01-28
C00514,Customer 00514,Female,54,Madinah,Returning,2024-03-13
C00515,Customer 00515,Female,59,Abha,Returning,2026-04-13
C00516,Customer 00516,Female,54,Makkah,Loyal,2025-04-17
C00517,Customer 00517,Male,19,Jeddah,Returning,2025-09-30
C00518,Customer 00518,Male,59,Riyadh,Returning,2025-03-15
C00519,Customer 00519,Female,27,Jeddah,Returning,2025-09-26
C00520,Customer 00520,Female,27,Dammam,New,2025-03-21
C00521,Customer 00521,Male,54,Madinah,New,2024-09-04
C00522,Customer 00522,Female,64,Riyadh,Returning,2025-06-12
C00523,Customer 00523,Male,32,Riyadh,Returning,2025-09-16
C00524,Customer 00524,Male,52,Jeddah,New,2026-03-20
C00525,Customer 00525,Female,53,Khobar,Loyal,2024-10-08
C00526,Customer 00526,Male,40,Riyadh,Returning,2026-02-24
C00527,Customer 00527,Male,33,Jeddah,Returning,2025-05-19
C00528,Customer 00528,Female,46,Dammam,Loyal,2025-07-10
C00529,Customer 00529,Male,21,Abha,Returning,2024-01-03
C00530,Customer 00530,Male,34,Abha,Returning,2024-09-04
C00531,Customer 00531,Female,54,Jeddah,Returning,2025-07-07
C00532,Customer 00532,Male,19,Abha,New,2024-01-24
C00533,Customer 00533,Female,21,Abha,New,2024-12-23
C00534,Customer 00534,Female,28,Dammam,New,2024-04-29
C00535,Customer 00535,Male,41,Dammam,Returning,2024-05-19
C00536,Customer 00536,Male,57,Dammam,New,2025-10-24
C00537,Customer 00537,Male,51,Jeddah,Loyal,2026-01-19
C00538,Customer 00538,Male,45,Makkah,New,2024-10-19
C00539,Customer 00539,Male,21,Madinah,Returning,2026-05-03
C00540,Customer 00540,Female,52,Jeddah,New,2026-06-10
C00541,Customer 00541,Male,58,Madinah,New,2024-09-27
C00542,Customer 00542,Male,20,Khobar,Loyal,2025-10-23
C00543,Customer 00543,Female,44,Makkah,Returning,2024-09-13
C00544,Customer 00544,Female,41,Khobar,Returning,2026-03-11
C00545,Customer 00545,Male,25,Dammam,Loyal,2026-04-30
C00546,Customer 00546,Female,40,Dammam,Loyal,2024-04-10
C00547,Customer 00547,Male,50,Khobar,New,2026-01-14
C00548,Customer 00548,Male,35,Jeddah,Returning,2024-08-26
C00549,Customer 00549,Male,33,Dammam,Returning,2025-11-20
C00550,Customer 00550,Female,35,Khobar,New,2025-12-26
C00551,Customer 00551,Female,46,Riyadh,New,2025-02-10
C00552,Customer 00552,Male,58,Khobar,New,2025-01-28
C00553,Customer 00553,Female,18,Makkah,New,2024-09-22
C00554,Customer 00554,Female,65,Riyadh,New,2024-10-28
C00555,Customer 00555,Female,21,Jeddah,Returning,2024-11-04
C00556,Customer 00556,Female,35,Abha,New,2024-10-02
C00557,Customer 00557,Male,65,Riyadh,New,2024-12-22
C00558,Customer 00558,Female,23,Makkah,Returning,2025-07-04
C00559,Customer 00559,Female,56,Riyadh,Loyal,2025-02-25
C00560,Customer 00560,Female,56,Dammam,New,2025-04-19
C00561,Customer 00561,Female,32,Abha,Returning,2025-04-25
C00562,Customer 00562,Male,50,Makkah,Loyal,2025-03-25
C00563,Customer 00563,Male,43,Riyadh,Returning,2024-11-09
C00564,Customer 00564,Male,29,Dammam,Returning,2024-05-03
C00565,Customer 00565,Male,62,Abha,New,2024-03-29
C00566,Customer 00566,Female,54,Abha,New,2024-05-17
C00567,Customer 00567,Female,52,Khobar,New,2024-02-20
C00568,Customer 00568,Female,48,Abha,Loyal,2024-02-23
C00569,Customer 00569,Male,52,Khobar,Returning,2025-02-25
C00570,Customer 00570,Female,51,Khobar,Loyal,2024-02-23
C00571,Customer 00571,Female,49,Riyadh,Returning,2025-08-27
C00572,Customer 00572,Male,65,Dammam,New,2024-01-06
C00573,Customer 00573,Female,43,Madinah,Returning,2026-01-24
C00574,Customer 00574,Female,20,Jeddah,Returning,2026-02-04
C00575,Customer 00575,Female,46,Abha,Returning,2025-07-13
C00576,Customer 00576,Female,48,Riyadh,Loyal,2025-12-19
C00577,Customer 00577,Male,43,Khobar,Returning,2025-11-30
C00578,Customer 00578,Female,31,Jeddah,Returning,2026-05-28
C00579,Customer 00579,Female,50,Makkah,New,2024-12-24
C00580,Customer 00580,Female,28,Riyadh,Returning,2026-03-20
C00581,Customer 00581,Male,46,Dammam,Returning,2024-09-23
C00582,Customer 00582,Female,39,Abha,Loyal,2024-02-02
C00583,Customer 00583,Male,42,Dammam,Returning,2024-10-24
C00584,Customer 00584,Male,24,Jeddah,New,2024-05-24
C00585,Customer 00585,Male,63,Khobar,Returning,2026-06-06
C00586,Customer 00586,Female,23,Khobar,Returning,2024-02-03
C00587,Customer 00587,Female,36,Riyadh,Loyal,2025-12-22
C00588,Customer 00588,Female,23,Madinah,Returning,2026-03-22
C00589,Customer 00589,Female,37,Riyadh,New,2026-05-19
C00590,Customer 00590,Female,60,Khobar,Returning,2026-06-11
C00591,Customer 00591,Male,28,Madinah,Loyal,2025-09-02
C00592,Customer 00592,Female,19,Riyadh,Returning,2025-11-26
C00593,Customer 00593,Male,57,Makkah,New,2026-01-30
C00594,Customer 00594,Female,63,Madinah,Loyal,2024-02-20
C00595,Customer 00595,Male,48,Abha,Returning,2025-09-06
C00596,Customer 00596,Male,23,Khobar,New,2025-09-23
C00597,Customer 00597,Male,58,Dammam,New,2024-01-19
C00598,Customer 00598,Male,44,Riyadh,New,2024-11-12
C00599,Customer 00599,Female,45,Dammam,Returning,2025-11-25
C00600,Customer 00600,Female,61,Dammam,New,2026-05-16
C00601,Customer 00601,Female,61,Jeddah,Loyal,2024-08-17
C00602,Customer 00602,Female,47,Makkah,Returning,2025-04-07
C00603,Customer 00603,Female,18,Makkah,Loyal,2026-03-29
C00604,Customer 00604,Male,55,Riyadh,Returning,2024-10-23
C00605,Customer 00605,Male,42,Abha,Returning,2024-01-01
C00606,Customer 00606,Female,34,Makkah,New,2024-05-04
C00607,Customer 00607,Male,36,Khobar,Loyal,2025-02-03
C00608,Customer 00608,Female,33,Madinah,Returning,2025-05-10
C00609,Customer 00609,Female,41,Riyadh,Returning,2025-11-13
C00610,Customer 00610,Male,31,Dammam,Returning,2026-06-12
C00611,Customer 00611,Male,30,Riyadh,Returning,2026-02-24
C00612,Customer 00612,Female,47,Abha,Returning,2024-04-13
C00613,Customer 00613,Male,42,Riyadh,Returning,2024-10-17
C00614,Customer 00614,Female,19,Makkah,New,2025-02-16
C00615,Customer 00615,Female,65,Jeddah,New,2025-08-15
C00616,Customer 00616,Female,54,Madinah,Loyal,2024-11-29
C00617,Customer 00617,Female,47,Riyadh,Returning,2025-12-21
C00618,Customer 00618,Male,23,Khobar,Loyal,2024-12-08
C00619,Customer 00619,Male,58,Dammam,New,2025-10-11
C00620,Customer 00620,Male,18,Dammam,Returning,2026-02-19
C00621,Customer 00621,Male,25,Riyadh,Returning,2024-03-19
C00622,Customer 00622,Female,54,Abha,Loyal,2025-12-03
C00623,Customer 00623,Female,23,Khobar,Returning,2025-10-21
C00624,Customer 00624,Female,22,Makkah,Returning,2026-04-23
C00625,Customer 00625,Female,63,Makkah,Returning,2026-01-22
C00626,Customer 00626,Male,39,Makkah,Loyal,2025-03-17
C00627,Customer 00627,Male,24,Jeddah,Returning,2025-12-24
C00628,Customer 00628,Female,49,Abha,Returning,2024-09-29
C00629,Customer 00629,Female,57,Khobar,Returning,2024-10-07
C00630,Customer 00630,Male,31,Jeddah,Returning,2024-09-26
C00631,Customer 00631,Female,59,Dammam,Loyal,2026-04-02
C00632,Customer 00632,Male,60,Dammam,Loyal,2024-11-11
C00633,Customer 00633,Male,62,Madinah,Returning,2024-05-14
C00634,Customer 00634,Male,44,Madinah,Returning,2024-02-23
C00635,Customer 00635,Male,29,Madinah,New,2025-06-13
C00636,Customer 00636,Female,60,Abha,Returning,2025-09-21
C00637,Customer 00637,Male,38,Riyadh,Returning,2025-07-07
C00638,Customer 00638,Female,57,Riyadh,New,2025-10-03
C00639,Customer 00639,Female,54,Abha,Returning,2024-09-15
C00640,Customer 00640,Female,31,Riyadh,Loyal,2024-11-01
C00641,Customer 00641,Female,56,Khobar,Returning,2024-06-01
C00642,Customer 00642,Female,65,Jeddah,Returning,2024-07-29
C00643,Customer 00643,Female,53,Dammam,Returning,2026-03-30
C00644,Customer 00644,Male,36,Riyadh,Returning,2025-04-28
C00645,Customer 00645,Male,28,Abha,Loyal,2025-09-12
C00646,Customer 00646,Male,36,Khobar,New,2024-06-13
C00647,Customer 00647,Male,56,Makkah,Loyal,2025-06-30
C00648,Customer 00648,Female,45,Abha,Returning,2024-09-28
C00649,Customer 00649,Male,39,Makkah,Returning,2025-03-24
C00650,Customer 00650,Male,45,Dammam,Returning,2024-04-19
C00651,Customer 00651,Male,57,Abha,Returning,2024-02-29
C00652,Customer 00652,Male,56,Madinah,Loyal,2024-09-02
C00653,Customer 00653,Female,45,Jeddah,Returning,2025-12-06
C00654,Customer 00654,Male,29,Dammam,Returning,2024-06-02
C00655,Customer 00655,Male,42,Makkah,Loyal,2024-12-15
C00656,Customer 00656,Female,60,Jeddah,Loyal,2025-03-22
C00657,Customer 00657,Male,25,Riyadh,Loyal,2025-05-03
C00658,Customer 00658,Female,36,Khobar,Loyal,2026-02-05
C00659,Customer 00659,Female,43,Madinah,Returning,2025-10-19
C00660,Customer 00660,Female,52,Makkah,Returning,2025-04-01
C00661,Customer 00661,Female,29,Dammam,New,2025-05-17
C00662,Customer 00662,Male,64,Abha,New,2024-09-27
C00663,Customer 00663,Male,24,Abha,Loyal,2026-05-15
C00664,Customer 00664,Male,42,Dammam,Loyal,2024-12-29
C00665,Customer 00665,Female,44,Dammam,Returning,2026-04-10
C00666,Customer 00666,Male,35,Riyadh,Returning,2025-01-20
C00667,Customer 00667,Male,53,Riyadh,Loyal,2024-10-04
C00668,Customer 00668,Male,36,Riyadh,Loyal,2026-03-19
C00669,Customer 00669,Male,32,Madinah,Returning,2024-01-31
C00670,Customer 00670,Male,31,Makkah,Returning,2025-12-20
C00671,Customer 00671,Female,43,Jeddah,Returning,2024-03-24
C00672,Customer 00672,Male,22,Khobar,Loyal,2025-04-25
C00673,Customer 00673,Female,54,Riyadh,Returning,2025-03-02
C00674,Customer 00674,Male,27,Riyadh,New,2025-11-24
C00675,Customer 00675,Female,19,Khobar,New,2024-02-01
C00676,Customer 00676,Female,58,Makkah,New,2025-05-25
C00677,Customer 00677,Female,56,Dammam,Loyal,2025-04-02
C00678,Customer 00678,Female,50,Makkah,Returning,2025-01-28
C00679,Customer 00679,Male,62,Abha,New,2025-06-12
C00680,Customer 00680,Male,21,Jeddah,Loyal,2025-03-31
C00681,Customer 00681,Female,50,Jeddah,Loyal,2026-01-04
C00682,Customer 00682,Female,25,Riyadh,Loyal,2024-07-15
C00683,Customer 00683,Male,20,Riyadh,Loyal,2025-06-26
C00684,Customer 00684,Male,49,Madinah,Returning,2024-04-01
C00685,Customer 00685,Male,24,Makkah,New,2025-12-09
C00686,Customer 00686,Male,48,Jeddah,Returning,2024-10-09
C00687,Customer 00687,Female,51,Abha,Returning,2025-10-04
C00688,Customer 00688,Female,62,Madinah,Returning,2025-04-30
C00689,Customer 00689,Female,21,Madinah,Returning,2024-07-20
C00690,Customer 00690,Female,58,Abha,Returning,2025-04-20
C00691,Customer 00691,Female,34,Abha,Returning,2025-11-08
C00692,Customer 00692,Male,65,Dammam,Returning,2025-07-01
C00693,Customer 00693,Male,46,Makkah,New,2024-09-06
C00694,Customer 00694,Male,33,Madinah,Returning,2025-12-18
C00695,Customer 00695,Female,25,Khobar,New,2024-06-29
C00696,Customer 00696,Male,51,Riyadh,New,2025-02-03
C00697,Customer 00697,Female,44,Makkah,Returning,2025-11-20
C00698,Customer 00698,Male,38,Riyadh,Loyal,2025-11-08
C00699,Customer 00699,Female,50,Madinah,New,2026-03-01
C00700,Customer 00700,Male,65,Khobar,Returning,2024-02-21
C00701,Customer 00701,Female,28,Riyadh,Loyal,2025-04-14
C00702,Customer 00702,Male,28,Jeddah,Returning,2025-05-06
C00703,Customer 00703,Female,57,Riyadh,Returning,2024-11-13
C00704,Customer 00704,Male,49,Khobar,New,2025-04-15
C00705,Customer 00705,Male,20,Madinah,Loyal,2024-12-08
C00706,Customer 00706,Male,39,Makkah,New,2025-11-13
C00707,Customer 00707,Male,46,Dammam,New,2025-06-12
C00708,Customer 00708,Male,54,Jeddah,Returning,2025-07-14
C00709,Customer 00709,Male,38,Riyadh,Loyal,2025-01-05
C00710,Customer 00710,Female,54,Makkah,Loyal,2025-02-21
C00711,Customer 00711,Male,38,Khobar,Returning,2024-01-06
C00712,Customer 00712,Male,37,Khobar,Returning,2024-07-12
C00713,Customer 00713,Male,23,Makkah,Returning,2026-01-21
C00714,Customer 00714,Female,37,Abha,Returning,2024-09-26
C00715,Customer 00715,Male,19,Riyadh,Returning,2026-03-12
C00716,Customer 00716,Male,18,Jeddah,New,2026-04-09
C00717,Customer 00717,Male,28,Khobar,New,2024-05-09
C00718,Customer 00718,Male,43,Dammam,New,2024-04-22
C00719,Customer 00719,Male,22,Riyadh,Returning,2024-10-05
C00720,Customer 00720,Male,44,Makkah,New,2025-01-03
C00721,Customer 00721,Male,63,Makkah,New,2025-09-28
C00722,Customer 00722,Female,25,Riyadh,Loyal,2025-05-27
C00723,Customer 00723,Male,47,Madinah,Loyal,2025-10-21
C00724,Customer 00724,Female,64,Dammam,New,2026-02-20
C00725,Customer 00725,Female,38,Makkah,Returning,2025-01-28
C00726,Customer 00726,Male,25,Dammam,Loyal,2025-03-09
C00727,Customer 00727,Male,49,Madinah,Loyal,2025-06-17
C00728,Customer 00728,Female,62,Dammam,Returning,2025-07-05
C00729,Customer 00729,Female,25,Khobar,Returning,2024-05-17
C00730,Customer 00730,Male,39,Jeddah,New,2026-01-10
C00731,Customer 00731,Female,59,Riyadh,New,2024-09-07
C00732,Customer 00732,Male,65,Abha,New,2026-02-25
C00733,Customer 00733,Female,50,Jeddah,New,2024-06-01
C00734,Customer 00734,Male,50,Riyadh,Returning,2025-03-03
C00735,Customer 00735,Male,51,Dammam,Returning,2025-06-03
C00736,Customer 00736,Female,45,Khobar,Loyal,2026-04-12
C00737,Customer 00737,Male,40,Abha,Returning,2025-10-02
C00738,Customer 00738,Female,29,Khobar,New,2024-05-20
C00739,Customer 00739,Male,28,Abha,Loyal,2026-06-10
C00740,Customer 00740,Male,31,Madinah,Returning,2024-04-22
C00741,Customer 00741,Female,56,Makkah,Loyal,2025-08-07
C00742,Customer 00742,Male,25,Khobar,Loyal,2024-06-18
C00743,Customer 00743,Male,61,Makkah,Returning,2024-06-25
C00744,Customer 00744,Male,25,Madinah,New,2024-10-19
C00745,Customer 00745,Female,61,Madinah,Loyal,2025-08-13
C00746,Customer 00746,Male,22,Khobar,Returning,2024-04-11
C00747,Customer 00747,Male,44,Khobar,Returning,2026-01-24
C00748,Customer 00748,Male,45,Riyadh,New,2024-08-17
C00749,Customer 00749,Female,49,Riyadh,New,2024-08-23
C00750,Customer 00750,Female,42,Khobar,Loyal,2024-06-23
C00751,Customer 00751,Female,52,Madinah,Returning,2025-07-04
C00752,Customer 00752,Male,47,Riyadh,New,2025-10-31
C00753,Customer 00753,Male,47,Abha,New,2025-11-01
C00754,Customer 00754,Male,20,Makkah,Returning,2026-04-18
C00755,Customer 00755,Female,47,Riyadh,Loyal,2026-04-15
C00756,Customer 00756,Female,32,Jeddah,Returning,2026-02-19
C00757,Customer 00757,Male,40,Jeddah,Returning,2024-04-29
C00758,Customer 00758,Female,65,Abha,New,2025-07-11
C00759,Customer 00759,Female,46,Madinah,New,2024-09-09
C00760,Customer 00760,Female,22,Jeddah,Loyal,2025-08-14
C00761,Customer 00761,Female,23,Makkah,New,2025-11-13
C00762,Customer 00762,Female,32,Riyadh,Loyal,2025-03-15
C00763,Customer 00763,Female,51,Makkah,New,2026-02-27
C00764,Customer 00764,Male,63,Abha,New,2025-06-08
C00765,Customer 00765,Female,29,Makkah,Returning,2024-11-11
C00766,Customer 00766,Male,40,Madinah,Returning,2024-06-06
C00767,Customer 00767,Female,24,Dammam,New,2026-02-03
C00768,Customer 00768,Female,46,Jeddah,Returning,2025-02-26
C00769,Customer 00769,Male,21,Dammam,New,2024-12-10
C00770,Customer 00770,Female,65,Riyadh,Returning,2025-10-07
C00771,Customer 00771,Female,18,Khobar,New,2025-06-03
C00772,Customer 00772,Female,36,Khobar,Loyal,2025-08-28
C00773,Customer 00773,Female,39,Makkah,Returning,2024-07-08
C00774,Customer 00774,Female,40,Riyadh,Returning,2025-09-04
C00775,Customer 00775,Male,29,Abha,Loyal,2025-03-15
C00776,Customer 00776,Female,49,Abha,Loyal,2025-06-30
C00777,Customer 00777,Male,41,Khobar,Returning,2024-06-27
C00778,Customer 00778,Female,28,Abha,New,2024-07-26
C00779,Customer 00779,Female,39,Abha,New,2024-05-28
C00780,Customer 00780,Male,35,Dammam,Returning,2026-04-02
C00781,Customer 00781,Male,26,Madinah,Returning,2024-02-29
C00782,Customer 00782,Female,18,Dammam,Loyal,2024-03-03
C00783,Customer 00783,Female,52,Makkah,Loyal,2024-01-11
C00784,Customer 00784,Female,34,Madinah,Returning,2024-03-19
C00785,Customer 00785,Male,30,Abha,New,2024-07-21
C00786,Customer 00786,Female,49,Riyadh,Loyal,2026-01-07
C00787,Customer 00787,Male,33,Makkah,New,2025-02-22
C00788,Customer 00788,Female,44,Abha,Loyal,2024-12-17
C00789,Customer 00789,Female,61,Riyadh,Loyal,2024-12-17
C00790,Customer 00790,Male,40,Jeddah,New,2024-08-26
C00791,Customer 00791,Male,36,Dammam,New,2024-05-22
C00792,Customer 00792,Female,63,Khobar,New,2024-02-18
C00793,Customer 00793,Female,54,Madinah,Returning,2024-02-23
C00794,Customer 00794,Male,33,Madinah,Returning,2025-01-30
C00795,Customer 00795,Male,63,Jeddah,Returning,2025-09-04
C00796,Customer 00796,Male,52,Dammam,Returning,2024-01-05
C00797,Customer 00797,Female,48,Makkah,New,2025-11-17
C00798,Customer 00798,Male,30,Abha,New,2025-08-08
C00799,Customer 00799,Male,33,Khobar,Returning,2025-12-12
C00800,Customer 00800,Female,27,Jeddah,New,2024-09-04
C00801,Customer 00801,Female,24,Riyadh,Returning,2025-10-21
C00802,Customer 00802,Male,38,Jeddah,Loyal,2025-04-30
C00803,Customer 00803,Female,20,Madinah,Returning,2025-03-31
C00804,Customer 00804,Female,58,Makkah,New,2024-03-05
C00805,Customer 00805,Male,36,Jeddah,Returning,2025-06-19
C00806,Customer 00806,Female,65,Makkah,New,2024-09-01
C00807,Customer 00807,Female,48,Dammam,Returning,2024-03-01
C00808,Customer 00808,Male,59,Riyadh,New,2024-10-30
C00809,Customer 00809,Male,46,Riyadh,Returning,2025-12-27
C00810,Customer 00810,Male,26,Dammam,Returning,2024-02-11
C00811,Customer 00811,Male,20,Abha,Loyal,2025-02-23
C00812,Customer 00812,Male,65,Abha,Loyal,2026-04-29
C00813,Customer 00813,Female,52,Jeddah,Returning,2024-02-28
C00814,Customer 00814,Male,22,Riyadh,New,2025-05-01
C00815,Customer 00815,Female,46,Abha,Loyal,2025-08-15
C00816,Customer 00816,Female,52,Riyadh,Loyal,2025-03-06
C00817,Customer 00817,Male,19,Dammam,Loyal,2025-10-26
C00818,Customer 00818,Female,18,Madinah,Returning,2025-07-16
C00819,Customer 00819,Male,30,Abha,Returning,2026-01-13
C00820,Customer 00820,Female,20,Jeddah,New,2026-04-25
C00821,Customer 00821,Male,59,Riyadh,New,2025-06-01
C00822,Customer 00822,Female,27,Dammam,New,2024-08-08
C00823,Customer 00823,Male,51,Makkah,Returning,2025-11-14
C00824,Customer 00824,Male,44,Riyadh,New,2025-05-23
C00825,Customer 00825,Female,62,Makkah,Loyal,2024-10-05
C00826,Customer 00826,Female,62,Abha,Returning,2025-04-17
C00827,Customer 00827,Male,38,Abha,New,2024-07-29
C00828,Customer 00828,Male,23,Riyadh,New,2025-07-18
C00829,Customer 00829,Female,51,Riyadh,Loyal,2026-05-27
C00830,Customer 00830,Male,25,Madinah,Returning,2024-08-16
C00831,Customer 00831,Male,18,Madinah,Returning,2024-03-08
C00832,Customer 00832,Female,31,Abha,Loyal,2024-01-31
C00833,Customer 00833,Female,51,Dammam,New,2025-12-10
C00834,Customer 00834,Female,50,Khobar,New,2024-09-22
C00835,Customer 00835,Male,41,Dammam,Returning,2024-08-02
C00836,Customer 00836,Male,42,Jeddah,New,2025-04-07
C00837,Customer 00837,Male,24,Jeddah,Loyal,2024-08-05
C00838,Customer 00838,Female,35,Riyadh,Returning,2025-08-14
C00839,Customer 00839,Male,45,Khobar,Loyal,2025-12-09
C00840,Customer 00840,Male,23,Jeddah,Returning,2024-09-23
C00841,Customer 00841,Male,56,Riyadh,Loyal,2024-09-28
C00842,Customer 00842,Male,64,Jeddah,Returning,2025-01-07
C00843,Customer 00843,Female,41,Khobar,New,2024-09-05
C00844,Customer 00844,Female,22,Dammam,Returning,2024-09-03
C00845,Customer 00845,Female,20,Riyadh,New,2024-05-22
C00846,Customer 00846,Male,21,Dammam,Returning,2026-01-26
C00847,Customer 00847,Female,28,Jeddah,New,2026-05-30
C00848,Customer 00848,Female,63,Dammam,New,2026-04-24
C00849,Customer 00849,Female,46,Dammam,Returning,2025-09-13
C00850,Customer 00850,Male,51,Makkah,Loyal,2024-06-10
C00851,Customer 00851,Male,43,Dammam,Returning,2026-05-08
C00852,Customer 00852,Male,49,Madinah,New,2024-01-31
C00853,Customer 00853,Female,22,Jeddah,New,2026-01-24
C00854,Customer 00854,Male,48,Jeddah,Returning,2024-02-04
C00855,Customer 00855,Female,38,Jeddah,Returning,2025-07-12
C00856,Customer 00856,Male,45,Abha,Returning,2024-08-02
C00857,Customer 00857,Male,64,Jeddah,Loyal,2026-05-11
C00858,Customer 00858,Female,41,Khobar,New,2024-05-02
C00859,Customer 00859,Female,33,Makkah,New,2026-02-22
C00860,Customer 00860,Male,52,Jeddah,New,2026-04-09
C00861,Customer 00861,Male,19,Riyadh,Returning,2024-10-15
C00862,Customer 00862,Female,62,Jeddah,Loyal,2025-04-22
C00863,Customer 00863,Male,47,Abha,Returning,2025-03-12
C00864,Customer 00864,Male,53,Riyadh,New,2024-03-28
C00865,Customer 00865,Male,32,Abha,New,2026-05-25
C00866,Customer 00866,Female,51,Abha,Loyal,2025-05-10
C00867,Customer 00867,Female,58,Riyadh,Returning,2024-03-24
C00868,Customer 00868,Female,42,Khobar,New,2024-03-01
C00869,Customer 00869,Male,31,Makkah,New,2024-03-12
C00870,Customer 00870,Female,35,Makkah,Returning,2024-10-27
C00871,Customer 00871,Female,60,Makkah,Returning,2026-03-23
C00872,Customer 00872,Male,34,Riyadh,Loyal,2024-12-02
C00873,Customer 00873,Female,22,Riyadh,Returning,2025-02-10
C00874,Customer 00874,Female,56,Abha,Returning,2026-03-05
C00875,Customer 00875,Male,36,Dammam,New,2025-04-17
C00876,Customer 00876,Male,19,Khobar,Returning,2024-06-29
C00877,Customer 00877,Male,35,Dammam,Returning,2026-04-21
C00878,Customer 00878,Male,50,Makkah,Returning,2026-02-14
C00879,Customer 00879,Female,34,Riyadh,Returning,2026-02-16
C00880,Customer 00880,Female,33,Jeddah,Returning,2025-06-11
C00881,Customer 00881,Male,49,Dammam,New,2024-11-30
C00882,Customer 00882,Female,60,Jeddah,New,2026-02-20
C00883,Customer 00883,Male,25,Riyadh,Returning,2025-10-15
C00884,Customer 00884,Male,18,Madinah,Loyal,2025-04-18
C00885,Customer 00885,Female,63,Dammam,Returning,2024-05-04
C00886,Customer 00886,Male,62,Makkah,Returning,2025-04-10
C00887,Customer 00887,Female,50,Makkah,Returning,2026-04-24
C00888,Customer 00888,Male,39,Dammam,New,2026-03-02
C00889,Customer 00889,Male,51,Dammam,Loyal,2025-08-07
C00890,Customer 00890,Male,53,Riyadh,Loyal,2026-02-05
C00891,Customer 00891,Female,23,Abha,Returning,2025-03-06
C00892,Customer 00892,Female,21,Abha,Loyal,2025-01-31
C00893,Customer 00893,Female,61,Makkah,Loyal,2026-01-04
C00894,Customer 00894,Female,42,Dammam,New,2026-02-26
C00895,Customer 00895,Male,22,Abha,Returning,2026-06-16
C00896,Customer 00896,Male,42,Makkah,New,2025-03-01
C00897,Customer 00897,Female,29,Madinah,Returning,2024-02-27
C00898,Customer 00898,Female,20,Abha,Loyal,2024-09-11
C00899,Customer 00899,Male,34,Makkah,Returning,2024-04-08
C00900,Customer 00900,Male,25,Dammam,Returning,2025-09-01
C00901,Customer 00901,Female,60,Riyadh,Loyal,2025-01-20
C00902,Customer 00902,Female,45,Abha,Returning,2026-03-22
C00903,Customer 00903,Female,29,Makkah,New,2024-05-15
C00904,Customer 00904,Male,33,Khobar,Returning,2025-01-31
C00905,Customer 00905,Male,46,Madinah,New,2025-11-16
C00906,Customer 00906,Female,19,Jeddah,Returning,2024-04-01
C00907,Customer 00907,Female,34,Riyadh,Returning,2025-09-21
C00908,Customer 00908,Female,33,Riyadh,Loyal,2024-02-03
C00909,Customer 00909,Male,44,Abha,New,2024-01-28
C00910,Customer 00910,Female,65,Riyadh,Loyal,2024-09-23
C00911,Customer 00911,Female,61,Riyadh,New,2024-03-12
C00912,Customer 00912,Male,39,Riyadh,Loyal,2024-11-09
C00913,Customer 00913,Female,31,Dammam,Loyal,2024-03-23
C00914,Customer 00914,Male,47,Jeddah,Returning,2025-03-10
C00915,Customer 00915,Male,64,Abha,Returning,2025-03-28
C00916,Customer 00916,Female,44,Abha,Returning,2024-12-03
C00917,Customer 00917,Female,38,Madinah,Loyal,2025-01-21
C00918,Customer 00918,Male,62,Riyadh,Returning,2024-09-12
C00919,Customer 00919,Female,51,Dammam,Loyal,2026-03-24
C00920,Customer 00920,Female,51,Makkah,Returning,2024-07-15
C00921,Customer 00921,Male,53,Dammam,New,2025-07-09
C00922,Customer 00922,Female,46,Dammam,New,2026-05-11
C00923,Customer 00923,Female,47,Makkah,New,2025-05-29
C00924,Customer 00924,Male,52,Riyadh,Loyal,2024-11-02
C00925,Customer 00925,Female,59,Dammam,Returning,2026-05-22
C00926,Customer 00926,Female,18,Dammam,Returning,2026-05-21
C00927,Customer 00927,Female,45,Jeddah,Returning,2025-01-21
C00928,Customer 00928,Female,50,Madinah,New,2025-04-12
C00929,Customer 00929,Female,51,Madinah,Loyal,2024-08-08
C00930,Customer 00930,Female,62,Makkah,Loyal,2026-04-04
C00931,Customer 00931,Female,26,Abha,Returning,2025-12-29
C00932,Customer 00932,Male,43,Makkah,Loyal,2026-01-27
C00933,Customer 00933,Male,36,Madinah,Returning,2026-06-11
C00934,Customer 00934,Female,23,Madinah,New,2024-12-06
C00935,Customer 00935,Male,41,Khobar,New,2026-05-30
C00936,Customer 00936,Female,40,Jeddah,New,2025-07-18
C00937,Customer 00937,Female,56,Dammam,New,2025-10-03
C00938,Customer 00938,Female,25,Abha,Returning,2024-11-03
C00939,Customer 00939,Male,44,Abha,Loyal,2025-02-06
C00940,Customer 00940,Male,33,Jeddah,Returning,2025-01-14
C00941,Customer 00941,Female,65,Khobar,New,2024-08-07
C00942,Customer 00942,Male,59,Makkah,Returning,2024-09-10
C00943,Customer 00943,Female,42,Riyadh,Returning,2024-02-05
C00944,Customer 00944,Female,41,Khobar,Loyal,2025-04-05
C00945,Customer 00945,Female,42,Dammam,Returning,2025-06-27
C00946,Customer 00946,Female,61,Jeddah,New,2024-09-20
C00947,Customer 00947,Male,56,Dammam,Loyal,2024-01-15
C00948,Customer 00948,Female,58,Makkah,Returning,2024-06-10
C00949,Customer 00949,Male,24,Khobar,Returning,2026-03-11
C00950,Customer 00950,Female,33,Riyadh,Returning,2024-05-06
C00951,Customer 00951,Male,30,Dammam,Returning,2024-05-19
C00952,Customer 00952,Male,54,Jeddah,Loyal,2025-07-17
C00953,Customer 00953,Female,52,Madinah,Loyal,2026-03-20
C00954,Customer 00954,Female,36,Khobar,Returning,2025-11-02
C00955,Customer 00955,Male,32,Dammam,Loyal,2024-02-24
C00956,Customer 00956,Male,56,Riyadh,New,2024-08-23
C00957,Customer 00957,Female,65,Makkah,Loyal,2025-10-30
C00958,Customer 00958,Male,63,Dammam,Returning,2025-09-05
C00959,Customer 00959,Male,24,Riyadh,Returning,2026-06-07
C00960,Customer 00960,Male,62,Makkah,New,2025-03-26
C00961,Customer 00961,Male,29,Riyadh,New,2024-08-14
C00962,Customer 00962,Female,49,Dammam,Returning,2025-04-10
C00963,Customer 00963,Female,60,Jeddah,Returning,2025-06-01
C00964,Customer 00964,Male,35,Makkah,New,2026-01-27
C00965,Customer 00965,Male,64,Riyadh,Returning,2024-08-08
C00966,Customer 00966,Female,39,Abha,Loyal,2024-12-28
C00967,Customer 00967,Female,44,Dammam,Loyal,2024-07-05
C00968,Customer 00968,Male,48,Khobar,New,2024-07-01
C00969,Customer 00969,Male,64,Abha,Returning,2025-11-27
C00970,Customer 00970,Female,46,Makkah,New,2025-05-25
C00971,Customer 00971,Female,28,Jeddah,Loyal,2025-03-30
C00972,Customer 00972,Female,31,Madinah,New,2024-04-12
C00973,Customer 00973,Female,26,Madinah,New,2025-08-27
C00974,Customer 00974,Male,34,Riyadh,Returning,2024-09-02
C00975,Customer 00975,Male,59,Makkah,Returning,2026-04-28
C00976,Customer 00976,Male,32,Khobar,New,2025-11-16
C00977,Customer 00977,Male,21,Khobar,New,2026-03-11
C00978,Customer 00978,Male,60,Madinah,New,2024-07-17
C00979,Customer 00979,Female,61,Khobar,Loyal,2024-08-09
C00980,Customer 00980,Male,29,Dammam,Returning,2024-11-01
C00981,Customer 00981,Female,24,Dammam,Returning,2024-04-06
C00982,Customer 00982,Male,35,Khobar,Returning,2025-10-27
C00983,Customer 00983,Female,34,Jeddah,Loyal,2025-12-06
C00984,Customer 00984,Male,33,Dammam,Returning,2024-09-25
C00985,Customer 00985,Male,20,Khobar,Returning,2024-01-02
C00986,Customer 00986,Male,38,Khobar,Returning,2024-03-22
C00987,Customer 00987,Female,22,Abha,Returning,2024-11-29
C00988,Customer 00988,Male,47,Madinah,Returning,2025-09-09
C00989,Customer 00989,Female,46,Riyadh,New,2025-12-10
C00990,Customer 00990,Male,54,Riyadh,Returning,2024-09-12
C00991,Customer 00991,Male,20,Madinah,New,2024-02-04
C00992,Customer 00992,Female,60,Abha,New,2025-01-14
C00993,Customer 00993,Male,50,Khobar,New,2024-03-13
C00994,Customer 00994,Male,33,Madinah,Returning,2026-01-03
C00995,Customer 00995,Female,53,Khobar,Loyal,2024-06-14
C00996,Customer 00996,Female,65,Khobar,Loyal,2026-03-10
C00997,Customer 00997,Female,57,Khobar,Returning,2025-01-04
C00998,Customer 00998,Female,62,Abha,Returning,2024-05-28
C00999,Customer 00999,Male,42,Makkah,Loyal,2024-05-13
C01000,Customer 01000,Female,57,Abha,Loyal,2026-02-08
C01001,Customer 01001,Female,29,Madinah,Returning,2024-03-31
C01002,Customer 01002,Female,62,Makkah,Loyal,2025-02-07
C01003,Customer 01003,Female,45,Madinah,New,2025-10-18
C01004,Customer 01004,Female,30,Riyadh,Returning,2026-05-13
C01005,Customer 01005,Male,39,Abha,New,2025-02-20
C01006,Customer 01006,Male,59,Jeddah,Returning,2024-01-14
C01007,Customer 01007,Female,52,Jeddah,New,2026-02-13
C01008,Customer 01008,Male,32,Abha,New,2026-02-11
C01009,Customer 01009,Female,42,Abha,Returning,2024-05-22
C01010,Customer 01010,Male,40,Madinah,Returning,2025-03-09
C01011,Customer 01011,Male,31,Riyadh,Loyal,2024-07-31
C01012,Customer 01012,Male,65,Riyadh,Returning,2024-12-29
C01013,Customer 01013,Female,29,Dammam,New,2025-01-17
C01014,Customer 01014,Female,42,Abha,Returning,2024-07-19
C01015,Customer 01015,Female,48,Dammam,Loyal,2024-11-29
C01016,Customer 01016,Female,50,Dammam,Loyal,2025-02-26
C01017,Customer 01017,Male,41,Dammam,Returning,2025-07-10
C01018,Customer 01018,Male,54,Abha,Loyal,2025-08-17
C01019,Customer 01019,Male,58,Makkah,Loyal,2025-01-11
C01020,Customer 01020,Female,43,Dammam,Loyal,2024-06-24
C01021,Customer 01021,Female,24,Makkah,Returning,2025-07-12
C01022,Customer 01022,Male,28,Jeddah,Returning,2024-01-09
C01023,Customer 01023,Female,25,Abha,Returning,2024-04-17
C01024,Customer 01024,Male,49,Makkah,Loyal,2025-08-03
C01025,Customer 01025,Male,31,Jeddah,New,2024-09-02
C01026,Customer 01026,Male,32,Jeddah,New,2024-09-02
C01027,Customer 01027,Female,25,Jeddah,Returning,2025-12-10
C01028,Customer 01028,Female,62,Madinah,Loyal,2026-04-23
C01029,Customer 01029,Male,24,Abha,Returning,2024-07-18
C01030,Customer 01030,Male,38,Abha,Returning,2026-06-10
C01031,Customer 01031,Female,31,Jeddah,Returning,2025-12-21
C01032,Customer 01032,Female,54,Madinah,Returning,2024-04-06
C01033,Customer 01033,Female,19,Makkah,Returning,2024-11-26
C01034,Customer 01034,Female,30,Dammam,Returning,2025-12-23
C01035,Customer 01035,Female,47,Madinah,Returning,2025-01-15
C01036,Customer 01036,Male,37,Abha,Returning,2024-09-13
C01037,Customer 01037,Male,39,Jeddah,Returning,2026-06-06
C01038,Customer 01038,Female,56,Abha,Returning,2024-11-17
C01039,Customer 01039,Female,48,Riyadh,Returning,2024-03-04
C01040,Customer 01040,Female,64,Jeddah,Returning,2024-12-02
C01041,Customer 01041,Male,51,Madinah,New,2024-03-06
C01042,Customer 01042,Male,38,Makkah,New,2026-04-24
C01043,Customer 01043,Male,36,Abha,Returning,2024-08-24
C01044,Customer 01044,Female,56,Dammam,Returning,2025-08-27
C01045,Customer 01045,Male,21,Makkah,Returning,2025-12-30
C01046,Customer 01046,Female,50,Khobar,Returning,2024-07-17
C01047,Customer 01047,Male,33,Makkah,Returning,2024-01-05
C01048,Customer 01048,Male,47,Riyadh,Returning,2024-05-06
C01049,Customer 01049,Male,27,Abha,New,2026-01-05
C01050,Customer 01050,Male,65,Madinah,Returning,2024-07-05
C01051,Customer 01051,Male,63,Riyadh,New,2026-01-04
C01052,Customer 01052,Female,52,Dammam,Loyal,2025-02-24
C01053,Customer 01053,Male,40,Khobar,Loyal,2024-07-23
C01054,Customer 01054,Female,65,Madinah,Loyal,2026-01-17
C01055,Customer 01055,Female,30,Dammam,New,2026-01-28
C01056,Customer 01056,Female,42,Makkah,Returning,2026-01-25
C01057,Customer 01057,Male,47,Khobar,Returning,2024-02-04
C01058,Customer 01058,Male,24,Khobar,New,2025-01-21
C01059,Customer 01059,Female,56,Abha,Returning,2024-07-30
C01060,Customer 01060,Female,35,Jeddah,Returning,2024-03-28
C01061,Customer 01061,Female,60,Makkah,Returning,2025-09-15
C01062,Customer 01062,Female,42,Riyadh,Returning,2026-01-02
C01063,Customer 01063,Male,36,Riyadh,Returning,2024-06-09
C01064,Customer 01064,Female,42,Dammam,Returning,2024-12-14
C01065,Customer 01065,Female,38,Abha,New,2026-02-17
C01066,Customer 01066,Male,34,Riyadh,Loyal,2024-02-28
C01067,Customer 01067,Female,44,Dammam,Returning,2025-11-03
C01068,Customer 01068,Female,24,Jeddah,Loyal,2025-08-09
C01069,Customer 01069,Male,46,Abha,Returning,2025-09-24
C01070,Customer 01070,Male,41,Madinah,New,2025-02-07
C01071,Customer 01071,Male,49,Dammam,Returning,2025-12-19
C01072,Customer 01072,Male,21,Dammam,New,2026-01-07
C01073,Customer 01073,Female,47,Dammam,New,2024-07-10
C01074,Customer 01074,Female,28,Dammam,New,2026-02-19
C01075,Customer 01075,Female,32,Abha,Returning,2024-10-28
C01076,Customer 01076,Male,63,Madinah,Returning,2024-04-10
C01077,Customer 01077,Female,46,Jeddah,Loyal,2024-04-29
C01078,Customer 01078,Male,23,Madinah,Returning,2024-11-01
C01079,Customer 01079,Male,24,Makkah,Returning,2026-06-10
C01080,Customer 01080,Male,34,Khobar,New,2025-01-15
C01081,Customer 01081,Male,25,Madinah,Returning,2024-03-03
C01082,Customer 01082,Female,63,Madinah,New,2026-06-10
C01083,Customer 01083,Male,27,Abha,New,2025-07-17
C01084,Customer 01084,Male,20,Khobar,New,2025-09-10
C01085,Customer 01085,Male,49,Khobar,New,2025-06-20
C01086,Customer 01086,Male,45,Jeddah,New,2024-01-09
C01087,Customer 01087,Male,21,Riyadh,New,2024-04-30
C01088,Customer 01088,Female,65,Jeddah,Loyal,2026-03-04
C01089,Customer 01089,Male,38,Makkah,New,2026-01-26
C01090,Customer 01090,Male,29,Jeddah,New,2025-08-24
C01091,Customer 01091,Male,39,Abha,Returning,2024-04-28
C01092,Customer 01092,Female,52,Madinah,Returning,2026-04-30
C01093,Customer 01093,Male,29,Dammam,Returning,2025-05-25
C01094,Customer 01094,Male,41,Riyadh,New,2025-01-02
C01095,Customer 01095,Male,47,Riyadh,New,2026-06-15
C01096,Customer 01096,Female,62,Riyadh,New,2025-01-17
C01097,Customer 01097,Male,44,Riyadh,New,2026-01-01
C01098,Customer 01098,Male,22,Khobar,Returning,2026-03-16
C01099,Customer 01099,Female,27,Khobar,Returning,2025-01-16
C01100,Customer 01100,Female,56,Abha,Loyal,2025-01-26
C01101,Customer 01101,Female,49,Madinah,Returning,2025-08-05
C01102,Customer 01102,Female,42,Dammam,Returning,2025-11-25
C01103,Customer 01103,Male,44,Riyadh,New,2024-02-25
C01104,Customer 01104,Male,33,Madinah,Loyal,2025-04-24
C01105,Customer 01105,Female,57,Jeddah,Returning,2025-04-09
C01106,Customer 01106,Male,24,Madinah,Loyal,2025-11-06
C01107,Customer 01107,Male,30,Makkah,New,2024-11-03
C01108,Customer 01108,Female,35,Dammam,Returning,2025-01-31
C01109,Customer 01109,Male,50,Riyadh,Returning,2025-03-17
C01110,Customer 01110,Male,57,Madinah,Loyal,2024-06-15
C01111,Customer 01111,Female,63,Dammam,Returning,2025-01-16
C01112,Customer 01112,Male,64,Makkah,Returning,2025-11-08
C01113,Customer 01113,Female,46,Makkah,New,2024-05-02
C01114,Customer 01114,Female,31,Madinah,Returning,2026-01-04
C01115,Customer 01115,Female,26,Khobar,Returning,2024-12-28
C01116,Customer 01116,Male,38,Madinah,New,2024-03-28
C01117,Customer 01117,Female,37,Abha,Returning,2025-01-26
C01118,Customer 01118,Male,25,Jeddah,Returning,2024-05-30
C01119,Customer 01119,Male,31,Dammam,Returning,2024-04-06
C01120,Customer 01120,Female,43,Makkah,Loyal,2024-09-24
C01121,Customer 01121,Male,47,Jeddah,New,2025-08-27
C01122,Customer 01122,Female,22,Makkah,Loyal,2025-06-01
C01123,Customer 01123,Male,26,Makkah,New,2024-06-29
C01124,Customer 01124,Female,46,Riyadh,Returning,2024-10-27
C01125,Customer 01125,Female,61,Makkah,Returning,2025-06-14
C01126,Customer 01126,Female,44,Makkah,Returning,2024-10-09
C01127,Customer 01127,Female,22,Madinah,Returning,2024-02-15
C01128,Customer 01128,Male,61,Madinah,Returning,2024-10-10
C01129,Customer 01129,Female,57,Madinah,Loyal,2025-07-02
C01130,Customer 01130,Female,54,Dammam,New,2026-02-20
C01131,Customer 01131,Male,59,Dammam,Returning,2025-04-14
C01132,Customer 01132,Female,63,Madinah,Loyal,2025-06-20
C01133,Customer 01133,Male,36,Dammam,Loyal,2025-07-04
C01134,Customer 01134,Female,42,Jeddah,Returning,2025-05-19
C01135,Customer 01135,Female,61,Makkah,Returning,2025-12-04
C01136,Customer 01136,Female,38,Jeddah,Returning,2024-05-08
C01137,Customer 01137,Female,18,Dammam,Returning,2024-03-11
C01138,Customer 01138,Male,52,Abha,Loyal,2025-07-25
C01139,Customer 01139,Male,43,Jeddah,New,2024-02-17
C01140,Customer 01140,Male,40,Makkah,New,2024-02-23
C01141,Customer 01141,Male,51,Jeddah,Returning,2024-03-10
C01142,Customer 01142,Male,29,Khobar,Returning,2024-10-23
C01143,Customer 01143,Male,40,Makkah,Returning,2024-02-18
C01144,Customer 01144,Male,61,Dammam,New,2025-09-03
C01145,Customer 01145,Male,27,Riyadh,Returning,2025-07-28
C01146,Customer 01146,Female,59,Makkah,Returning,2024-05-27
C01147,Customer 01147,Male,29,Jeddah,New,2026-06-09
C01148,Customer 01148,Female,43,Dammam,Returning,2026-03-06
C01149,Customer 01149,Male,51,Riyadh,Loyal,2024-08-15
C01150,Customer 01150,Female,55,Madinah,Returning,2024-11-07
C01151,Customer 01151,Female,65,Makkah,Returning,2025-09-03
C01152,Customer 01152,Female,52,Riyadh,New,2026-03-04
C01153,Customer 01153,Female,41,Dammam,Loyal,2026-05-22
C01154,Customer 01154,Male,22,Madinah,New,2024-05-30
C01155,Customer 01155,Female,41,Khobar,New,2025-01-05
C01156,Customer 01156,Male,44,Khobar,Loyal,2026-03-22
C01157,Customer 01157,Female,42,Khobar,New,2024-03-28
C01158,Customer 01158,Male,26,Madinah,New,2025-09-06
C01159,Customer 01159,Female,56,Jeddah,New,2024-03-24
C01160,Customer 01160,Male,53,Jeddah,Loyal,2024-07-26
C01161,Customer 01161,Male,20,Madinah,Returning,2025-11-01
C01162,Customer 01162,Male,51,Abha,Returning,2024-02-29
C01163,Customer 01163,Male,23,Riyadh,Returning,2024-03-18
C01164,Customer 01164,Female,50,Jeddah,New,2024-06-21
C01165,Customer 01165,Male,50,Riyadh,New,2024-10-03
C01166,Customer 01166,Male,34,Abha,New,2026-01-11
C01167,Customer 01167,Male,59,Makkah,Returning,2026-03-10
C01168,Customer 01168,Female,44,Khobar,New,2025-11-01
C01169,Customer 01169,Female,19,Riyadh,Returning,2024-12-23
C01170,Customer 01170,Male,21,Madinah,New,2025-03-13
C01171,Customer 01171,Female,59,Jeddah,Returning,2025-07-17
C01172,Customer 01172,Male,55,Madinah,Loyal,2024-05-01
C01173,Customer 01173,Male,42,Makkah,Returning,2025-01-13
C01174,Customer 01174,Male,59,Makkah,New,2026-05-28
C01175,Customer 01175,Male,56,Madinah,Returning,2024-09-09
C01176,Customer 01176,Female,26,Riyadh,Returning,2024-01-15
C01177,Customer 01177,Male,21,Madinah,New,2025-05-19
C01178,Customer 01178,Female,63,Makkah,New,2025-06-05
C01179,Customer 01179,Female,60,Abha,Returning,2025-04-04
C01180,Customer 01180,Male,50,Khobar,Returning,2024-10-14
C01181,Customer 01181,Female,57,Makkah,Loyal,2024-01-25
C01182,Customer 01182,Female,65,Makkah,Returning,2024-04-24
C01183,Customer 01183,Male,59,Madinah,New,2026-02-28
C01184,Customer 01184,Male,37,Makkah,Loyal,2026-03-18
C01185,Customer 01185,Male,51,Madinah,New,2026-05-29
C01186,Customer 01186,Female,47,Jeddah,New,2024-02-06
C01187,Customer 01187,Male,25,Khobar,Loyal,2026-06-16
C01188,Customer 01188,Male,65,Madinah,Returning,2024-06-26
C01189,Customer 01189,Female,21,Riyadh,New,2025-11-17
C01190,Customer 01190,Male,56,Makkah,Returning,2024-07-05
C01191,Customer 01191,Female,46,Riyadh,Returning,2024-09-26
C01192,Customer 01192,Female,40,Abha,Returning,2024-06-17
C01193,Customer 01193,Male,34,Dammam,New,2024-07-01
C01194,Customer 01194,Female,44,Dammam,Returning,2025-11-25
C01195,Customer 01195,Female,48,Jeddah,Returning,2026-03-02
C01196,Customer 01196,Male,30,Riyadh,Loyal,2024-09-09
C01197,Customer 01197,Female,47,Makkah,Loyal,2026-01-02
C01198,Customer 01198,Female,58,Jeddah,Returning,2025-06-14
C01199,Customer 01199,Male,44,Khobar,Returning,2025-09-04
C01200,Customer 01200,Male,27,Abha,Returning,2024-10-16
C01201,Customer 01201,Female,53,Jeddah,Loyal,2024-07-26
C01202,Customer 01202,Male,22,Khobar,Loyal,2024-10-17
C01203,Customer 01203,Male,40,Khobar,Loyal,2025-09-02
C01204,Customer 01204,Female,18,Riyadh,New,2025-12-17
C01205,Customer 01205,Male,56,Madinah,New,2024-01-17
C01206,Customer 01206,Female,45,Madinah,New,2025-04-28
C01207,Customer 01207,Female,63,Dammam,Loyal,2025-02-12
C01208,Customer 01208,Male,42,Abha,Loyal,2025-05-16
C01209,Customer 01209,Male,21,Khobar,Returning,2025-06-11
C01210,Customer 01210,Female,60,Makkah,Returning,2026-02-11
C01211,Customer 01211,Female,33,Makkah,Returning,2025-07-18
C01212,Customer 01212,Female,29,Madinah,Returning,2026-04-17
C01213,Customer 01213,Male,64,Khobar,Returning,2025-06-21
C01214,Customer 01214,Male,40,Dammam,Returning,2025-01-30
C01215,Customer 01215,Male,38,Abha,Returning,2026-03-02
C01216,Customer 01216,Female,42,Dammam,New,2026-04-26
C01217,Customer 01217,Male,26,Riyadh,Returning,2025-10-19
C01218,Customer 01218,Female,61,Abha,New,2026-05-13
C01219,Customer 01219,Male,33,Abha,New,2024-07-14
C01220,Customer 01220,Male,58,Jeddah,Loyal,2025-03-27
C01221,Customer 01221,Female,25,Makkah,Returning,2024-05-12
C01222,Customer 01222,Female,27,Makkah,Loyal,2024-08-25
C01223,Customer 01223,Male,49,Riyadh,Returning,2025-05-07
C01224,Customer 01224,Male,26,Madinah,Loyal,2024-10-27
C01225,Customer 01225,Female,55,Abha,Loyal,2025-12-01
C01226,Customer 01226,Male,18,Makkah,New,2025-11-26
C01227,Customer 01227,Male,46,Khobar,Loyal,2025-03-03
C01228,Customer 01228,Male,60,Dammam,New,2025-03-19
C01229,Customer 01229,Male,20,Madinah,Returning,2024-07-22
C01230,Customer 01230,Female,30,Madinah,Loyal,2026-05-09
C01231,Customer 01231,Female,18,Khobar,New,2025-09-01
C01232,Customer 01232,Female,32,Dammam,New,2025-04-08
C01233,Customer 01233,Male,28,Riyadh,Returning,2024-08-16
C01234,Customer 01234,Male,26,Makkah,New,2024-05-08
C01235,Customer 01235,Female,19,Dammam,Returning,2025-12-25
C01236,Customer 01236,Female,57,Abha,Returning,2025-11-02
C01237,Customer 01237,Male,45,Jeddah,Loyal,2024-12-11
C01238,Customer 01238,Male,32,Dammam,Returning,2025-02-15
C01239,Customer 01239,Female,33,Riyadh,Loyal,2025-08-30
C01240,Customer 01240,Male,23,Makkah,Returning,2025-09-07
C01241,Customer 01241,Male,41,Makkah,Returning,2025-10-22
C01242,Customer 01242,Female,58,Jeddah,Loyal,2025-06-28
C01243,Customer 01243,Male,49,Khobar,Returning,2024-07-31
C01244,Customer 01244,Male,25,Madinah,Returning,2024-10-04
C01245,Customer 01245,Male,57,Madinah,Returning,2025-08-11
C01246,Customer 01246,Male,33,Dammam,Loyal,2025-08-22
C01247,Customer 01247,Female,25,Khobar,New,2024-11-21
C01248,Customer 01248,Female,65,Khobar,New,2024-03-25
C01249,Customer 01249,Male,31,Khobar,Returning,2024-03-09
C01250,Customer 01250,Female,41,Khobar,Returning,2024-11-28
C01251,Customer 01251,Female,29,Khobar,Loyal,2025-01-16
C01252,Customer 01252,Female,40,Makkah,Returning,2026-02-20
C01253,Customer 01253,Male,29,Madinah,Loyal,2025-07-08
C01254,Customer 01254,Male,55,Dammam,New,2025-11-19
C01255,Customer 01255,Female,43,Abha,Returning,2026-02-19
C01256,Customer 01256,Male,65,Riyadh,New,2024-01-06
C01257,Customer 01257,Male,35,Jeddah,Returning,2024-01-22
C01258,Customer 01258,Male,59,Riyadh,Loyal,2025-02-05
C01259,Customer 01259,Male,39,Madinah,Returning,2025-12-09
C01260,Customer 01260,Male,24,Jeddah,Returning,2025-12-15
C01261,Customer 01261,Male,27,Khobar,Loyal,2024-04-21
C01262,Customer 01262,Female,46,Abha,Returning,2026-02-12
C01263,Customer 01263,Male,23,Khobar,New,2024-07-25
C01264,Customer 01264,Female,38,Madinah,Returning,2025-07-09
C01265,Customer 01265,Male,29,Khobar,New,2025-05-04
C01266,Customer 01266,Female,55,Khobar,Loyal,2025-01-04
C01267,Customer 01267,Female,44,Jeddah,Returning,2026-05-20
C01268,Customer 01268,Female,29,Abha,Returning,2025-08-30
C01269,Customer 01269,Male,33,Madinah,Returning,2026-02-10
C01270,Customer 01270,Female,42,Makkah,New,2024-01-19
C01271,Customer 01271,Male,59,Dammam,New,2024-03-31
C01272,Customer 01272,Female,20,Khobar,New,2025-01-07
C01273,Customer 01273,Male,41,Madinah,Returning,2025-04-17
C01274,Customer 01274,Female,65,Madinah,New,2024-04-23
C01275,Customer 01275,Female,31,Makkah,New,2025-03-04
C01276,Customer 01276,Male,18,Riyadh,Returning,2024-11-06
C01277,Customer 01277,Female,53,Riyadh,Loyal,2025-04-11
C01278,Customer 01278,Female,19,Dammam,Returning,2025-08-05
C01279,Customer 01279,Female,29,Khobar,New,2026-02-27
C01280,Customer 01280,Female,25,Jeddah,Returning,2026-06-03
C01281,Customer 01281,Female,19,Riyadh,Returning,2026-04-09
C01282,Customer 01282,Male,32,Makkah,Loyal,2026-01-13
C01283,Customer 01283,Male,35,Madinah,Loyal,2026-01-27
C01284,Customer 01284,Male,57,Dammam,New,2026-01-20
C01285,Customer 01285,Female,21,Madinah,Returning,2025-08-19
C01286,Customer 01286,Female,58,Khobar,Loyal,2025-08-30
C01287,Customer 01287,Female,54,Makkah,Returning,2025-01-17
C01288,Customer 01288,Male,48,Jeddah,Loyal,2026-02-05
C01289,Customer 01289,Male,41,Khobar,Returning,2024-02-01
C01290,Customer 01290,Male,28,Dammam,Loyal,2026-02-21
C01291,Customer 01291,Male,26,Riyadh,Returning,2024-01-12
C01292,Customer 01292,Female,47,Makkah,Loyal,2025-08-02
C01293,Customer 01293,Male,49,Dammam,Returning,2025-11-02
C01294,Customer 01294,Male,59,Khobar,New,2025-10-08
C01295,Customer 01295,Male,64,Jeddah,Loyal,2025-01-22
C01296,Customer 01296,Male,50,Jeddah,Returning,2025-12-29
C01297,Customer 01297,Female,31,Makkah,New,2025-03-04
C01298,Customer 01298,Male,39,Makkah,Returning,2024-09-11
C01299,Customer 01299,Female,63,Madinah,Returning,2026-04-09
C01300,Customer 01300,Female,23,Makkah,Returning,2024-09-06
C01301,Customer 01301,Male,33,Khobar,New,2024-06-09
C01302,Customer 01302,Male,31,Dammam,Returning,2025-07-15
C01303,Customer 01303,Male,31,Makkah,Returning,2026-05-14
C01304,Customer 01304,Male,34,Abha,Returning,2024-06-03
C01305,Customer 01305,Male,28,Khobar,New,2024-04-21
C01306,Customer 01306,Male,40,Jeddah,New,2024-11-10
C01307,Customer 01307,Male,65,Makkah,Loyal,2024-06-22
C01308,Customer 01308,Female,32,Abha,Returning,2024-06-29
C01309,Customer 01309,Male,56,Makkah,New,2025-09-04
C01310,Customer 01310,Female,38,Madinah,Loyal,2025-01-01
C01311,Customer 01311,Male,23,Jeddah,Returning,2025-02-09
C01312,Customer 01312,Male,50,Dammam,Loyal,2025-01-01
C01313,Customer 01313,Male,21,Riyadh,Returning,2024-04-03
C01314,Customer 01314,Female,56,Madinah,Returning,2024-12-18
C01315,Customer 01315,Male,31,Madinah,New,2025-02-08
C01316,Customer 01316,Female,19,Khobar,Returning,2024-02-02
C01317,Customer 01317,Male,24,Madinah,New,2025-01-02
C01318,Customer 01318,Female,21,Madinah,Loyal,2025-10-07
C01319,Customer 01319,Female,20,Khobar,Loyal,2024-11-01
C01320,Customer 01320,Male,65,Abha,Returning,2024-01-22
C01321,Customer 01321,Female,39,Riyadh,Loyal,2025-11-27
C01322,Customer 01322,Female,40,Jeddah,New,2025-01-17
C01323,Customer 01323,Female,59,Abha,Returning,2024-12-10
C01324,Customer 01324,Female,37,Dammam,Returning,2024-08-01
C01325,Customer 01325,Male,55,Khobar,Loyal,2026-06-01
C01326,Customer 01326,Male,34,Riyadh,Returning,2024-08-20
C01327,Customer 01327,Male,32,Abha,New,2025-03-26
C01328,Customer 01328,Female,26,Makkah,Returning,2025-02-27
C01329,Customer 01329,Female,29,Makkah,Returning,2025-01-27
C01330,Customer 01330,Male,45,Makkah,New,2026-02-04
C01331,Customer 01331,Male,46,Dammam,Returning,2024-11-07
C01332,Customer 01332,Male,39,Dammam,Returning,2025-11-02
C01333,Customer 01333,Male,47,Khobar,New,2025-11-21
C01334,Customer 01334,Female,56,Madinah,New,2024-02-23
C01335,Customer 01335,Female,37,Abha,Returning,2024-12-28
C01336,Customer 01336,Female,34,Jeddah,New,2026-03-07
C01337,Customer 01337,Male,53,Dammam,Returning,2024-06-16
C01338,Customer 01338,Male,24,Dammam,Returning,2025-06-13
C01339,Customer 01339,Male,28,Jeddah,Loyal,2024-11-24
C01340,Customer 01340,Male,21,Makkah,New,2025-04-18
C01341,Customer 01341,Male,47,Jeddah,Loyal,2026-04-06
C01342,Customer 01342,Male,27,Khobar,Returning,2024-01-27
C01343,Customer 01343,Female,41,Riyadh,Loyal,2024-07-09
C01344,Customer 01344,Male,37,Makkah,Loyal,2024-12-30
C01345,Customer 01345,Female,62,Khobar,Returning,2026-02-15
C01346,Customer 01346,Male,62,Makkah,Returning,2024-05-25
C01347,Customer 01347,Female,31,Madinah,Returning,2024-03-17
C01348,Customer 01348,Female,28,Abha,Returning,2024-02-09
C01349,Customer 01349,Male,37,Riyadh,New,2024-01-16
C01350,Customer 01350,Male,18,Khobar,New,2025-03-16
C01351,Customer 01351,Female,21,Makkah,New,2025-11-24
C01352,Customer 01352,Female,32,Makkah,Loyal,2026-04-10
C01353,Customer 01353,Female,46,Riyadh,Loyal,2026-05-05
C01354,Customer 01354,Male,33,Riyadh,Returning,2024-11-11
C01355,Customer 01355,Male,50,Jeddah,Returning,2026-01-03
C01356,Customer 01356,Male,31,Abha,Loyal,2025-03-27
C01357,Customer 01357,Male,26,Riyadh,New,2025-02-05
C01358,Customer 01358,Male,58,Madinah,Loyal,2025-05-25
C01359,Customer 01359,Male,28,Riyadh,New,2024-10-11
C01360,Customer 01360,Male,57,Makkah,Returning,2024-03-12
C01361,Customer 01361,Female,46,Abha,Returning,2024-12-31
C01362,Customer 01362,Female,42,Jeddah,Returning,2026-02-17
C01363,Customer 01363,Male,63,Dammam,Returning,2024-01-26
C01364,Customer 01364,Female,29,Riyadh,Returning,2026-06-18
C01365,Customer 01365,Male,44,Khobar,Returning,2025-02-08
C01366,Customer 01366,Male,49,Makkah,Returning,2026-06-01
C01367,Customer 01367,Male,37,Dammam,New,2026-05-26
C01368,Customer 01368,Female,55,Abha,Loyal,2024-06-15
C01369,Customer 01369,Female,32,Jeddah,Returning,2025-06-30
C01370,Customer 01370,Male,33,Riyadh,Loyal,2026-03-08
C01371,Customer 01371,Male,18,Dammam,New,2026-01-09
C01372,Customer 01372,Male,60,Jeddah,Returning,2025-08-05
C01373,Customer 01373,Male,38,Madinah,Returning,2024-01-06
C01374,Customer 01374,Male,24,Madinah,Returning,2025-01-20
C01375,Customer 01375,Female,55,Abha,New,2024-11-29
C01376,Customer 01376,Male,56,Jeddah,New,2026-02-16
C01377,Customer 01377,Female,63,Jeddah,Returning,2025-09-10
C01378,Customer 01378,Female,19,Madinah,New,2025-12-27
C01379,Customer 01379,Female,60,Jeddah,New,2026-04-22
C01380,Customer 01380,Male,49,Khobar,New,2025-06-23
C01381,Customer 01381,Female,29,Dammam,Returning,2026-04-06
C01382,Customer 01382,Female,38,Dammam,New,2025-04-14
C01383,Customer 01383,Female,46,Riyadh,Returning,2024-09-19
C01384,Customer 01384,Male,28,Abha,Returning,2024-10-16
C01385,Customer 01385,Female,35,Khobar,New,2026-04-13
C01386,Customer 01386,Female,46,Abha,Returning,2025-09-23
C01387,Customer 01387,Female,58,Jeddah,New,2024-04-07
C01388,Customer 01388,Male,36,Abha,Loyal,2024-10-17
C01389,Customer 01389,Male,31,Khobar,Returning,2025-04-15
C01390,Customer 01390,Male,51,Madinah,Returning,2024-02-21
C01391,Customer 01391,Female,42,Khobar,Loyal,2025-10-04
C01392,Customer 01392,Male,41,Madinah,Returning,2026-03-12
C01393,Customer 01393,Female,60,Khobar,Returning,2026-06-09
C01394,Customer 01394,Female,60,Dammam,New,2024-08-12
C01395,Customer 01395,Male,28,Makkah,New,2024-07-16
C01396,Customer 01396,Male,36,Jeddah,Loyal,2026-02-23
C01397,Customer 01397,Female,57,Jeddah,Returning,2024-04-17
C01398,Customer 01398,Male,62,Madinah,Returning,2026-06-09
C01399,Customer 01399,Female,25,Dammam,New,2025-05-29
C01400,Customer 01400,Male,40,Madinah,Returning,2026-02-03
C01401,Customer 01401,Male,41,Madinah,Returning,2024-11-21
C01402,Customer 01402,Female,54,Makkah,Returning,2025-08-18
C01403,Customer 01403,Male,30,Riyadh,Returning,2025-08-04
C01404,Customer 01404,Female,35,Abha,Returning,2026-06-03
C01405,Customer 01405,Male,27,Makkah,Loyal,2024-12-09
C01406,Customer 01406,Female,46,Riyadh,Loyal,2026-04-20
C01407,Customer 01407,Female,56,Makkah,Returning,2025-03-02
C01408,Customer 01408,Male,49,Abha,Returning,2025-06-06
C01409,Customer 01409,Female,53,Riyadh,New,2026-03-01
C01410,Customer 01410,Female,28,Madinah,New,2025-01-24
C01411,Customer 01411,Female,29,Makkah,Returning,2025-08-27
C01412,Customer 01412,Male,25,Riyadh,New,2024-02-27
C01413,Customer 01413,Male,29,Makkah,New,2024-11-04
C01414,Customer 01414,Male,35,Jeddah,Returning,2025-06-06
C01415,Customer 01415,Male,47,Madinah,Returning,2025-12-29
C01416,Customer 01416,Female,33,Riyadh,Loyal,2026-04-06
C01417,Customer 01417,Male,37,Dammam,Returning,2025-04-06
C01418,Customer 01418,Female,56,Abha,Loyal,2024-04-06
C01419,Customer 01419,Male,28,Abha,Returning,2025-12-20
C01420,Customer 01420,Female,32,Riyadh,Returning,2025-06-26
C01421,Customer 01421,Male,27,Makkah,Loyal,2024-08-14
C01422,Customer 01422,Female,18,Makkah,Loyal,2024-08-28
C01423,Customer 01423,Male,35,Makkah,Returning,2024-10-13
C01424,Customer 01424,Male,26,Khobar,Returning,2026-06-16
C01425,Customer 01425,Female,47,Makkah,New,2025-04-13
C01426,Customer 01426,Male,54,Riyadh,New,2026-04-24
C01427,Customer 01427,Female,39,Madinah,Loyal,2025-09-10
C01428,Customer 01428,Male,51,Abha,Returning,2024-07-01
C01429,Customer 01429,Female,43,Madinah,New,2026-05-20
C01430,Customer 01430,Female,27,Abha,Returning,2026-02-10
C01431,Customer 01431,Male,41,Abha,Returning,2026-05-13
C01432,Customer 01432,Female,62,Madinah,Loyal,2025-04-26
C01433,Customer 01433,Female,48,Makkah,Returning,2024-10-20
C01434,Customer 01434,Female,38,Abha,Returning,2025-10-19
C01435,Customer 01435,Female,19,Makkah,New,2026-02-04
C01436,Customer 01436,Female,20,Jeddah,Returning,2024-10-05
C01437,Customer 01437,Male,27,Riyadh,Loyal,2025-11-21
C01438,Customer 01438,Male,60,Makkah,Loyal,2024-04-25
C01439,Customer 01439,Male,25,Riyadh,Returning,2025-05-14
C01440,Customer 01440,Male,29,Dammam,Loyal,2025-06-23
C01441,Customer 01441,Female,57,Abha,New,2025-07-29
C01442,Customer 01442,Female,28,Abha,Returning,2025-03-16
C01443,Customer 01443,Male,23,Abha,Loyal,2025-05-08
C01444,Customer 01444,Female,44,Jeddah,Returning,2026-05-31
C01445,Customer 01445,Male,20,Makkah,New,2025-10-14
C01446,Customer 01446,Female,32,Khobar,New,2024-07-08
C01447,Customer 01447,Male,42,Riyadh,Returning,2024-02-07
C01448,Customer 01448,Male,31,Dammam,Returning,2024-12-05
C01449,Customer 01449,Female,34,Dammam,Returning,2026-04-28
C01450,Customer 01450,Male,65,Madinah,New,2024-12-24
C01451,Customer 01451,Female,25,Makkah,Returning,2026-04-02
C01452,Customer 01452,Male,26,Abha,Returning,2025-01-25
C01453,Customer 01453,Male,20,Dammam,Loyal,2024-03-13
C01454,Customer 01454,Female,55,Makkah,Returning,2025-11-05
C01455,Customer 01455,Female,31,Abha,Returning,2024-01-16
C01456,Customer 01456,Female,34,Abha,Returning,2024-04-15
C01457,Customer 01457,Female,44,Jeddah,Returning,2026-03-21
C01458,Customer 01458,Female,57,Madinah,Loyal,2024-07-27
C01459,Customer 01459,Female,32,Abha,New,2026-02-28
C01460,Customer 01460,Male,57,Abha,Returning,2026-02-11
C01461,Customer 01461,Female,31,Abha,Returning,2025-09-09
C01462,Customer 01462,Female,26,Dammam,Returning,2025-11-06
C01463,Customer 01463,Female,62,Dammam,New,2024-01-23
C01464,Customer 01464,Male,46,Riyadh,Loyal,2026-05-03
C01465,Customer 01465,Male,42,Dammam,Returning,2025-05-18
C01466,Customer 01466,Female,38,Jeddah,Returning,2025-12-18
C01467,Customer 01467,Male,20,Madinah,Returning,2024-04-21
C01468,Customer 01468,Male,62,Abha,Loyal,2024-06-11
C01469,Customer 01469,Male,26,Khobar,New,2024-10-25
C01470,Customer 01470,Male,59,Dammam,Returning,2025-04-17
C01471,Customer 01471,Female,19,Riyadh,New,2024-11-02
C01472,Customer 01472,Male,47,Madinah,Returning,2025-05-19
C01473,Customer 01473,Female,62,Abha,Returning,2024-10-17
C01474,Customer 01474,Female,61,Jeddah,Returning,2025-06-09
C01475,Customer 01475,Male,31,Abha,Returning,2024-05-11
C01476,Customer 01476,Male,40,Khobar,New,2024-04-01
C01477,Customer 01477,Female,18,Dammam,Returning,2025-04-19
C01478,Customer 01478,Female,39,Dammam,Returning,2026-05-30
C01479,Customer 01479,Male,63,Makkah,New,2026-02-20
C01480,Customer 01480,Male,49,Madinah,Returning,2025-03-27
C01481,Customer 01481,Male,53,Dammam,New,2026-03-04
C01482,Customer 01482,Female,52,Madinah,Returning,2025-09-29
C01483,Customer 01483,Male,20,Khobar,New,2026-03-13
C01484,Customer 01484,Female,27,Riyadh,New,2024-01-16
C01485,Customer 01485,Male,43,Khobar,Returning,2025-05-11
C01486,Customer 01486,Male,18,Madinah,Returning,2024-11-03
C01487,Customer 01487,Female,59,Jeddah,New,2025-10-17
C01488,Customer 01488,Female,60,Makkah,Returning,2025-11-01
C01489,Customer 01489,Female,50,Riyadh,New,2024-05-28
C01490,Customer 01490,Male,60,Jeddah,Loyal,2025-08-27
C01491,Customer 01491,Female,34,Riyadh,Loyal,2024-07-06
C01492,Customer 01492,Male,30,Khobar,New,2026-01-20
C01493,Customer 01493,Male,40,Dammam,New,2025-07-30
C01494,Customer 01494,Male,20,Khobar,Loyal,2024-05-19
C01495,Customer 01495,Male,21,Abha,Returning,2026-02-21
C01496,Customer 01496,Male,64,Jeddah,Loyal,2024-10-14
C01497,Customer 01497,Male,39,Madinah,Returning,2025-07-01
C01498,Customer 01498,Male,32,Dammam,New,2025-03-22
C01499,Customer 01499,Male,44,Dammam,New,2025-01-26
C01500,Customer 01500,Male,41,Makkah,Returning,2026-04-21
C01501,Customer 01501,Male,18,Jeddah,New,2024-03-23
C01502,Customer 01502,Male,56,Khobar,Loyal,2024-07-03
C01503,Customer 01503,Female,37,Dammam,Returning,2025-06-18
C01504,Customer 01504,Male,26,Abha,New,2025-09-25
C01505,Customer 01505,Male,45,Madinah,New,2026-05-25
C01506,Customer 01506,Male,32,Jeddah,New,2026-06-07
C01507,Customer 01507,Male,49,Khobar,Returning,2025-01-10
C01508,Customer 01508,Male,22,Makkah,Loyal,2024-03-24
C01509,Customer 01509,Female,20,Madinah,New,2024-02-05
C01510,Customer 01510,Female,54,Makkah,Loyal,2026-06-16
C01511,Customer 01511,Male,38,Dammam,Returning,2025-04-12
C01512,Customer 01512,Male,49,Khobar,Returning,2024-12-27
C01513,Customer 01513,Male,60,Khobar,Returning,2024-08-18
C01514,Customer 01514,Female,33,Abha,Loyal,2024-04-25
C01515,Customer 01515,Female,41,Jeddah,Loyal,2025-08-14
C01516,Customer 01516,Male,57,Madinah,Loyal,2025-01-05
C01517,Customer 01517,Female,54,Khobar,Returning,2026-04-16
C01518,Customer 01518,Female,26,Abha,Returning,2025-11-15
C01519,Customer 01519,Male,32,Dammam,Loyal,2024-06-10
C01520,Customer 01520,Female,27,Khobar,New,2024-06-09
C01521,Customer 01521,Female,44,Madinah,Returning,2025-03-28
C01522,Customer 01522,Female,33,Abha,Returning,2025-05-02
C01523,Customer 01523,Female,50,Dammam,Loyal,2026-06-08
C01524,Customer 01524,Male,65,Riyadh,New,2024-10-12
C01525,Customer 01525,Female,22,Abha,Returning,2024-03-07
C01526,Customer 01526,Male,52,Abha,Returning,2024-05-27
C01527,Customer 01527,Male,48,Dammam,Loyal,2025-06-11
C01528,Customer 01528,Male,26,Khobar,Returning,2024-12-07
C01529,Customer 01529,Female,30,Khobar,Returning,2024-09-13
C01530,Customer 01530,Male,34,Madinah,Returning,2025-05-01
C01531,Customer 01531,Male,62,Jeddah,Returning,2025-11-18
C01532,Customer 01532,Female,22,Makkah,Returning,2026-02-05
C01533,Customer 01533,Male,19,Dammam,New,2025-04-24
C01534,Customer 01534,Male,46,Khobar,Loyal,2025-11-23
C01535,Customer 01535,Female,34,Riyadh,Loyal,2024-08-23
C01536,Customer 01536,Male,29,Riyadh,New,2024-12-30
C01537,Customer 01537,Female,55,Riyadh,Returning,2025-10-10
C01538,Customer 01538,Male,57,Riyadh,New,2026-02-26
C01539,Customer 01539,Female,20,Madinah,Loyal,2025-09-29
C01540,Customer 01540,Female,32,Abha,New,2025-09-20
C01541,Customer 01541,Male,53,Abha,Returning,2025-11-17
C01542,Customer 01542,Female,61,Makkah,Loyal,2025-04-22
C01543,Customer 01543,Female,49,Madinah,Loyal,2024-09-23
C01544,Customer 01544,Male,46,Madinah,Returning,2025-08-09
C01545,Customer 01545,Male,57,Dammam,Returning,2024-01-29
C01546,Customer 01546,Female,24,Abha,Loyal,2025-03-09
C01547,Customer 01547,Female,63,Dammam,Returning,2024-12-16
C01548,Customer 01548,Male,57,Jeddah,Returning,2025-06-20
C01549,Customer 01549,Female,65,Makkah,New,2025-06-16
C01550,Customer 01550,Male,49,Jeddah,Returning,2024-09-24
C01551,Customer 01551,Female,52,Abha,New,2025-06-11
C01552,Customer 01552,Female,28,Riyadh,Returning,2026-03-23
C01553,Customer 01553,Female,27,Khobar,New,2024-02-19
C01554,Customer 01554,Male,22,Madinah,New,2024-12-28
C01555,Customer 01555,Male,62,Dammam,Returning,2025-01-29
C01556,Customer 01556,Male,64,Abha,Returning,2024-04-17
C01557,Customer 01557,Male,37,Madinah,Returning,2024-09-26
C01558,Customer 01558,Female,51,Dammam,New,2025-04-10
C01559,Customer 01559,Male,27,Riyadh,Returning,2025-10-24
C01560,Customer 01560,Male,44,Jeddah,Returning,2025-03-31
C01561,Customer 01561,Female,25,Riyadh,New,2025-03-28
C01562,Customer 01562,Male,30,Khobar,Loyal,2025-09-10
C01563,Customer 01563,Male,27,Madinah,Returning,2024-09-26
C01564,Customer 01564,Male,19,Dammam,Loyal,2025-02-14
C01565,Customer 01565,Male,34,Jeddah,Returning,2026-06-18
C01566,Customer 01566,Female,55,Abha,New,2026-04-10
C01567,Customer 01567,Female,49,Jeddah,Loyal,2024-09-23
C01568,Customer 01568,Male,62,Madinah,Returning,2024-01-23
C01569,Customer 01569,Male,39,Jeddah,Returning,2024-10-12
C01570,Customer 01570,Female,53,Dammam,New,2025-04-01
C01571,Customer 01571,Male,27,Makkah,Loyal,2025-11-15
C01572,Customer 01572,Female,24,Jeddah,Loyal,2024-05-23
C01573,Customer 01573,Male,53,Jeddah,Loyal,2025-03-04
C01574,Customer 01574,Female,57,Riyadh,Returning,2025-10-24
C01575,Customer 01575,Female,39,Madinah,New,2024-02-05
C01576,Customer 01576,Female,53,Makkah,New,2026-05-11
C01577,Customer 01577,Female,43,Madinah,New,2024-01-17
C01578,Customer 01578,Female,27,Makkah,New,2025-07-30
C01579,Customer 01579,Female,23,Madinah,New,2025-11-07
C01580,Customer 01580,Female,20,Dammam,Loyal,2024-05-09
C01581,Customer 01581,Male,24,Makkah,Returning,2025-08-27
C01582,Customer 01582,Female,48,Dammam,New,2025-06-27
C01583,Customer 01583,Male,27,Abha,Returning,2024-02-21
C01584,Customer 01584,Female,28,Khobar,Returning,2025-04-18
C01585,Customer 01585,Male,65,Madinah,New,2024-03-20
C01586,Customer 01586,Female,34,Dammam,Returning,2024-01-28
C01587,Customer 01587,Male,61,Riyadh,Loyal,2026-01-07
C01588,Customer 01588,Male,37,Madinah,Returning,2025-03-26
C01589,Customer 01589,Male,49,Khobar,New,2026-01-24
C01590,Customer 01590,Female,59,Makkah,New,2026-04-03
C01591,Customer 01591,Male,32,Dammam,New,2025-05-12
C01592,Customer 01592,Male,26,Abha,Returning,2025-07-04
C01593,Customer 01593,Male,48,Makkah,Loyal,2025-04-21
C01594,Customer 01594,Female,26,Jeddah,Returning,2026-02-23
C01595,Customer 01595,Female,46,Riyadh,New,2025-08-22
C01596,Customer 01596,Male,40,Jeddah,Returning,2024-11-17
C01597,Customer 01597,Male,65,Riyadh,New,2025-03-10
C01598,Customer 01598,Male,24,Makkah,Returning,2025-07-24
C01599,Customer 01599,Female,29,Dammam,Returning,2025-02-10
C01600,Customer 01600,Male,31,Jeddah,Loyal,2026-04-17
C01601,Customer 01601,Female,27,Jeddah,Loyal,2026-03-06
C01602,Customer 01602,Female,34,Abha,Loyal,2026-01-02
C01603,Customer 01603,Female,34,Abha,Loyal,2024-12-04
C01604,Customer 01604,Male,32,Makkah,Returning,2025-03-07
C01605,Customer 01605,Female,18,Abha,Loyal,2025-08-20
C01606,Customer 01606,Female,46,Jeddah,Returning,2024-02-06
C01607,Customer 01607,Female,31,Madinah,Loyal,2025-09-30
C01608,Customer 01608,Male,50,Abha,Returning,2026-03-10
C01609,Customer 01609,Male,21,Khobar,Returning,2025-07-09
C01610,Customer 01610,Male,49,Riyadh,Loyal,2026-02-22
C01611,Customer 01611,Male,33,Makkah,Returning,2024-09-20
C01612,Customer 01612,Male,62,Riyadh,Returning,2025-07-19
C01613,Customer 01613,Male,26,Riyadh,Loyal,2025-11-11
C01614,Customer 01614,Male,49,Madinah,New,2025-10-24
C01615,Customer 01615,Male,60,Makkah,New,2026-01-01
C01616,Customer 01616,Male,42,Madinah,Loyal,2026-02-03
C01617,Customer 01617,Female,24,Jeddah,Loyal,2025-06-21
C01618,Customer 01618,Female,58,Riyadh,Loyal,2025-02-25
C01619,Customer 01619,Female,36,Makkah,Returning,2026-05-07
C01620,Customer 01620,Female,52,Abha,Loyal,2024-07-06
C01621,Customer 01621,Female,32,Jeddah,Returning,2026-04-27
C01622,Customer 01622,Female,38,Dammam,Loyal,2024-09-05
C01623,Customer 01623,Female,18,Madinah,Returning,2024-08-05
C01624,Customer 01624,Female,61,Madinah,Returning,2024-06-11
C01625,Customer 01625,Male,40,Makkah,Returning,2025-01-04
C01626,Customer 01626,Female,61,Dammam,Loyal,2025-04-24
C01627,Customer 01627,Female,44,Makkah,New,2025-03-04
C01628,Customer 01628,Male,38,Makkah,Returning,2025-06-28
C01629,Customer 01629,Female,52,Makkah,Returning,2026-04-12
C01630,Customer 01630,Male,48,Makkah,New,2024-05-15
C01631,Customer 01631,Male,58,Jeddah,Returning,2026-05-31
C01632,Customer 01632,Female,39,Madinah,Returning,2025-05-05
C01633,Customer 01633,Female,47,Riyadh,New,2026-03-01
C01634,Customer 01634,Male,53,Dammam,Loyal,2024-03-14
C01635,Customer 01635,Male,32,Madinah,Returning,2025-10-14
C01636,Customer 01636,Male,38,Khobar,New,2026-02-10
C01637,Customer 01637,Female,50,Dammam,New,2024-04-07
C01638,Customer 01638,Male,20,Makkah,Returning,2024-05-31
C01639,Customer 01639,Male,56,Jeddah,Loyal,2024-02-17
C01640,Customer 01640,Female,47,Riyadh,New,2025-11-23
C01641,Customer 01641,Male,21,Abha,Returning,2024-09-09
C01642,Customer 01642,Female,60,Khobar,Returning,2025-10-22
C01643,Customer 01643,Male,35,Riyadh,Returning,2026-05-14
C01644,Customer 01644,Male,61,Madinah,Loyal,2024-05-22
C01645,Customer 01645,Male,53,Abha,Returning,2025-04-16
C01646,Customer 01646,Male,43,Dammam,New,2024-02-10
C01647,Customer 01647,Female,51,Khobar,New,2025-06-22
C01648,Customer 01648,Female,49,Dammam,Loyal,2026-05-22
C01649,Customer 01649,Female,59,Madinah,Returning,2025-07-21
C01650,Customer 01650,Male,42,Riyadh,Loyal,2025-06-06
C01651,Customer 01651,Male,45,Khobar,Loyal,2024-12-12
C01652,Customer 01652,Male,59,Abha,Returning,2026-02-15
C01653,Customer 01653,Male,46,Abha,Returning,2026-01-18
C01654,Customer 01654,Female,21,Abha,New,2026-05-17
C01655,Customer 01655,Male,60,Jeddah,Returning,2024-03-17
C01656,Customer 01656,Female,43,Riyadh,Loyal,2024-05-28
C01657,Customer 01657,Female,31,Jeddah,New,2025-06-10
C01658,Customer 01658,Female,58,Madinah,New,2024-11-07
C01659,Customer 01659,Female,22,Jeddah,New,2026-05-13
C01660,Customer 01660,Female,43,Madinah,Returning,2025-12-27
C01661,Customer 01661,Female,58,Makkah,New,2025-07-12
C01662,Customer 01662,Female,55,Makkah,Returning,2024-10-15
C01663,Customer 01663,Male,50,Khobar,New,2024-12-27
C01664,Customer 01664,Male,57,Makkah,Loyal,2024-04-26
C01665,Customer 01665,Male,22,Khobar,Loyal,2024-10-24
C01666,Customer 01666,Female,21,Dammam,Loyal,2026-06-16
C01667,Customer 01667,Male,60,Abha,Returning,2026-06-15
C01668,Customer 01668,Male,61,Dammam,Returning,2024-05-16
C01669,Customer 01669,Female,60,Madinah,Returning,2025-11-20
C01670,Customer 01670,Female,25,Abha,Loyal,2026-03-28
C01671,Customer 01671,Male,50,Khobar,Loyal,2024-05-31
C01672,Customer 01672,Female,52,Riyadh,Returning,2026-02-16
C01673,Customer 01673,Male,61,Dammam,Returning,2025-04-01
C01674,Customer 01674,Female,26,Jeddah,Loyal,2025-01-04
C01675,Customer 01675,Male,64,Jeddah,New,2025-11-13
C01676,Customer 01676,Male,54,Dammam,Loyal,2024-06-24
C01677,Customer 01677,Male,47,Dammam,New,2025-11-05
C01678,Customer 01678,Male,29,Makkah,New,2025-09-05
C01679,Customer 01679,Female,61,Riyadh,Returning,2024-11-04
C01680,Customer 01680,Male,40,Abha,Returning,2026-04-29
C01681,Customer 01681,Female,47,Abha,Returning,2026-01-19
C01682,Customer 01682,Male,56,Abha,Loyal,2026-01-27
C01683,Customer 01683,Male,43,Khobar,New,2024-11-24
C01684,Customer 01684,Female,51,Madinah,Returning,2024-11-22
C01685,Customer 01685,Female,22,Khobar,Loyal,2026-02-14
C01686,Customer 01686,Male,40,Riyadh,Loyal,2025-04-11
C01687,Customer 01687,Female,53,Jeddah,Loyal,2026-05-24
C01688,Customer 01688,Female,56,Abha,Returning,2025-11-13
C01689,Customer 01689,Male,51,Jeddah,New,2024-06-02
C01690,Customer 01690,Female,55,Khobar,Returning,2025-08-17
C01691,Customer 01691,Male,61,Madinah,Returning,2025-05-28
C01692,Customer 01692,Female,37,Khobar,Returning,2025-09-08
C01693,Customer 01693,Female,45,Abha,Returning,2024-11-01
C01694,Customer 01694,Male,51,Dammam,Loyal,2024-11-26
C01695,Customer 01695,Male,54,Dammam,Returning,2025-12-01
C01696,Customer 01696,Female,50,Madinah,Returning,2025-03-18
C01697,Customer 01697,Male,56,Madinah,Returning,2025-01-11
C01698,Customer 01698,Female,34,Dammam,Returning,2025-03-30
C01699,Customer 01699,Male,58,Riyadh,Returning,2024-04-13
C01700,Customer 01700,Female,35,Makkah,New,2025-03-02
C01701,Customer 01701,Female,29,Abha,Returning,2025-04-11
C01702,Customer 01702,Male,50,Dammam,Returning,2026-01-10
C01703,Customer 01703,Male,49,Dammam,Returning,2024-07-27
C01704,Customer 01704,Male,59,Khobar,Returning,2026-03-07
C01705,Customer 01705,Male,27,Jeddah,Returning,2026-04-25
C01706,Customer 01706,Male,30,Madinah,Returning,2024-05-15
C01707,Customer 01707,Male,60,Jeddah,Loyal,2026-02-27
C01708,Customer 01708,Female,22,Madinah,Loyal,2025-09-04
C01709,Customer 01709,Male,59,Abha,New,2026-05-14
C01710,Customer 01710,Female,20,Dammam,Loyal,2026-01-27
C01711,Customer 01711,Male,42,Madinah,Returning,2026-04-22
C01712,Customer 01712,Female,46,Makkah,New,2024-09-15
C01713,Customer 01713,Male,53,Madinah,Returning,2025-06-05
C01714,Customer 01714,Male,57,Dammam,Returning,2024-04-21
C01715,Customer 01715,Male,27,Riyadh,Returning,2025-05-17
C01716,Customer 01716,Male,23,Madinah,New,2024-03-10
C01717,Customer 01717,Male,40,Jeddah,Returning,2025-01-30
C01718,Customer 01718,Male,52,Jeddah,Returning,2024-07-03
C01719,Customer 01719,Female,28,Riyadh,Loyal,2025-10-03
C01720,Customer 01720,Male,41,Dammam,New,2024-12-15
C01721,Customer 01721,Male,25,Makkah,Loyal,2026-05-14
C01722,Customer 01722,Female,64,Jeddah,Returning,2024-10-16
C01723,Customer 01723,Female,58,Makkah,New,2025-09-21
C01724,Customer 01724,Female,23,Dammam,Loyal,2025-02-06
C01725,Customer 01725,Male,20,Khobar,Loyal,2025-05-01
C01726,Customer 01726,Male,24,Madinah,Loyal,2026-01-11
C01727,Customer 01727,Female,60,Riyadh,Returning,2024-05-02
C01728,Customer 01728,Female,32,Madinah,New,2025-10-09
C01729,Customer 01729,Male,23,Makkah,Returning,2025-05-11
C01730,Customer 01730,Female,30,Madinah,Returning,2025-08-04
C01731,Customer 01731,Male,55,Khobar,Loyal,2024-08-06
C01732,Customer 01732,Female,40,Makkah,New,2024-05-05
C01733,Customer 01733,Male,32,Abha,Returning,2025-03-05
C01734,Customer 01734,Female,57,Makkah,Loyal,2025-08-02
C01735,Customer 01735,Male,20,Riyadh,Loyal,2025-07-30
C01736,Customer 01736,Male,32,Abha,New,2024-03-26
C01737,Customer 01737,Male,44,Riyadh,New,2025-05-25
C01738,Customer 01738,Female,49,Madinah,Loyal,2024-07-24
C01739,Customer 01739,Female,46,Madinah,New,2024-12-03
C01740,Customer 01740,Male,19,Khobar,New,2024-05-31
C01741,Customer 01741,Female,50,Makkah,Returning,2025-11-25
C01742,Customer 01742,Male,34,Khobar,Returning,2025-04-01
C01743,Customer 01743,Female,20,Abha,Returning,2024-07-08
C01744,Customer 01744,Female,44,Abha,New,2025-01-14
C01745,Customer 01745,Male,32,Dammam,New,2024-03-12
C01746,Customer 01746,Female,41,Khobar,Returning,2026-05-22
C01747,Customer 01747,Male,29,Riyadh,Loyal,2024-05-03
C01748,Customer 01748,Male,47,Dammam,Loyal,2024-09-24
C01749,Customer 01749,Female,20,Dammam,Returning,2025-03-04
C01750,Customer 01750,Female,64,Riyadh,New,2025-09-02
C01751,Customer 01751,Female,34,Dammam,New,2024-01-13
C01752,Customer 01752,Female,42,Khobar,Returning,2024-08-14
C01753,Customer 01753,Male,34,Madinah,Returning,2025-09-02
C01754,Customer 01754,Female,20,Makkah,Returning,2025-04-26
C01755,Customer 01755,Female,41,Khobar,New,2025-03-10
C01756,Customer 01756,Female,64,Madinah,Loyal,2026-05-30
C01757,Customer 01757,Female,36,Jeddah,Returning,2026-04-22
C01758,Customer 01758,Male,59,Jeddah,Loyal,2025-04-02
C01759,Customer 01759,Male,23,Jeddah,Returning,2025-05-14
C01760,Customer 01760,Female,20,Makkah,Returning,2025-07-09
C01761,Customer 01761,Female,58,Khobar,Loyal,2024-03-27
C01762,Customer 01762,Male,54,Dammam,Returning,2026-04-08
C01763,Customer 01763,Male,48,Riyadh,New,2025-10-08
C01764,Customer 01764,Female,25,Khobar,Loyal,2025-04-07
C01765,Customer 01765,Female,63,Madinah,Loyal,2025-04-10
C01766,Customer 01766,Female,24,Abha,Loyal,2024-04-25
C01767,Customer 01767,Male,59,Riyadh,New,2025-10-15
C01768,Customer 01768,Male,62,Makkah,New,2025-01-15
C01769,Customer 01769,Male,39,Jeddah,New,2024-09-05
C01770,Customer 01770,Female,65,Khobar,Loyal,2025-02-19
C01771,Customer 01771,Male,31,Riyadh,New,2026-01-11
C01772,Customer 01772,Female,39,Dammam,New,2025-11-06
C01773,Customer 01773,Male,65,Abha,Returning,2025-02-23
C01774,Customer 01774,Male,36,Abha,New,2024-10-12
C01775,Customer 01775,Female,42,Makkah,Returning,2024-05-15
C01776,Customer 01776,Male,58,Jeddah,New,2024-08-24
C01777,Customer 01777,Female,19,Dammam,New,2025-08-16
C01778,Customer 01778,Female,56,Riyadh,Loyal,2025-10-28
C01779,Customer 01779,Male,37,Khobar,New,2026-04-11
C01780,Customer 01780,Male,33,Abha,Loyal,2024-10-04
C01781,Customer 01781,Male,28,Abha,Returning,2025-06-15
C01782,Customer 01782,Male,62,Dammam,New,2025-01-16
C01783,Customer 01783,Female,26,Jeddah,Loyal,2024-04-20
C01784,Customer 01784,Male,48,Madinah,Returning,2026-03-10
C01785,Customer 01785,Male,59,Jeddah,New,2024-06-04
C01786,Customer 01786,Male,45,Jeddah,New,2026-04-28
C01787,Customer 01787,Male,56,Madinah,Returning,2024-04-08
C01788,Customer 01788,Male,34,Abha,Returning,2025-09-07
C01789,Customer 01789,Female,23,Jeddah,Returning,2024-04-29
C01790,Customer 01790,Male,64,Riyadh,Returning,2025-01-20
C01791,Customer 01791,Male,43,Jeddah,Returning,2024-12-10
C01792,Customer 01792,Female,44,Makkah,New,2025-05-07
C01793,Customer 01793,Female,58,Riyadh,Returning,2026-03-05
C01794,Customer 01794,Male,65,Riyadh,New,2024-02-08
C01795,Customer 01795,Male,46,Khobar,New,2025-04-09
C01796,Customer 01796,Male,30,Makkah,Loyal,2025-05-17
C01797,Customer 01797,Male,54,Jeddah,Returning,2025-08-23
C01798,Customer 01798,Male,59,Makkah,New,2024-07-25
C01799,Customer 01799,Male,35,Makkah,Returning,2024-06-07
C01800,Customer 01800,Male,21,Khobar,Returning,2025-04-02
C01801,Customer 01801,Male,18,Khobar,Returning,2024-02-04
C01802,Customer 01802,Female,31,Jeddah,Returning,2024-10-07
C01803,Customer 01803,Male,30,Dammam,Returning,2026-01-23
C01804,Customer 01804,Male,63,Riyadh,New,2026-02-20
C01805,Customer 01805,Male,39,Riyadh,New,2025-11-08
C01806,Customer 01806,Female,22,Abha,Returning,2024-08-27
C01807,Customer 01807,Male,49,Riyadh,Loyal,2025-10-20
C01808,Customer 01808,Female,62,Abha,Returning,2025-11-20
C01809,Customer 01809,Male,52,Dammam,Returning,2026-04-21
C01810,Customer 01810,Male,38,Abha,New,2025-05-08
C01811,Customer 01811,Female,20,Makkah,New,2024-09-29
C01812,Customer 01812,Male,51,Riyadh,Returning,2026-04-08
C01813,Customer 01813,Female,45,Riyadh,Loyal,2026-02-03
C01814,Customer 01814,Male,46,Madinah,Returning,2026-05-22
C01815,Customer 01815,Male,51,Jeddah,Loyal,2024-12-21
C01816,Customer 01816,Male,36,Makkah,Returning,2025-12-06
C01817,Customer 01817,Male,65,Riyadh,Returning,2025-06-16
C01818,Customer 01818,Male,35,Khobar,Returning,2024-01-21
C01819,Customer 01819,Female,43,Khobar,Loyal,2025-07-09
C01820,Customer 01820,Female,27,Madinah,Returning,2024-01-20
C01821,Customer 01821,Female,30,Jeddah,Returning,2025-12-04
C01822,Customer 01822,Male,58,Jeddah,New,2026-03-01
C01823,Customer 01823,Male,41,Makkah,New,2024-04-06
C01824,Customer 01824,Male,55,Makkah,New,2026-05-30
C01825,Customer 01825,Male,65,Khobar,Returning,2025-01-14
C01826,Customer 01826,Male,44,Dammam,New,2024-09-16
C01827,Customer 01827,Male,50,Jeddah,Returning,2024-03-12
C01828,Customer 01828,Male,19,Khobar,Loyal,2025-04-13
C01829,Customer 01829,Female,53,Makkah,Returning,2025-07-22
C01830,Customer 01830,Female,29,Khobar,New,2025-08-21
C01831,Customer 01831,Male,51,Dammam,New,2025-04-30
C01832,Customer 01832,Female,39,Dammam,New,2024-09-05
C01833,Customer 01833,Male,25,Jeddah,Returning,2025-08-10
C01834,Customer 01834,Male,41,Abha,Returning,2024-07-23
C01835,Customer 01835,Male,38,Makkah,Loyal,2026-05-13
C01836,Customer 01836,Male,57,Khobar,New,2025-01-29
C01837,Customer 01837,Female,21,Jeddah,Returning,2026-01-13
C01838,Customer 01838,Female,58,Jeddah,Returning,2026-05-19
C01839,Customer 01839,Female,26,Jeddah,New,2024-05-30
C01840,Customer 01840,Female,26,Dammam,New,2024-08-18
C01841,Customer 01841,Male,64,Madinah,Returning,2024-08-02
C01842,Customer 01842,Male,57,Riyadh,New,2025-02-21
C01843,Customer 01843,Female,35,Dammam,Loyal,2025-06-06
C01844,Customer 01844,Male,49,Khobar,New,2026-05-04
C01845,Customer 01845,Male,29,Madinah,Loyal,2025-02-08
C01846,Customer 01846,Male,20,Madinah,Returning,2025-10-10
C01847,Customer 01847,Female,58,Dammam,New,2024-05-21
C01848,Customer 01848,Male,19,Makkah,New,2026-01-02
C01849,Customer 01849,Male,28,Jeddah,Returning,2026-01-07
C01850,Customer 01850,Male,19,Jeddah,Returning,2025-08-19
C01851,Customer 01851,Male,49,Madinah,Returning,2025-01-15
C01852,Customer 01852,Male,54,Dammam,New,2025-11-12
C01853,Customer 01853,Female,22,Makkah,Loyal,2024-06-24
C01854,Customer 01854,Male,42,Abha,Loyal,2024-08-29
C01855,Customer 01855,Female,60,Dammam,Returning,2026-03-22
C01856,Customer 01856,Male,61,Abha,Loyal,2025-08-01
C01857,Customer 01857,Female,56,Jeddah,Loyal,2026-04-21
C01858,Customer 01858,Male,31,Abha,Loyal,2026-01-05
C01859,Customer 01859,Male,41,Khobar,Returning,2025-06-27
C01860,Customer 01860,Female,52,Dammam,New,2024-03-10
C01861,Customer 01861,Female,58,Makkah,Returning,2024-02-01
C01862,Customer 01862,Female,25,Khobar,Loyal,2024-02-07
C01863,Customer 01863,Female,25,Khobar,Returning,2024-01-10
C01864,Customer 01864,Male,43,Jeddah,Returning,2026-03-03
C01865,Customer 01865,Male,46,Madinah,New,2024-08-03
C01866,Customer 01866,Female,59,Abha,New,2025-07-01
C01867,Customer 01867,Female,26,Dammam,Loyal,2025-11-03
C01868,Customer 01868,Male,37,Riyadh,New,2025-02-09
C01869,Customer 01869,Male,63,Jeddah,Returning,2025-02-22
C01870,Customer 01870,Male,53,Abha,Returning,2024-08-26
C01871,Customer 01871,Female,34,Makkah,New,2025-06-09
C01872,Customer 01872,Female,59,Makkah,Loyal,2024-03-24
C01873,Customer 01873,Female,39,Dammam,Returning,2026-02-28
C01874,Customer 01874,Male,63,Khobar,Returning,2025-03-28
C01875,Customer 01875,Female,51,Abha,Loyal,2025-07-13
C01876,Customer 01876,Male,54,Jeddah,Returning,2025-12-04
C01877,Customer 01877,Female,41,Khobar,Returning,2025-01-13
C01878,Customer 01878,Male,42,Jeddah,Returning,2025-05-24
C01879,Customer 01879,Male,48,Jeddah,Returning,2025-01-23
C01880,Customer 01880,Male,59,Khobar,Returning,2025-07-16
C01881,Customer 01881,Female,27,Riyadh,Returning,2024-04-19
C01882,Customer 01882,Female,60,Makkah,New,2024-10-07
C01883,Customer 01883,Male,51,Dammam,Returning,2025-08-01
C01884,Customer 01884,Male,32,Dammam,Loyal,2024-08-15
C01885,Customer 01885,Female,40,Abha,Returning,2024-05-03
C01886,Customer 01886,Male,49,Dammam,Loyal,2025-07-04
C01887,Customer 01887,Male,60,Riyadh,New,2024-05-08
C01888,Customer 01888,Male,64,Khobar,New,2025-01-11
C01889,Customer 01889,Male,48,Makkah,Returning,2024-06-27
C01890,Customer 01890,Female,46,Riyadh,Loyal,2025-02-18
C01891,Customer 01891,Female,25,Makkah,Returning,2025-04-30
C01892,Customer 01892,Male,25,Khobar,New,2024-04-06
C01893,Customer 01893,Female,43,Jeddah,New,2024-04-16
C01894,Customer 01894,Female,64,Madinah,New,2025-02-14
C01895,Customer 01895,Female,28,Jeddah,New,2024-12-21
C01896,Customer 01896,Female,38,Makkah,Loyal,2025-04-13
C01897,Customer 01897,Male,25,Khobar,Returning,2024-10-13
C01898,Customer 01898,Male,60,Jeddah,Returning,2024-04-16
C01899,Customer 01899,Female,43,Madinah,Returning,2025-01-07
C01900,Customer 01900,Male,21,Riyadh,New,2024-09-12
C01901,Customer 01901,Male,36,Riyadh,Returning,2026-04-14
C01902,Customer 01902,Male,37,Khobar,Returning,2024-10-11
C01903,Customer 01903,Male,61,Madinah,Returning,2025-08-02
C01904,Customer 01904,Female,42,Jeddah,Returning,2026-02-23
C01905,Customer 01905,Female,45,Riyadh,Returning,2025-09-21
C01906,Customer 01906,Male,58,Madinah,Loyal,2026-02-06
C01907,Customer 01907,Male,25,Jeddah,Returning,2025-04-03
C01908,Customer 01908,Male,50,Jeddah,Loyal,2024-04-11
C01909,Customer 01909,Male,31,Jeddah,Returning,2025-01-30
C01910,Customer 01910,Male,50,Riyadh,Returning,2025-10-25
C01911,Customer 01911,Female,52,Jeddah,Returning,2024-03-23
C01912,Customer 01912,Female,28,Khobar,Returning,2024-10-25
C01913,Customer 01913,Female,30,Madinah,Returning,2025-01-01
C01914,Customer 01914,Female,29,Dammam,Returning,2025-07-10
C01915,Customer 01915,Female,59,Abha,Returning,2024-02-26
C01916,Customer 01916,Male,65,Abha,Returning,2025-06-02
C01917,Customer 01917,Male,20,Jeddah,Loyal,2024-08-22
C01918,Customer 01918,Female,29,Makkah,Returning,2025-09-17
C01919,Customer 01919,Female,40,Jeddah,Loyal,2025-12-15
C01920,Customer 01920,Male,64,Jeddah,Loyal,2026-03-29
C01921,Customer 01921,Female,49,Jeddah,New,2024-08-31
C01922,Customer 01922,Female,30,Dammam,Returning,2024-10-25
C01923,Customer 01923,Male,25,Madinah,Loyal,2024-03-21
C01924,Customer 01924,Male,39,Madinah,Returning,2024-06-14
C01925,Customer 01925,Male,46,Riyadh,Loyal,2024-03-01
C01926,Customer 01926,Female,45,Riyadh,Loyal,2026-04-07
C01927,Customer 01927,Male,19,Riyadh,Loyal,2024-08-13
C01928,Customer 01928,Female,46,Jeddah,Returning,2025-11-15
C01929,Customer 01929,Female,25,Jeddah,New,2024-07-04
C01930,Customer 01930,Female,25,Riyadh,Returning,2025-07-27
C01931,Customer 01931,Male,49,Khobar,New,2024-11-02
C01932,Customer 01932,Male,64,Jeddah,Returning,2024-11-17
C01933,Customer 01933,Female,28,Khobar,Returning,2024-05-09
C01934,Customer 01934,Female,32,Riyadh,New,2024-01-12
C01935,Customer 01935,Female,22,Riyadh,New,2025-01-16
C01936,Customer 01936,Male,51,Dammam,New,2025-03-27
C01937,Customer 01937,Female,26,Makkah,New,2026-05-01
C01938,Customer 01938,Female,42,Jeddah,Returning,2024-09-02
C01939,Customer 01939,Female,29,Riyadh,Loyal,2025-10-07
C01940,Customer 01940,Male,30,Madinah,Loyal,2026-05-17
C01941,Customer 01941,Male,44,Jeddah,Returning,2026-04-30
C01942,Customer 01942,Female,59,Dammam,New,2024-03-16
C01943,Customer 01943,Male,21,Khobar,New,2024-05-04
C01944,Customer 01944,Female,58,Makkah,New,2025-06-09
C01945,Customer 01945,Male,29,Madinah,Returning,2025-02-28
C01946,Customer 01946,Male,23,Jeddah,Loyal,2025-06-22
C01947,Customer 01947,Female,51,Khobar,Returning,2025-11-17
C01948,Customer 01948,Female,47,Madinah,Loyal,2024-09-21
C01949,Customer 01949,Female,43,Jeddah,Returning,2024-08-28
C01950,Customer 01950,Male,38,Dammam,Returning,2024-06-27
C01951,Customer 01951,Female,54,Khobar,Loyal,2024-01-13
C01952,Customer 01952,Female,57,Dammam,Returning,2025-07-03
C01953,Customer 01953,Male,26,Riyadh,Returning,2025-10-30
C01954,Customer 01954,Female,18,Makkah,Loyal,2026-02-04
C01955,Customer 01955,Female,42,Dammam,New,2025-11-01
C01956,Customer 01956,Female,38,Dammam,Loyal,2026-06-07
C01957,Customer 01957,Male,34,Abha,New,2026-03-17
C01958,Customer 01958,Male,22,Dammam,Returning,2025-05-10
C01959,Customer 01959,Male,23,Abha,New,2024-12-07
C01960,Customer 01960,Female,53,Abha,New,2025-07-02
C01961,Customer 01961,Male,28,Jeddah,New,2024-10-01
C01962,Customer 01962,Female,52,Makkah,New,2025-01-16
C01963,Customer 01963,Male,23,Riyadh,Loyal,2025-10-12
C01964,Customer 01964,Male,37,Dammam,Loyal,2026-04-26
C01965,Customer 01965,Male,30,Jeddah,Loyal,2024-11-01
C01966,Customer 01966,Male,18,Riyadh,Returning,2025-07-09
C01967,Customer 01967,Female,61,Riyadh,Returning,2025-04-14
C01968,Customer 01968,Female,27,Dammam,Returning,2025-08-19
C01969,Customer 01969,Female,20,Madinah,Loyal,2025-08-07
C01970,Customer 01970,Male,56,Riyadh,New,2025-03-16
C01971,Customer 01971,Male,51,Khobar,Loyal,2024-02-18
C01972,Customer 01972,Male,19,Madinah,Loyal,2025-06-18
C01973,Customer 01973,Male,34,Abha,Returning,2024-03-25
C01974,Customer 01974,Female,21,Jeddah,New,2026-04-24
C01975,Customer 01975,Female,32,Riyadh,Returning,2025-06-07
C01976,Customer 01976,Female,50,Madinah,Returning,2024-09-18
C01977,Customer 01977,Female,36,Khobar,Returning,2025-12-07
C01978,Customer 01978,Male,55,Makkah,Returning,2025-01-12
C01979,Customer 01979,Female,60,Abha,New,2026-01-12
C01980,Customer 01980,Female,30,Khobar,Returning,2025-12-12
C01981,Customer 01981,Female,40,Khobar,New,2026-03-08
C01982,Customer 01982,Female,35,Jeddah,Returning,2025-07-28
C01983,Customer 01983,Male,38,Makkah,Returning,2024-02-09
C01984,Customer 01984,Male,38,Dammam,Loyal,2025-08-06
C01985,Customer 01985,Female,39,Jeddah,Returning,2024-05-07
C01986,Customer 01986,Male,46,Makkah,Loyal,2025-05-03
C01987,Customer 01987,Female,34,Dammam,Loyal,2025-12-23
C01988,Customer 01988,Male,44,Dammam,Returning,2025-06-14
C01989,Customer 01989,Female,20,Abha,Loyal,2026-03-05
C01990,Customer 01990,Male,39,Dammam,New,2025-10-15
C01991,Customer 01991,Female,23,Makkah,Returning,2025-05-29
C01992,Customer 01992,Female,29,Khobar,Returning,2025-03-08
C01993,Customer 01993,Male,23,Jeddah,Returning,2026-03-12
C01994,Customer 01994,Female,26,Makkah,Returning,2025-06-09
C01995,Customer 01995,Female,25,Makkah,New,2025-07-10
C01996,Customer 01996,Female,32,Khobar,Returning,2024-02-04
C01997,Customer 01997,Female,58,Dammam,Returning,2024-12-31
C01998,Customer 01998,Male,48,Makkah,Returning,2026-01-26
C01999,Customer 01999,Male,36,Jeddah,Returning,2024-03-04
C02000,Customer 02000,Male,38,Dammam,Returning,2024-10-15
C02001,Customer 02001,Female,31,Riyadh,Loyal,2024-03-06
C02002,Customer 02002,Female,56,Madinah,Returning,2025-11-15
C02003,Customer 02003,Female,56,Riyadh,New,2025-07-05
C02004,Customer 02004,Female,18,Jeddah,Returning,2024-07-16
C02005,Customer 02005,Male,33,Dammam,Returning,2024-05-01
C02006,Customer 02006,Male,20,Dammam,New,2026-05-13
C02007,Customer 02007,Female,22,Dammam,Returning,2024-03-19
C02008,Customer 02008,Male,39,Abha,Returning,2024-06-16
C02009,Customer 02009,Female,31,Makkah,Loyal,2025-06-23
C02010,Customer 02010,Female,39,Makkah,New,2024-11-21
C02011,Customer 02011,Male,60,Dammam,Returning,2026-03-18
C02012,Customer 02012,Female,20,Khobar,Returning,2025-06-18
C02013,Customer 02013,Female,50,Khobar,Returning,2025-12-26
C02014,Customer 02014,Female,57,Jeddah,Returning,2025-03-13
C02015,Customer 02015,Female,36,Riyadh,Returning,2024-03-20
C02016,Customer 02016,Female,40,Khobar,Loyal,2024-02-18
C02017,Customer 02017,Female,36,Makkah,Returning,2024-02-19
C02018,Customer 02018,Male,35,Riyadh,Returning,2024-09-07
C02019,Customer 02019,Male,36,Jeddah,Returning,2024-09-20
C02020,Customer 02020,Male,49,Madinah,Returning,2024-03-26
C02021,Customer 02021,Female,52,Madinah,Loyal,2024-08-05
C02022,Customer 02022,Female,35,Dammam,Returning,2024-03-08
C02023,Customer 02023,Female,45,Madinah,Returning,2024-06-27
C02024,Customer 02024,Female,55,Makkah,New,2024-04-13
C02025,Customer 02025,Female,25,Khobar,Returning,2024-10-13
C02026,Customer 02026,Female,41,Dammam,Returning,2024-01-19
C02027,Customer 02027,Female,55,Riyadh,Returning,2024-03-20
C02028,Customer 02028,Male,38,Madinah,Loyal,2025-11-15
C02029,Customer 02029,Male,31,Madinah,Returning,2024-04-03
C02030,Customer 02030,Female,42,Abha,New,2025-11-24
C02031,Customer 02031,Female,27,Madinah,New,2024-01-23
C02032,Customer 02032,Male,49,Dammam,Loyal,2024-10-15
C02033,Customer 02033,Female,19,Makkah,Returning,2024-11-30
C02034,Customer 02034,Female,18,Abha,Loyal,2025-10-15
C02035,Customer 02035,Female,53,Jeddah,Returning,2025-06-08
C02036,Customer 02036,Male,30,Jeddah,Loyal,2024-08-31
C02037,Customer 02037,Female,25,Khobar,New,2024-07-30
C02038,Customer 02038,Female,65,Dammam,Loyal,2025-10-15
C02039,Customer 02039,Male,65,Makkah,Returning,2024-05-06
C02040,Customer 02040,Male,46,Riyadh,New,2025-06-25
C02041,Customer 02041,Female,38,Jeddah,New,2024-12-16
C02042,Customer 02042,Female,65,Dammam,Returning,2025-06-03
C02043,Customer 02043,Male,37,Makkah,New,2024-01-23
C02044,Customer 02044,Male,29,Abha,Returning,2025-06-23
C02045,Customer 02045,Female,23,Riyadh,New,2026-01-18
C02046,Customer 02046,Female,22,Dammam,Returning,2025-02-21
C02047,Customer 02047,Male,35,Dammam,Returning,2025-09-19
C02048,Customer 02048,Female,49,Makkah,Returning,2025-04-17
C02049,Customer 02049,Male,45,Dammam,Returning,2024-04-21
C02050,Customer 02050,Male,28,Jeddah,Returning,2026-04-27
C02051,Customer 02051,Male,33,Khobar,Returning,2026-05-23
C02052,Customer 02052,Male,21,Khobar,Returning,2025-03-09
C02053,Customer 02053,Female,56,Jeddah,Loyal,2025-10-19
C02054,Customer 02054,Female,38,Khobar,New,2025-12-16
C02055,Customer 02055,Male,48,Makkah,Returning,2025-03-03
C02056,Customer 02056,Male,21,Khobar,New,2024-07-19
C02057,Customer 02057,Male,23,Jeddah,Loyal,2025-06-10
C02058,Customer 02058,Male,46,Khobar,Loyal,2025-01-03
C02059,Customer 02059,Male,43,Abha,Returning,2026-01-25
C02060,Customer 02060,Female,40,Jeddah,Loyal,2024-08-28
C02061,Customer 02061,Male,56,Abha,Loyal,2025-08-18
C02062,Customer 02062,Female,53,Makkah,Returning,2025-05-30
C02063,Customer 02063,Female,53,Dammam,Returning,2025-12-31
C02064,Customer 02064,Male,34,Khobar,Returning,2024-03-22
C02065,Customer 02065,Female,46,Madinah,Loyal,2024-05-28
C02066,Customer 02066,Male,38,Madinah,Returning,2025-05-10
C02067,Customer 02067,Female,26,Riyadh,New,2025-04-09
C02068,Customer 02068,Male,32,Jeddah,Loyal,2025-09-22
C02069,Customer 02069,Female,52,Dammam,Returning,2024-08-31
C02070,Customer 02070,Female,48,Madinah,Returning,2024-01-18
C02071,Customer 02071,Male,45,Khobar,New,2026-02-25
C02072,Customer 02072,Female,51,Riyadh,Returning,2025-04-01
C02073,Customer 02073,Female,46,Dammam,Returning,2025-11-26
C02074,Customer 02074,Female,52,Abha,Returning,2026-05-28
C02075,Customer 02075,Female,60,Abha,Returning,2025-10-01
C02076,Customer 02076,Female,23,Dammam,Returning,2025-01-20
C02077,Customer 02077,Female,40,Jeddah,Returning,2026-05-22
C02078,Customer 02078,Male,35,Jeddah,Loyal,2024-09-19
C02079,Customer 02079,Male,26,Dammam,Returning,2025-01-28
C02080,Customer 02080,Female,22,Madinah,Returning,2024-07-23
C02081,Customer 02081,Female,26,Abha,Returning,2025-12-30
C02082,Customer 02082,Male,55,Abha,Returning,2025-09-25
C02083,Customer 02083,Male,63,Abha,Returning,2026-01-10
C02084,Customer 02084,Female,57,Madinah,New,2025-11-12
C02085,Customer 02085,Female,51,Jeddah,Loyal,2024-02-08
C02086,Customer 02086,Male,31,Makkah,Loyal,2026-06-15
C02087,Customer 02087,Male,48,Khobar,Returning,2025-12-22
C02088,Customer 02088,Male,18,Jeddah,New,2026-04-18
C02089,Customer 02089,Female,30,Jeddah,Loyal,2024-08-13
C02090,Customer 02090,Female,56,Abha,Loyal,2026-02-19
C02091,Customer 02091,Female,36,Makkah,Loyal,2025-04-11
C02092,Customer 02092,Female,53,Dammam,Loyal,2025-04-08
C02093,Customer 02093,Male,43,Riyadh,Loyal,2025-11-04
C02094,Customer 02094,Male,56,Jeddah,New,2024-08-16
C02095,Customer 02095,Female,43,Madinah,New,2026-04-06
C02096,Customer 02096,Male,18,Madinah,Returning,2025-11-04
C02097,Customer 02097,Male,64,Abha,Returning,2025-04-18
C02098,Customer 02098,Female,19,Makkah,Returning,2025-04-04
C02099,Customer 02099,Male,65,Makkah,Returning,2026-04-13
C02100,Customer 02100,Female,22,Madinah,Returning,2024-09-01
C02101,Customer 02101,Female,30,Jeddah,Returning,2026-06-04
C02102,Customer 02102,Male,18,Abha,New,2024-08-28
C02103,Customer 02103,Female,23,Makkah,New,2025-03-26
C02104,Customer 02104,Female,22,Riyadh,Returning,2024-08-23
C02105,Customer 02105,Male,62,Riyadh,Returning,2024-01-18
C02106,Customer 02106,Female,22,Dammam,New,2024-03-30
C02107,Customer 02107,Male,64,Khobar,Returning,2024-10-21
C02108,Customer 02108,Female,42,Dammam,Returning,2026-05-31
C02109,Customer 02109,Male,28,Dammam,Returning,2026-06-07
C02110,Customer 02110,Female,24,Jeddah,Returning,2024-10-11
C02111,Customer 02111,Male,24,Khobar,Returning,2024-10-03
C02112,Customer 02112,Male,26,Makkah,New,2024-03-03
C02113,Customer 02113,Female,20,Riyadh,Returning,2024-04-23
C02114,Customer 02114,Male,52,Khobar,Loyal,2024-11-11
C02115,Customer 02115,Male,51,Jeddah,Returning,2025-12-05
C02116,Customer 02116,Female,32,Madinah,Returning,2024-08-12
C02117,Customer 02117,Female,40,Dammam,New,2025-02-11
C02118,Customer 02118,Female,23,Dammam,Loyal,2025-11-14
C02119,Customer 02119,Male,58,Riyadh,Loyal,2026-03-03
C02120,Customer 02120,Female,48,Khobar,Loyal,2024-05-31
C02121,Customer 02121,Male,31,Riyadh,New,2026-05-31
C02122,Customer 02122,Female,41,Dammam,Returning,2025-04-27
C02123,Customer 02123,Male,54,Makkah,Returning,2024-02-01
C02124,Customer 02124,Male,40,Madinah,Returning,2024-03-11
C02125,Customer 02125,Male,18,Abha,Returning,2025-12-28
C02126,Customer 02126,Male,45,Abha,New,2025-12-18
C02127,Customer 02127,Female,20,Dammam,Returning,2026-06-01
C02128,Customer 02128,Female,34,Riyadh,New,2026-04-18
C02129,Customer 02129,Female,46,Makkah,Returning,2024-02-26
C02130,Customer 02130,Male,56,Abha,Loyal,2025-06-11
C02131,Customer 02131,Female,51,Makkah,New,2024-09-21
C02132,Customer 02132,Female,37,Abha,New,2024-09-19
C02133,Customer 02133,Female,59,Madinah,Returning,2026-05-27
C02134,Customer 02134,Female,33,Khobar,Returning,2026-01-29
C02135,Customer 02135,Female,32,Makkah,Returning,2025-01-23
C02136,Customer 02136,Male,24,Khobar,Returning,2024-01-24
C02137,Customer 02137,Male,50,Makkah,New,2025-03-15
C02138,Customer 02138,Male,52,Riyadh,New,2025-06-26
C02139,Customer 02139,Male,52,Dammam,Loyal,2024-12-26
C02140,Customer 02140,Male,58,Abha,Returning,2024-05-12
C02141,Customer 02141,Female,54,Dammam,Returning,2024-10-03
C02142,Customer 02142,Female,44,Riyadh,Returning,2024-01-27
C02143,Customer 02143,Female,45,Abha,Loyal,2024-05-08
C02144,Customer 02144,Male,59,Dammam,Loyal,2025-02-09
C02145,Customer 02145,Male,25,Jeddah,Returning,2024-11-12
C02146,Customer 02146,Female,45,Riyadh,Loyal,2024-01-20
C02147,Customer 02147,Male,38,Jeddah,Returning,2025-08-15
C02148,Customer 02148,Female,43,Makkah,New,2024-06-09
C02149,Customer 02149,Female,44,Riyadh,Returning,2024-06-18
C02150,Customer 02150,Male,35,Abha,New,2024-11-20
C02151,Customer 02151,Male,64,Khobar,Loyal,2025-06-12
C02152,Customer 02152,Female,30,Makkah,Returning,2024-12-12
C02153,Customer 02153,Male,35,Dammam,New,2024-02-04
C02154,Customer 02154,Male,30,Khobar,Returning,2024-09-29
C02155,Customer 02155,Male,49,Makkah,Returning,2025-03-04
C02156,Customer 02156,Female,44,Madinah,Returning,2024-12-16
C02157,Customer 02157,Female,63,Dammam,New,2024-12-29
C02158,Customer 02158,Male,51,Riyadh,Returning,2024-03-22
C02159,Customer 02159,Female,34,Dammam,New,2025-04-30
C02160,Customer 02160,Female,47,Khobar,Returning,2025-07-04
C02161,Customer 02161,Female,19,Jeddah,New,2024-11-15
C02162,Customer 02162,Female,42,Madinah,Loyal,2026-04-27
C02163,Customer 02163,Male,46,Khobar,Loyal,2026-02-20
C02164,Customer 02164,Male,51,Khobar,Returning,2026-04-14
C02165,Customer 02165,Male,27,Riyadh,New,2025-02-01
C02166,Customer 02166,Female,43,Riyadh,New,2025-04-05
C02167,Customer 02167,Male,23,Madinah,New,2024-08-01
C02168,Customer 02168,Male,27,Abha,Loyal,2026-05-13
C02169,Customer 02169,Male,28,Jeddah,New,2025-08-04
C02170,Customer 02170,Male,47,Abha,Loyal,2026-05-09
C02171,Customer 02171,Female,48,Makkah,Returning,2024-12-03
C02172,Customer 02172,Female,45,Khobar,Returning,2025-02-20
C02173,Customer 02173,Female,57,Madinah,Returning,2025-09-22
C02174,Customer 02174,Female,60,Jeddah,New,2026-02-01
C02175,Customer 02175,Female,46,Khobar,Returning,2025-04-05
C02176,Customer 02176,Female,58,Dammam,Returning,2025-08-25
C02177,Customer 02177,Female,20,Madinah,Returning,2024-12-20
C02178,Customer 02178,Female,52,Khobar,New,2025-11-10
C02179,Customer 02179,Male,57,Makkah,Returning,2024-07-07
C02180,Customer 02180,Male,44,Abha,New,2026-05-22
C02181,Customer 02181,Male,48,Dammam,Loyal,2025-09-04
C02182,Customer 02182,Male,59,Riyadh,Loyal,2024-11-06
C02183,Customer 02183,Female,29,Khobar,Returning,2024-07-27
C02184,Customer 02184,Female,36,Jeddah,Returning,2025-04-26
C02185,Customer 02185,Male,53,Makkah,Returning,2024-02-15
C02186,Customer 02186,Female,25,Abha,New,2024-05-12
C02187,Customer 02187,Male,61,Riyadh,Loyal,2026-04-25
C02188,Customer 02188,Male,45,Dammam,New,2024-06-17
C02189,Customer 02189,Male,30,Riyadh,Loyal,2025-12-18
C02190,Customer 02190,Female,49,Makkah,Loyal,2025-07-31
C02191,Customer 02191,Female,21,Jeddah,Loyal,2024-12-25
C02192,Customer 02192,Female,39,Riyadh,Returning,2024-04-12
C02193,Customer 02193,Male,40,Khobar,Returning,2025-12-22
C02194,Customer 02194,Male,21,Jeddah,Loyal,2025-11-25
C02195,Customer 02195,Male,36,Riyadh,Returning,2025-05-17
C02196,Customer 02196,Male,37,Jeddah,Returning,2024-10-16
C02197,Customer 02197,Female,26,Madinah,Loyal,2024-01-23
C02198,Customer 02198,Male,40,Jeddah,Returning,2024-07-02
C02199,Customer 02199,Female,19,Abha,Returning,2026-05-20
C02200,Customer 02200,Female,53,Abha,Returning,2024-05-29
C02201,Customer 02201,Male,38,Dammam,New,2025-07-25
C02202,Customer 02202,Male,28,Madinah,Loyal,2025-01-23
C02203,Customer 02203,Female,49,Dammam,Returning,2026-04-17
C02204,Customer 02204,Male,48,Riyadh,Returning,2024-01-28
C02205,Customer 02205,Male,61,Madinah,Returning,2025-03-23
C02206,Customer 02206,Male,60,Madinah,New,2024-11-19
C02207,Customer 02207,Male,43,Abha,Returning,2025-10-23
C02208,Customer 02208,Male,30,Makkah,New,2024-03-14
C02209,Customer 02209,Female,25,Madinah,Loyal,2025-09-19
C02210,Customer 02210,Female,41,Jeddah,Returning,2026-01-13
C02211,Customer 02211,Female,24,Riyadh,New,2024-10-26
C02212,Customer 02212,Female,40,Madinah,Loyal,2025-10-04
C02213,Customer 02213,Male,57,Dammam,New,2024-05-11
C02214,Customer 02214,Female,26,Khobar,Loyal,2025-01-30
C02215,Customer 02215,Female,62,Khobar,Returning,2024-02-09
C02216,Customer 02216,Female,43,Khobar,Loyal,2024-09-25
C02217,Customer 02217,Female,25,Madinah,New,2026-05-13
C02218,Customer 02218,Male,38,Dammam,Returning,2025-05-04
C02219,Customer 02219,Male,36,Madinah,Loyal,2024-07-04
C02220,Customer 02220,Female,23,Makkah,Loyal,2025-01-11
C02221,Customer 02221,Male,24,Abha,New,2025-03-25
C02222,Customer 02222,Male,30,Khobar,New,2024-04-29
C02223,Customer 02223,Female,53,Riyadh,Loyal,2026-05-10
C02224,Customer 02224,Female,36,Makkah,Returning,2025-06-27
C02225,Customer 02225,Male,54,Riyadh,Returning,2024-11-16
C02226,Customer 02226,Female,33,Riyadh,Returning,2024-07-18
C02227,Customer 02227,Female,18,Abha,Loyal,2025-11-04
C02228,Customer 02228,Female,46,Khobar,New,2025-12-30
C02229,Customer 02229,Female,53,Dammam,New,2024-05-24
C02230,Customer 02230,Male,49,Jeddah,Loyal,2025-02-05
C02231,Customer 02231,Male,60,Jeddah,Returning,2024-07-07
C02232,Customer 02232,Male,23,Riyadh,New,2024-04-25
C02233,Customer 02233,Male,41,Madinah,Returning,2025-03-16
C02234,Customer 02234,Female,65,Madinah,New,2024-10-05
C02235,Customer 02235,Female,62,Khobar,Loyal,2025-06-01
C02236,Customer 02236,Male,52,Abha,New,2026-03-02
C02237,Customer 02237,Male,38,Dammam,New,2025-03-04
C02238,Customer 02238,Female,28,Jeddah,Loyal,2024-12-15
C02239,Customer 02239,Male,57,Abha,Returning,2025-10-22
C02240,Customer 02240,Female,20,Abha,Returning,2025-11-12
C02241,Customer 02241,Male,35,Dammam,Returning,2024-11-02
C02242,Customer 02242,Male,29,Makkah,Returning,2024-08-28
C02243,Customer 02243,Female,46,Jeddah,Loyal,2024-09-12
C02244,Customer 02244,Male,53,Makkah,Loyal,2026-02-04
C02245,Customer 02245,Female,49,Dammam,Returning,2024-06-04
C02246,Customer 02246,Female,19,Abha,Loyal,2025-05-31
C02247,Customer 02247,Male,18,Dammam,New,2024-01-09
C02248,Customer 02248,Male,55,Khobar,Returning,2024-11-01
C02249,Customer 02249,Male,57,Khobar,Returning,2026-01-04
C02250,Customer 02250,Male,36,Jeddah,Returning,2024-02-06
C02251,Customer 02251,Female,31,Makkah,Returning,2024-11-25
C02252,Customer 02252,Female,42,Makkah,Loyal,2024-01-21
C02253,Customer 02253,Female,54,Riyadh,Returning,2024-02-22
C02254,Customer 02254,Male,30,Dammam,New,2025-02-25
C02255,Customer 02255,Female,19,Jeddah,Loyal,2025-02-04
C02256,Customer 02256,Female,54,Riyadh,New,2024-01-15
C02257,Customer 02257,Female,53,Madinah,Returning,2025-10-12
C02258,Customer 02258,Female,49,Makkah,New,2024-03-08
C02259,Customer 02259,Male,53,Makkah,New,2024-11-26
C02260,Customer 02260,Female,43,Khobar,Returning,2024-11-22
C02261,Customer 02261,Female,58,Madinah,Returning,2024-01-28
C02262,Customer 02262,Male,46,Jeddah,Returning,2024-10-04
C02263,Customer 02263,Female,51,Madinah,Returning,2025-12-02
C02264,Customer 02264,Male,59,Jeddah,Returning,2026-03-30
C02265,Customer 02265,Male,18,Madinah,New,2025-05-02
C02266,Customer 02266,Male,40,Jeddah,New,2024-09-20
C02267,Customer 02267,Female,29,Jeddah,Loyal,2025-09-13
C02268,Customer 02268,Male,36,Abha,New,2025-09-21
C02269,Customer 02269,Male,22,Abha,Returning,2025-09-17
C02270,Customer 02270,Female,34,Riyadh,Loyal,2025-07-06
C02271,Customer 02271,Male,57,Dammam,New,2024-06-30
C02272,Customer 02272,Female,63,Makkah,Returning,2024-07-09
C02273,Customer 02273,Male,64,Riyadh,Returning,2026-03-24
C02274,Customer 02274,Male,43,Makkah,New,2024-09-12
C02275,Customer 02275,Female,18,Madinah,Loyal,2025-05-26
C02276,Customer 02276,Female,32,Madinah,New,2025-07-25
C02277,Customer 02277,Male,62,Khobar,Returning,2025-05-07
C02278,Customer 02278,Female,59,Madinah,Loyal,2026-03-04
C02279,Customer 02279,Male,32,Jeddah,New,2024-02-17
C02280,Customer 02280,Male,32,Jeddah,Loyal,2026-04-23
C02281,Customer 02281,Female,48,Madinah,Loyal,2024-12-29
C02282,Customer 02282,Male,49,Jeddah,Loyal,2025-06-30
C02283,Customer 02283,Female,35,Riyadh,New,2026-04-12
C02284,Customer 02284,Male,61,Makkah,New,2025-10-05
C02285,Customer 02285,Female,35,Abha,New,2025-09-07
C02286,Customer 02286,Female,25,Makkah,Loyal,2025-01-03
C02287,Customer 02287,Female,36,Khobar,New,2025-06-24
C02288,Customer 02288,Male,47,Abha,Returning,2024-02-04
C02289,Customer 02289,Female,61,Madinah,Loyal,2024-01-20
C02290,Customer 02290,Male,47,Jeddah,Loyal,2025-08-20
C02291,Customer 02291,Female,51,Makkah,Returning,2024-12-28
C02292,Customer 02292,Female,65,Jeddah,Loyal,2024-02-01
C02293,Customer 02293,Female,45,Dammam,Loyal,2024-01-15
C02294,Customer 02294,Male,55,Madinah,New,2024-12-23
C02295,Customer 02295,Female,61,Abha,Loyal,2024-02-23
C02296,Customer 02296,Male,50,Jeddah,Returning,2024-09-05
C02297,Customer 02297,Female,56,Khobar,Returning,2025-04-03
C02298,Customer 02298,Male,52,Riyadh,Loyal,2025-05-08
C02299,Customer 02299,Male,53,Dammam,New,2025-09-01
C02300,Customer 02300,Female,38,Khobar,New,2024-05-30
C02301,Customer 02301,Female,61,Makkah,New,2024-12-08
C02302,Customer 02302,Female,42,Makkah,Returning,2026-04-24
C02303,Customer 02303,Male,45,Madinah,New,2025-09-30
C02304,Customer 02304,Female,41,Madinah,Loyal,2025-05-12
C02305,Customer 02305,Female,35,Makkah,New,2025-10-12
C02306,Customer 02306,Female,33,Jeddah,Returning,2025-10-23
C02307,Customer 02307,Male,30,Jeddah,New,2024-11-04
C02308,Customer 02308,Female,33,Khobar,Returning,2025-09-15
C02309,Customer 02309,Male,28,Abha,Returning,2026-05-29
C02310,Customer 02310,Female,28,Makkah,Loyal,2024-06-30
C02311,Customer 02311,Female,55,Khobar,New,2025-01-28
C02312,Customer 02312,Female,38,Abha,Loyal,2026-03-25
C02313,Customer 02313,Male,62,Madinah,New,2025-06-29
C02314,Customer 02314,Female,55,Abha,Returning,2025-01-14
C02315,Customer 02315,Male,42,Madinah,Loyal,2024-08-16
C02316,Customer 02316,Male,62,Abha,Returning,2024-11-09
C02317,Customer 02317,Female,43,Jeddah,New,2025-05-19
C02318,Customer 02318,Female,61,Riyadh,Loyal,2024-12-09
C02319,Customer 02319,Female,50,Madinah,Returning,2025-04-17
C02320,Customer 02320,Male,19,Riyadh,Loyal,2025-10-31
C02321,Customer 02321,Male,50,Dammam,Returning,2024-12-31
C02322,Customer 02322,Male,19,Jeddah,Returning,2025-04-04
C02323,Customer 02323,Female,28,Khobar,New,2024-09-26
C02324,Customer 02324,Male,33,Dammam,Loyal,2024-07-10
C02325,Customer 02325,Female,45,Riyadh,New,2024-02-08
C02326,Customer 02326,Male,44,Khobar,Returning,2024-01-29
C02327,Customer 02327,Male,42,Abha,New,2025-08-20
C02328,Customer 02328,Male,35,Madinah,Returning,2024-01-07
C02329,Customer 02329,Male,55,Dammam,Returning,2024-08-24
C02330,Customer 02330,Female,31,Riyadh,New,2024-01-24
C02331,Customer 02331,Male,57,Riyadh,Loyal,2025-02-15
C02332,Customer 02332,Male,27,Dammam,Loyal,2024-08-18
C02333,Customer 02333,Male,37,Makkah,Loyal,2026-05-05
C02334,Customer 02334,Female,23,Khobar,New,2026-04-10
C02335,Customer 02335,Male,25,Dammam,Returning,2026-02-06
C02336,Customer 02336,Female,34,Riyadh,New,2024-03-04
C02337,Customer 02337,Male,37,Makkah,Returning,2024-01-02
C02338,Customer 02338,Female,22,Riyadh,Returning,2025-05-04
C02339,Customer 02339,Female,39,Abha,Loyal,2025-08-14
C02340,Customer 02340,Female,55,Riyadh,Returning,2024-01-04
C02341,Customer 02341,Female,48,Khobar,Returning,2025-05-27
C02342,Customer 02342,Female,59,Makkah,New,2024-06-24
C02343,Customer 02343,Female,58,Madinah,Returning,2024-02-11
C02344,Customer 02344,Male,23,Madinah,New,2024-09-17
C02345,Customer 02345,Female,45,Makkah,Returning,2025-10-23
C02346,Customer 02346,Female,30,Abha,Returning,2025-03-06
C02347,Customer 02347,Male,18,Dammam,Returning,2024-04-20
C02348,Customer 02348,Male,64,Riyadh,Returning,2025-01-31
C02349,Customer 02349,Female,22,Riyadh,New,2025-09-01
C02350,Customer 02350,Male,50,Dammam,Returning,2025-02-07
C02351,Customer 02351,Female,59,Dammam,New,2025-04-18
C02352,Customer 02352,Female,54,Jeddah,Returning,2025-01-09
C02353,Customer 02353,Female,28,Khobar,Returning,2026-02-10
C02354,Customer 02354,Female,51,Makkah,Loyal,2025-09-05
C02355,Customer 02355,Female,29,Khobar,Returning,2024-01-19
C02356,Customer 02356,Female,26,Abha,Returning,2026-02-13
C02357,Customer 02357,Female,53,Riyadh,New,2026-03-10
C02358,Customer 02358,Male,36,Jeddah,New,2026-05-20
C02359,Customer 02359,Male,56,Madinah,Returning,2025-09-19
C02360,Customer 02360,Female,28,Jeddah,Returning,2025-04-13
C02361,Customer 02361,Male,34,Madinah,Loyal,2026-05-24
C02362,Customer 02362,Female,24,Abha,Returning,2025-09-10
C02363,Customer 02363,Male,30,Madinah,Returning,2025-05-05
C02364,Customer 02364,Female,44,Jeddah,Returning,2024-11-24
C02365,Customer 02365,Female,39,Madinah,Returning,2025-07-12
C02366,Customer 02366,Female,33,Khobar,New,2025-05-27
C02367,Customer 02367,Male,27,Madinah,Loyal,2025-01-31
C02368,Customer 02368,Female,56,Dammam,New,2024-05-22
C02369,Customer 02369,Female,50,Makkah,New,2025-01-05
C02370,Customer 02370,Male,46,Dammam,Returning,2024-08-17
C02371,Customer 02371,Male,52,Riyadh,Returning,2024-10-06
C02372,Customer 02372,Male,60,Khobar,New,2025-10-06
C02373,Customer 02373,Male,46,Makkah,New,2024-01-03
C02374,Customer 02374,Male,42,Jeddah,Returning,2025-02-12
C02375,Customer 02375,Female,51,Jeddah,Returning,2025-09-06
C02376,Customer 02376,Male,45,Riyadh,Returning,2024-02-06
C02377,Customer 02377,Male,56,Abha,New,2024-09-19
C02378,Customer 02378,Female,58,Abha,Returning,2025-11-08
C02379,Customer 02379,Male,19,Khobar,New,2026-03-18
C02380,Customer 02380,Male,53,Jeddah,Returning,2024-10-06
C02381,Customer 02381,Female,26,Khobar,Returning,2025-09-08
C02382,Customer 02382,Male,19,Khobar,New,2026-06-18
C02383,Customer 02383,Male,22,Abha,Returning,2026-05-08
C02384,Customer 02384,Female,49,Jeddah,Loyal,2024-02-04
C02385,Customer 02385,Male,63,Makkah,New,2025-02-13
C02386,Customer 02386,Male,33,Jeddah,Returning,2024-03-19
C02387,Customer 02387,Male,35,Madinah,Returning,2024-11-22
C02388,Customer 02388,Female,51,Riyadh,Returning,2024-03-11
C02389,Customer 02389,Male,61,Makkah,New,2025-09-19
C02390,Customer 02390,Female,36,Khobar,Returning,2025-02-22
C02391,Customer 02391,Male,21,Riyadh,Loyal,2026-02-14
C02392,Customer 02392,Female,35,Dammam,Returning,2025-12-17
C02393,Customer 02393,Male,49,Dammam,Loyal,2024-11-14
C02394,Customer 02394,Female,47,Dammam,Loyal,2024-01-17
C02395,Customer 02395,Male,35,Riyadh,Loyal,2024-05-18
C02396,Customer 02396,Female,37,Dammam,Loyal,2026-04-08
C02397,Customer 02397,Male,65,Abha,Loyal,2025-05-01
C02398,Customer 02398,Female,62,Abha,Returning,2025-05-29
C02399,Customer 02399,Female,36,Madinah,Loyal,2026-04-28
C02400,Customer 02400,Male,58,Jeddah,New,2024-09-13
C02401,Customer 02401,Female,39,Abha,New,2024-07-13
C02402,Customer 02402,Male,32,Abha,Returning,2025-12-05
C02403,Customer 02403,Male,26,Abha,Returning,2024-02-16
C02404,Customer 02404,Male,28,Jeddah,New,2024-02-09
C02405,Customer 02405,Male,47,Jeddah,New,2025-10-17
C02406,Customer 02406,Female,51,Jeddah,Returning,2025-04-01
C02407,Customer 02407,Male,30,Jeddah,Loyal,2024-01-11
C02408,Customer 02408,Female,31,Khobar,Loyal,2026-05-22
C02409,Customer 02409,Male,47,Madinah,Loyal,2024-01-31
C02410,Customer 02410,Male,58,Dammam,Returning,2024-12-04
C02411,Customer 02411,Female,30,Dammam,New,2024-10-14
C02412,Customer 02412,Female,24,Madinah,New,2024-09-10
C02413,Customer 02413,Female,52,Khobar,New,2024-05-08
C02414,Customer 02414,Male,42,Madinah,Loyal,2026-01-02
C02415,Customer 02415,Male,20,Dammam,Returning,2024-07-06
C02416,Customer 02416,Female,43,Makkah,New,2024-08-11
C02417,Customer 02417,Female,61,Madinah,Loyal,2025-04-04
C02418,Customer 02418,Male,61,Dammam,Returning,2025-09-09
C02419,Customer 02419,Female,61,Riyadh,Loyal,2024-12-25
C02420,Customer 02420,Female,54,Riyadh,New,2026-01-03
C02421,Customer 02421,Female,63,Madinah,Returning,2025-03-05
C02422,Customer 02422,Male,44,Riyadh,Loyal,2024-08-28
C02423,Customer 02423,Male,59,Dammam,New,2024-04-17
C02424,Customer 02424,Male,24,Dammam,Returning,2024-06-28
C02425,Customer 02425,Female,63,Madinah,Returning,2024-02-04
C02426,Customer 02426,Female,31,Khobar,New,2025-12-22
C02427,Customer 02427,Female,51,Jeddah,Returning,2024-07-15
C02428,Customer 02428,Female,58,Dammam,Returning,2024-10-06
C02429,Customer 02429,Male,52,Makkah,Returning,2024-03-31
C02430,Customer 02430,Female,18,Riyadh,New,2025-04-06
C02431,Customer 02431,Female,52,Riyadh,Returning,2025-06-03
C02432,Customer 02432,Female,27,Madinah,New,2024-09-06
C02433,Customer 02433,Male,37,Jeddah,New,2025-12-07
C02434,Customer 02434,Female,36,Abha,Returning,2024-10-26
C02435,Customer 02435,Male,46,Khobar,Returning,2025-09-13
C02436,Customer 02436,Male,45,Riyadh,Returning,2025-02-14
C02437,Customer 02437,Male,59,Madinah,Returning,2024-02-10
C02438,Customer 02438,Male,22,Khobar,Loyal,2025-05-26
C02439,Customer 02439,Male,37,Jeddah,Loyal,2026-03-06
C02440,Customer 02440,Female,62,Dammam,New,2025-09-05
C02441,Customer 02441,Female,64,Riyadh,Returning,2025-03-20
C02442,Customer 02442,Female,36,Khobar,Loyal,2026-05-07
C02443,Customer 02443,Female,51,Abha,Loyal,2024-01-10
C02444,Customer 02444,Female,45,Jeddah,Returning,2026-03-12
C02445,Customer 02445,Male,60,Makkah,Returning,2024-05-20
C02446,Customer 02446,Female,44,Riyadh,Loyal,2025-01-31
C02447,Customer 02447,Male,25,Dammam,New,2025-02-04
C02448,Customer 02448,Male,24,Abha,Loyal,2024-01-26
C02449,Customer 02449,Male,43,Riyadh,New,2024-11-29
C02450,Customer 02450,Male,65,Abha,Returning,2025-11-08
C02451,Customer 02451,Female,29,Abha,Loyal,2025-07-25
C02452,Customer 02452,Male,28,Madinah,Returning,2024-10-06
C02453,Customer 02453,Female,45,Riyadh,New,2025-04-29
C02454,Customer 02454,Male,63,Khobar,New,2025-06-02
C02455,Customer 02455,Male,22,Riyadh,Returning,2025-10-27
C02456,Customer 02456,Male,30,Jeddah,Loyal,2025-01-31
C02457,Customer 02457,Female,59,Jeddah,New,2026-01-20
C02458,Customer 02458,Male,39,Dammam,Loyal,2025-12-09
C02459,Customer 02459,Female,26,Abha,Returning,2024-02-02
C02460,Customer 02460,Male,51,Riyadh,New,2025-11-16
C02461,Customer 02461,Female,58,Khobar,Returning,2024-11-21
C02462,Customer 02462,Female,32,Makkah,New,2026-03-27
C02463,Customer 02463,Female,52,Riyadh,New,2025-10-27
C02464,Customer 02464,Male,45,Riyadh,Returning,2024-08-02
C02465,Customer 02465,Female,52,Dammam,Returning,2026-04-30
C02466,Customer 02466,Female,52,Khobar,New,2026-04-24
C02467,Customer 02467,Female,35,Jeddah,Returning,2025-12-01
C02468,Customer 02468,Female,47,Riyadh,Returning,2026-04-15
C02469,Customer 02469,Female,61,Khobar,Loyal,2024-06-19
C02470,Customer 02470,Female,30,Abha,Returning,2024-09-29
C02471,Customer 02471,Male,20,Jeddah,Loyal,2024-10-10
C02472,Customer 02472,Male,31,Riyadh,New,2024-11-05
C02473,Customer 02473,Female,34,Madinah,Returning,2025-07-30
C02474,Customer 02474,Female,30,Khobar,New,2024-05-04
C02475,Customer 02475,Female,22,Khobar,Returning,2024-07-17
C02476,Customer 02476,Female,45,Madinah,Loyal,2024-07-21
C02477,Customer 02477,Male,64,Dammam,Loyal,2025-07-22
C02478,Customer 02478,Male,29,Abha,Returning,2025-09-05
C02479,Customer 02479,Male,44,Makkah,New,2024-10-03
C02480,Customer 02480,Female,36,Khobar,Returning,2025-12-10
C02481,Customer 02481,Male,64,Makkah,New,2024-05-24
C02482,Customer 02482,Female,64,Abha,Returning,2024-07-29
C02483,Customer 02483,Female,43,Riyadh,New,2026-05-20
C02484,Customer 02484,Female,48,Madinah,Returning,2025-11-04
C02485,Customer 02485,Female,36,Riyadh,New,2026-05-15
C02486,Customer 02486,Male,42,Khobar,New,2025-04-26
C02487,Customer 02487,Male,62,Jeddah,Returning,2025-08-24
C02488,Customer 02488,Female,47,Makkah,Loyal,2024-06-19
C02489,Customer 02489,Female,58,Khobar,New,2025-07-19
C02490,Customer 02490,Female,61,Abha,Returning,2025-10-15
C02491,Customer 02491,Male,28,Abha,Returning,2026-04-25
C02492,Customer 02492,Male,19,Dammam,Loyal,2026-02-01
C02493,Customer 02493,Male,46,Madinah,Returning,2026-06-13
C02494,Customer 02494,Female,37,Abha,Returning,2026-01-28
C02495,Customer 02495,Female,64,Dammam,Returning,2024-05-02
C02496,Customer 02496,Male,50,Abha,Returning,2024-07-27
C02497,Customer 02497,Female,21,Jeddah,Loyal,2024-05-27
C02498,Customer 02498,Male,37,Jeddah,Loyal,2026-05-03
C02499,Customer 02499,Female,55,Khobar,Returning,2024-04-06
C02500,Customer 02500,Female,30,Riyadh,New,2025-12-26
C02501,Customer 02501,Female,25,Riyadh,Loyal,2025-01-27
C02502,Customer 02502,Female,29,Riyadh,New,2025-07-05
C02503,Customer 02503,Male,47,Dammam,Loyal,2024-01-07
C02504,Customer 02504,Female,62,Khobar,Returning,2025-05-30
C02505,Customer 02505,Female,35,Abha,New,2024-01-30
C02506,Customer 02506,Female,65,Riyadh,Returning,2024-01-26
C02507,Customer 02507,Male,26,Dammam,New,2025-12-11
C02508,Customer 02508,Male,36,Makkah,New,2025-04-11
C02509,Customer 02509,Female,24,Jeddah,Returning,2025-07-01
C02510,Customer 02510,Female,51,Jeddah,New,2025-04-27
C02511,Customer 02511,Female,29,Madinah,Loyal,2024-01-09
C02512,Customer 02512,Female,35,Jeddah,New,2025-11-06
C02513,Customer 02513,Female,63,Dammam,Returning,2025-06-06
C02514,Customer 02514,Female,62,Madinah,New,2025-08-17
C02515,Customer 02515,Male,34,Abha,Returning,2024-12-14
C02516,Customer 02516,Male,64,Dammam,Returning,2026-03-17
C02517,Customer 02517,Female,35,Madinah,Returning,2026-02-08
C02518,Customer 02518,Male,62,Abha,Returning,2025-04-14
C02519,Customer 02519,Female,46,Jeddah,Returning,2024-04-08
C02520,Customer 02520,Male,23,Madinah,New,2024-05-10
C02521,Customer 02521,Male,61,Dammam,Returning,2025-10-23
C02522,Customer 02522,Male,53,Khobar,Loyal,2024-04-08
C02523,Customer 02523,Male,18,Abha,Returning,2025-12-14
C02524,Customer 02524,Male,50,Khobar,New,2026-04-24
C02525,Customer 02525,Male,34,Jeddah,Returning,2024-05-12
C02526,Customer 02526,Female,28,Khobar,Returning,2025-11-15
C02527,Customer 02527,Female,23,Abha,Returning,2025-01-12
C02528,Customer 02528,Female,35,Madinah,Loyal,2026-01-13
C02529,Customer 02529,Male,33,Dammam,New,2024-06-01
C02530,Customer 02530,Female,27,Khobar,Returning,2024-11-19
C02531,Customer 02531,Male,59,Jeddah,Returning,2025-11-21
C02532,Customer 02532,Male,19,Khobar,Returning,2026-04-18
C02533,Customer 02533,Male,63,Abha,Loyal,2025-11-12
C02534,Customer 02534,Female,51,Abha,Returning,2025-08-11
C02535,Customer 02535,Female,40,Abha,New,2024-03-21
C02536,Customer 02536,Male,21,Khobar,Returning,2024-06-03
C02537,Customer 02537,Male,50,Riyadh,Loyal,2024-11-28
C02538,Customer 02538,Male,37,Jeddah,Returning,2025-03-06
C02539,Customer 02539,Male,45,Riyadh,Returning,2026-04-10
C02540,Customer 02540,Female,57,Makkah,Returning,2024-10-01
C02541,Customer 02541,Male,24,Abha,New,2024-01-11
C02542,Customer 02542,Female,61,Madinah,Loyal,2025-10-18
C02543,Customer 02543,Female,27,Abha,Returning,2025-07-31
C02544,Customer 02544,Female,50,Jeddah,New,2025-01-08
C02545,Customer 02545,Female,25,Jeddah,New,2025-09-23
C02546,Customer 02546,Female,41,Makkah,Returning,2024-12-08
C02547,Customer 02547,Female,65,Khobar,New,2024-10-03
C02548,Customer 02548,Male,34,Makkah,New,2024-10-26
C02549,Customer 02549,Male,44,Dammam,New,2026-03-09
C02550,Customer 02550,Female,48,Riyadh,Returning,2024-07-18
C02551,Customer 02551,Male,58,Riyadh,Returning,2024-12-15
C02552,Customer 02552,Male,41,Madinah,Returning,2024-08-28
C02553,Customer 02553,Male,33,Abha,New,2024-11-01
C02554,Customer 02554,Male,64,Jeddah,Returning,2025-05-23
C02555,Customer 02555,Male,45,Madinah,Returning,2024-04-12
C02556,Customer 02556,Male,39,Dammam,Returning,2025-01-11
C02557,Customer 02557,Female,43,Jeddah,Returning,2025-10-10
C02558,Customer 02558,Female,65,Khobar,Loyal,2025-01-22
C02559,Customer 02559,Female,26,Madinah,Returning,2025-04-13
C02560,Customer 02560,Male,62,Madinah,Loyal,2024-09-25
C02561,Customer 02561,Female,52,Dammam,Loyal,2025-09-07
C02562,Customer 02562,Female,50,Khobar,Returning,2024-11-18
C02563,Customer 02563,Female,32,Madinah,New,2024-09-20
C02564,Customer 02564,Male,63,Madinah,Loyal,2024-06-10
C02565,Customer 02565,Female,22,Jeddah,Returning,2024-01-14
C02566,Customer 02566,Male,49,Makkah,Loyal,2024-05-12
C02567,Customer 02567,Male,44,Dammam,Loyal,2025-05-19
C02568,Customer 02568,Male,64,Makkah,Returning,2024-06-07
C02569,Customer 02569,Female,19,Riyadh,Loyal,2025-02-06
C02570,Customer 02570,Male,54,Abha,Loyal,2024-09-09
C02571,Customer 02571,Male,56,Dammam,Loyal,2024-06-16
C02572,Customer 02572,Male,54,Abha,Returning,2024-01-09
C02573,Customer 02573,Male,37,Makkah,Loyal,2025-11-28
C02574,Customer 02574,Male,38,Jeddah,Returning,2024-09-23
C02575,Customer 02575,Male,56,Dammam,Loyal,2025-06-17
C02576,Customer 02576,Male,25,Khobar,Loyal,2025-03-29
C02577,Customer 02577,Female,21,Makkah,Loyal,2024-09-25
C02578,Customer 02578,Female,49,Makkah,Returning,2024-01-31
C02579,Customer 02579,Female,49,Makkah,Returning,2024-11-15
C02580,Customer 02580,Male,49,Riyadh,Returning,2024-01-20
C02581,Customer 02581,Male,42,Jeddah,Returning,2025-11-12
C02582,Customer 02582,Male,39,Dammam,Loyal,2025-12-29
C02583,Customer 02583,Male,19,Abha,Returning,2024-12-15
C02584,Customer 02584,Male,56,Makkah,Returning,2024-02-23
C02585,Customer 02585,Male,56,Abha,New,2026-01-17
C02586,Customer 02586,Female,57,Madinah,Returning,2024-12-04
C02587,Customer 02587,Male,58,Madinah,Loyal,2025-11-23
C02588,Customer 02588,Male,56,Dammam,Returning,2024-11-02
C02589,Customer 02589,Female,62,Makkah,Returning,2024-01-04
C02590,Customer 02590,Male,47,Khobar,Returning,2024-01-12
C02591,Customer 02591,Male,61,Riyadh,Returning,2024-11-22
C02592,Customer 02592,Male,18,Khobar,Loyal,2025-12-15
C02593,Customer 02593,Male,46,Khobar,Returning,2024-11-03
C02594,Customer 02594,Female,45,Dammam,New,2024-08-09
C02595,Customer 02595,Female,59,Makkah,Returning,2024-09-11
C02596,Customer 02596,Male,42,Abha,Loyal,2025-05-30
C02597,Customer 02597,Male,44,Jeddah,Loyal,2024-07-26
C02598,Customer 02598,Female,44,Khobar,New,2025-03-03
C02599,Customer 02599,Male,35,Riyadh,Loyal,2025-03-17
C02600,Customer 02600,Female,24,Dammam,Loyal,2024-02-03
C02601,Customer 02601,Male,51,Riyadh,Returning,2025-10-18
C02602,Customer 02602,Male,48,Madinah,New,2026-04-01
C02603,Customer 02603,Male,62,Khobar,Returning,2025-07-24
C02604,Customer 02604,Male,23,Abha,Loyal,2025-10-30
C02605,Customer 02605,Male,30,Riyadh,New,2025-05-29
C02606,Customer 02606,Male,33,Dammam,Loyal,2026-01-30
C02607,Customer 02607,Female,42,Makkah,Returning,2026-03-26
C02608,Customer 02608,Female,53,Khobar,Returning,2024-10-29
C02609,Customer 02609,Female,49,Dammam,Loyal,2025-05-29
C02610,Customer 02610,Female,56,Riyadh,New,2024-11-11
C02611,Customer 02611,Female,53,Khobar,Returning,2026-03-29
C02612,Customer 02612,Female,32,Khobar,New,2026-05-09
C02613,Customer 02613,Male,29,Riyadh,Returning,2025-02-17
C02614,Customer 02614,Female,61,Madinah,Returning,2026-01-15
C02615,Customer 02615,Female,56,Riyadh,Returning,2025-10-10
C02616,Customer 02616,Female,56,Khobar,Returning,2025-02-01
C02617,Customer 02617,Male,43,Dammam,New,2025-07-25
C02618,Customer 02618,Female,47,Riyadh,New,2025-02-13
C02619,Customer 02619,Male,35,Jeddah,Returning,2024-09-27
C02620,Customer 02620,Male,58,Jeddah,Returning,2025-03-10
C02621,Customer 02621,Female,39,Riyadh,Returning,2026-05-16
C02622,Customer 02622,Female,43,Jeddah,New,2024-12-12
C02623,Customer 02623,Female,39,Dammam,New,2024-10-13
C02624,Customer 02624,Male,49,Khobar,Returning,2025-08-15
C02625,Customer 02625,Male,37,Jeddah,Returning,2025-11-16
C02626,Customer 02626,Female,32,Riyadh,Loyal,2025-02-19
C02627,Customer 02627,Female,38,Madinah,New,2024-02-01
C02628,Customer 02628,Male,30,Madinah,New,2024-08-13
C02629,Customer 02629,Male,53,Riyadh,Returning,2026-02-13
C02630,Customer 02630,Female,23,Madinah,Returning,2025-11-14
C02631,Customer 02631,Female,50,Dammam,New,2026-02-23
C02632,Customer 02632,Male,62,Jeddah,Returning,2024-04-26
C02633,Customer 02633,Male,50,Madinah,Returning,2026-01-08
C02634,Customer 02634,Male,32,Abha,Loyal,2024-08-17
C02635,Customer 02635,Female,59,Abha,Returning,2024-10-26
C02636,Customer 02636,Male,18,Dammam,Returning,2025-02-19
C02637,Customer 02637,Male,40,Jeddah,New,2025-10-31
C02638,Customer 02638,Male,43,Jeddah,New,2024-04-27
C02639,Customer 02639,Male,65,Makkah,New,2024-06-21
C02640,Customer 02640,Female,33,Riyadh,Returning,2025-07-25
C02641,Customer 02641,Female,29,Jeddah,Returning,2024-01-12
C02642,Customer 02642,Female,33,Dammam,Loyal,2026-02-17
C02643,Customer 02643,Male,23,Dammam,Returning,2024-09-27
C02644,Customer 02644,Female,26,Riyadh,Returning,2024-02-03
C02645,Customer 02645,Male,38,Abha,New,2024-12-07
C02646,Customer 02646,Male,65,Khobar,Loyal,2026-02-07
C02647,Customer 02647,Female,49,Makkah,Returning,2025-03-20
C02648,Customer 02648,Male,46,Dammam,Loyal,2024-03-17
C02649,Customer 02649,Male,34,Jeddah,Loyal,2025-02-13
C02650,Customer 02650,Female,24,Dammam,Returning,2024-02-01
C02651,Customer 02651,Female,50,Riyadh,Loyal,2025-08-25
C02652,Customer 02652,Female,24,Riyadh,Returning,2025-07-10
C02653,Customer 02653,Male,59,Dammam,New,2025-10-23
C02654,Customer 02654,Male,55,Dammam,New,2024-05-29
C02655,Customer 02655,Male,57,Jeddah,Returning,2025-05-28
C02656,Customer 02656,Female,18,Riyadh,New,2024-04-04
C02657,Customer 02657,Male,41,Madinah,New,2025-02-23
C02658,Customer 02658,Male,25,Makkah,New,2025-01-17
C02659,Customer 02659,Male,44,Riyadh,New,2025-09-21
C02660,Customer 02660,Male,40,Dammam,Returning,2025-06-08
C02661,Customer 02661,Male,19,Makkah,New,2024-06-06
C02662,Customer 02662,Female,52,Madinah,New,2024-12-14
C02663,Customer 02663,Male,52,Jeddah,New,2025-09-17
C02664,Customer 02664,Female,27,Dammam,New,2024-03-22
C02665,Customer 02665,Male,19,Khobar,Loyal,2024-09-18
C02666,Customer 02666,Female,52,Abha,Loyal,2025-08-31
C02667,Customer 02667,Male,62,Makkah,Loyal,2025-08-30
C02668,Customer 02668,Male,24,Jeddah,Returning,2024-04-09
C02669,Customer 02669,Male,43,Jeddah,Returning,2025-10-31
C02670,Customer 02670,Female,54,Khobar,New,2025-11-09
C02671,Customer 02671,Female,34,Abha,Loyal,2025-12-07
C02672,Customer 02672,Male,18,Dammam,Returning,2025-08-23
C02673,Customer 02673,Male,52,Abha,Returning,2025-10-20
C02674,Customer 02674,Female,51,Madinah,Loyal,2024-01-03
C02675,Customer 02675,Male,44,Abha,Returning,2025-02-13
C02676,Customer 02676,Male,55,Abha,Loyal,2024-10-20
C02677,Customer 02677,Male,29,Khobar,New,2025-03-18
C02678,Customer 02678,Female,36,Riyadh,New,2026-03-31
C02679,Customer 02679,Female,22,Jeddah,New,2024-05-17
C02680,Customer 02680,Female,37,Abha,Returning,2024-04-07
C02681,Customer 02681,Male,65,Khobar,Returning,2025-07-15
C02682,Customer 02682,Female,22,Khobar,Loyal,2025-05-15
C02683,Customer 02683,Male,54,Makkah,Returning,2024-02-29
C02684,Customer 02684,Female,39,Makkah,Loyal,2024-09-28
C02685,Customer 02685,Male,29,Jeddah,Returning,2024-12-26
C02686,Customer 02686,Female,63,Makkah,New,2025-03-06
C02687,Customer 02687,Female,29,Jeddah,Returning,2024-03-15
C02688,Customer 02688,Female,33,Dammam,Loyal,2025-12-23
C02689,Customer 02689,Female,59,Riyadh,Returning,2025-05-14
C02690,Customer 02690,Male,44,Madinah,Returning,2025-03-03
C02691,Customer 02691,Male,46,Madinah,New,2024-09-26
C02692,Customer 02692,Male,26,Riyadh,Returning,2025-10-27
C02693,Customer 02693,Female,28,Khobar,Loyal,2024-06-30
C02694,Customer 02694,Female,19,Abha,Loyal,2024-08-24
C02695,Customer 02695,Female,60,Khobar,Loyal,2024-12-11
C02696,Customer 02696,Female,46,Dammam,Loyal,2025-06-16
C02697,Customer 02697,Female,33,Dammam,Loyal,2025-05-09
C02698,Customer 02698,Male,55,Riyadh,Loyal,2024-02-21
C02699,Customer 02699,Female,37,Jeddah,Returning,2025-11-08
C02700,Customer 02700,Female,60,Khobar,Loyal,2024-02-13
C02701,Customer 02701,Female,63,Makkah,New,2025-10-13
C02702,Customer 02702,Male,21,Jeddah,Returning,2025-05-08
C02703,Customer 02703,Male,45,Madinah,Returning,2024-11-09
C02704,Customer 02704,Male,49,Makkah,Returning,2026-04-24
C02705,Customer 02705,Male,51,Madinah,New,2024-12-22
C02706,Customer 02706,Female,25,Dammam,Returning,2024-10-23
C02707,Customer 02707,Female,46,Jeddah,Loyal,2024-07-19
C02708,Customer 02708,Male,56,Abha,Loyal,2024-09-03
C02709,Customer 02709,Female,25,Riyadh,New,2025-10-21
C02710,Customer 02710,Female,44,Dammam,New,2024-09-24
C02711,Customer 02711,Male,63,Jeddah,New,2024-10-15
C02712,Customer 02712,Female,28,Makkah,Returning,2026-05-20
C02713,Customer 02713,Male,46,Dammam,New,2025-03-31
C02714,Customer 02714,Male,22,Dammam,Returning,2025-02-27
C02715,Customer 02715,Female,49,Makkah,Returning,2024-05-29
C02716,Customer 02716,Male,18,Riyadh,Loyal,2024-12-14
C02717,Customer 02717,Female,32,Abha,Loyal,2024-02-13
C02718,Customer 02718,Female,26,Madinah,Returning,2024-05-11
C02719,Customer 02719,Male,62,Riyadh,Returning,2024-04-17
C02720,Customer 02720,Male,41,Riyadh,New,2025-09-28
C02721,Customer 02721,Male,46,Riyadh,Loyal,2025-04-24
C02722,Customer 02722,Female,55,Dammam,Returning,2025-09-25
C02723,Customer 02723,Male,29,Riyadh,Returning,2025-04-16
C02724,Customer 02724,Male,29,Makkah,Returning,2026-05-09
C02725,Customer 02725,Female,26,Khobar,New,2025-01-12
C02726,Customer 02726,Female,55,Riyadh,Returning,2024-10-29
C02727,Customer 02727,Female,29,Abha,Returning,2024-03-12
C02728,Customer 02728,Male,39,Khobar,New,2026-02-04
C02729,Customer 02729,Male,42,Riyadh,Returning,2025-11-03
C02730,Customer 02730,Female,38,Abha,New,2025-09-26
C02731,Customer 02731,Female,28,Khobar,Loyal,2026-03-21
C02732,Customer 02732,Male,37,Makkah,Returning,2024-09-05
C02733,Customer 02733,Male,34,Jeddah,Returning,2025-07-10
C02734,Customer 02734,Male,53,Riyadh,Loyal,2026-01-13
C02735,Customer 02735,Male,34,Madinah,Returning,2026-01-21
C02736,Customer 02736,Female,24,Jeddah,Loyal,2025-07-18
C02737,Customer 02737,Male,64,Makkah,New,2026-02-14
C02738,Customer 02738,Male,38,Madinah,Loyal,2025-08-19
C02739,Customer 02739,Female,23,Jeddah,New,2024-08-25
C02740,Customer 02740,Male,55,Khobar,Returning,2026-04-29
C02741,Customer 02741,Male,52,Khobar,Returning,2025-01-29
C02742,Customer 02742,Male,32,Riyadh,Returning,2025-03-04
C02743,Customer 02743,Male,64,Riyadh,Returning,2025-10-12
C02744,Customer 02744,Male,50,Riyadh,Returning,2025-05-24
C02745,Customer 02745,Male,47,Madinah,New,2026-05-31
C02746,Customer 02746,Male,51,Riyadh,Returning,2025-08-06
C02747,Customer 02747,Male,26,Riyadh,Returning,2025-01-10
C02748,Customer 02748,Female,61,Abha,Returning,2025-03-03
C02749,Customer 02749,Male,36,Dammam,Loyal,2026-01-31
C02750,Customer 02750,Male,32,Jeddah,New,2024-03-15
C02751,Customer 02751,Female,62,Riyadh,Returning,2024-09-20
C02752,Customer 02752,Female,43,Abha,Returning,2024-10-19
C02753,Customer 02753,Female,57,Khobar,Returning,2026-05-28
C02754,Customer 02754,Male,31,Makkah,Loyal,2024-03-04
C02755,Customer 02755,Male,36,Jeddah,Loyal,2026-04-02
C02756,Customer 02756,Male,24,Abha,Returning,2024-02-06
C02757,Customer 02757,Male,62,Abha,Loyal,2024-09-20
C02758,Customer 02758,Female,64,Jeddah,Returning,2025-10-16
C02759,Customer 02759,Male,29,Riyadh,Returning,2025-03-20
C02760,Customer 02760,Male,18,Madinah,Returning,2026-01-03
C02761,Customer 02761,Male,44,Riyadh,Returning,2025-08-13
C02762,Customer 02762,Female,39,Madinah,Returning,2024-03-07
C02763,Customer 02763,Female,32,Jeddah,Loyal,2024-05-17
C02764,Customer 02764,Female,49,Riyadh,Returning,2025-07-14
C02765,Customer 02765,Female,57,Khobar,Returning,2024-08-23
C02766,Customer 02766,Female,61,Madinah,Returning,2026-01-13
C02767,Customer 02767,Female,43,Riyadh,Loyal,2024-01-27
C02768,Customer 02768,Male,19,Khobar,New,2024-11-20
C02769,Customer 02769,Female,62,Makkah,Returning,2024-03-24
C02770,Customer 02770,Female,40,Dammam,Returning,2025-05-13
C02771,Customer 02771,Male,44,Jeddah,Returning,2024-09-22
C02772,Customer 02772,Male,23,Khobar,New,2025-09-28
C02773,Customer 02773,Male,47,Madinah,Returning,2024-01-04
C02774,Customer 02774,Female,30,Makkah,Returning,2025-02-10
C02775,Customer 02775,Female,36,Madinah,New,2024-12-13
C02776,Customer 02776,Female,62,Jeddah,Loyal,2024-09-05
C02777,Customer 02777,Female,62,Jeddah,Returning,2024-07-02
C02778,Customer 02778,Female,19,Riyadh,Loyal,2026-04-09
C02779,Customer 02779,Female,62,Makkah,Returning,2024-06-11
C02780,Customer 02780,Male,27,Dammam,Returning,2024-08-31
C02781,Customer 02781,Male,46,Dammam,Returning,2024-05-07
C02782,Customer 02782,Female,28,Madinah,Returning,2025-09-02
C02783,Customer 02783,Male,50,Jeddah,Returning,2025-05-24
C02784,Customer 02784,Male,57,Dammam,Returning,2025-11-04
C02785,Customer 02785,Male,34,Khobar,Returning,2025-06-03
C02786,Customer 02786,Male,23,Abha,New,2026-03-05
C02787,Customer 02787,Female,22,Jeddah,New,2025-06-22
C02788,Customer 02788,Female,43,Jeddah,Returning,2026-04-12
C02789,Customer 02789,Male,43,Jeddah,New,2026-05-05
C02790,Customer 02790,Male,28,Jeddah,Returning,2026-01-07
C02791,Customer 02791,Female,36,Jeddah,Returning,2024-08-30
C02792,Customer 02792,Male,33,Dammam,Returning,2024-06-02
C02793,Customer 02793,Female,52,Riyadh,Returning,2026-04-26
C02794,Customer 02794,Female,27,Dammam,Returning,2024-10-08
C02795,Customer 02795,Male,36,Khobar,Loyal,2024-01-11
C02796,Customer 02796,Male,41,Abha,Returning,2024-02-27
C02797,Customer 02797,Female,58,Dammam,New,2024-05-07
C02798,Customer 02798,Female,47,Khobar,Loyal,2025-06-24
C02799,Customer 02799,Male,64,Riyadh,Loyal,2026-06-04
C02800,Customer 02800,Male,59,Riyadh,Loyal,2025-09-17
C02801,Customer 02801,Female,47,Dammam,Returning,2024-07-07
C02802,Customer 02802,Male,22,Jeddah,Returning,2024-01-27
C02803,Customer 02803,Female,46,Jeddah,New,2025-01-04
C02804,Customer 02804,Male,41,Jeddah,Returning,2025-11-06
C02805,Customer 02805,Female,24,Khobar,Returning,2024-01-29
C02806,Customer 02806,Male,28,Madinah,Returning,2025-05-05
C02807,Customer 02807,Male,52,Khobar,New,2024-08-31
C02808,Customer 02808,Male,35,Jeddah,New,2024-04-23
C02809,Customer 02809,Female,34,Dammam,Returning,2024-06-22
C02810,Customer 02810,Male,40,Abha,Loyal,2025-11-01
C02811,Customer 02811,Male,23,Riyadh,New,2024-07-07
C02812,Customer 02812,Female,33,Jeddah,Loyal,2024-01-08
C02813,Customer 02813,Male,45,Khobar,Returning,2024-07-10
C02814,Customer 02814,Male,47,Khobar,New,2026-03-26
C02815,Customer 02815,Female,32,Abha,New,2024-12-03
C02816,Customer 02816,Female,19,Dammam,New,2024-12-27
C02817,Customer 02817,Male,65,Khobar,Returning,2024-02-11
C02818,Customer 02818,Male,55,Madinah,New,2025-02-12
C02819,Customer 02819,Female,22,Madinah,Returning,2025-10-27
C02820,Customer 02820,Female,54,Riyadh,Loyal,2025-03-08
C02821,Customer 02821,Female,47,Abha,Loyal,2025-03-04
C02822,Customer 02822,Female,40,Madinah,Returning,2026-04-24
C02823,Customer 02823,Male,30,Madinah,Returning,2024-07-15
C02824,Customer 02824,Male,45,Dammam,New,2024-08-30
C02825,Customer 02825,Female,41,Abha,New,2025-05-05
C02826,Customer 02826,Male,39,Abha,Returning,2024-01-25
C02827,Customer 02827,Male,58,Abha,Returning,2026-04-16
C02828,Customer 02828,Female,29,Riyadh,Returning,2024-01-09
C02829,Customer 02829,Male,36,Abha,New,2025-01-23
C02830,Customer 02830,Female,18,Jeddah,Returning,2026-03-14
C02831,Customer 02831,Male,65,Khobar,Loyal,2025-10-12
C02832,Customer 02832,Male,64,Jeddah,Returning,2024-03-08
C02833,Customer 02833,Female,50,Jeddah,New,2026-05-31
C02834,Customer 02834,Female,65,Khobar,Loyal,2025-12-09
C02835,Customer 02835,Female,36,Riyadh,New,2025-07-30
C02836,Customer 02836,Male,46,Abha,Loyal,2025-11-20
C02837,Customer 02837,Female,32,Riyadh,Returning,2024-07-16
C02838,Customer 02838,Male,55,Jeddah,Loyal,2024-01-06
C02839,Customer 02839,Male,41,Khobar,New,2025-11-16
C02840,Customer 02840,Male,35,Khobar,Returning,2025-03-05
C02841,Customer 02841,Female,35,Khobar,Returning,2024-06-02
C02842,Customer 02842,Female,29,Riyadh,Returning,2025-06-08
C02843,Customer 02843,Male,55,Khobar,Loyal,2024-06-24
C02844,Customer 02844,Male,43,Dammam,Loyal,2024-08-31
C02845,Customer 02845,Male,38,Madinah,Loyal,2025-01-27
C02846,Customer 02846,Male,51,Abha,Loyal,2024-12-18
C02847,Customer 02847,Female,52,Riyadh,Returning,2025-10-22
C02848,Customer 02848,Male,61,Makkah,Loyal,2024-08-13
C02849,Customer 02849,Female,54,Abha,Loyal,2024-04-02
C02850,Customer 02850,Female,46,Madinah,New,2025-08-26
C02851,Customer 02851,Female,20,Riyadh,Returning,2026-06-03
C02852,Customer 02852,Male,63,Makkah,Loyal,2025-02-06
C02853,Customer 02853,Male,26,Jeddah,Returning,2024-06-19
C02854,Customer 02854,Male,59,Madinah,Returning,2026-05-14
C02855,Customer 02855,Female,21,Riyadh,Returning,2024-04-04
C02856,Customer 02856,Male,51,Abha,New,2024-07-15
C02857,Customer 02857,Female,36,Makkah,New,2025-10-17
C02858,Customer 02858,Female,49,Jeddah,New,2024-09-20
C02859,Customer 02859,Female,35,Khobar,New,2026-01-29
C02860,Customer 02860,Female,18,Makkah,Returning,2025-05-05
C02861,Customer 02861,Female,62,Makkah,Returning,2026-04-10
C02862,Customer 02862,Male,28,Abha,Returning,2024-04-04
C02863,Customer 02863,Female,45,Khobar,New,2024-07-15
C02864,Customer 02864,Female,60,Dammam,Returning,2026-05-04
C02865,Customer 02865,Male,22,Jeddah,Returning,2024-05-08
C02866,Customer 02866,Male,24,Makkah,Returning,2026-05-24
C02867,Customer 02867,Male,43,Abha,Returning,2026-05-12
C02868,Customer 02868,Female,20,Riyadh,Returning,2024-02-12
C02869,Customer 02869,Female,20,Makkah,Returning,2024-01-22
C02870,Customer 02870,Male,49,Dammam,Loyal,2025-01-13
C02871,Customer 02871,Male,44,Abha,Returning,2025-08-04
C02872,Customer 02872,Female,20,Jeddah,New,2025-06-09
C02873,Customer 02873,Female,27,Dammam,Returning,2024-01-14
C02874,Customer 02874,Female,37,Jeddah,Loyal,2026-05-29
C02875,Customer 02875,Female,19,Abha,Loyal,2025-01-20
C02876,Customer 02876,Female,34,Madinah,Returning,2024-08-04
C02877,Customer 02877,Female,32,Riyadh,Loyal,2024-02-28
C02878,Customer 02878,Male,47,Riyadh,New,2025-10-27
C02879,Customer 02879,Female,39,Riyadh,Returning,2025-05-23
C02880,Customer 02880,Female,54,Jeddah,New,2024-12-22
C02881,Customer 02881,Female,57,Dammam,Loyal,2024-02-05
C02882,Customer 02882,Female,60,Riyadh,New,2024-03-29
C02883,Customer 02883,Male,64,Riyadh,Returning,2026-02-13
C02884,Customer 02884,Male,65,Makkah,New,2024-05-11
C02885,Customer 02885,Male,26,Jeddah,Returning,2024-11-18
C02886,Customer 02886,Male,41,Khobar,Loyal,2024-02-03
C02887,Customer 02887,Female,42,Abha,Loyal,2024-10-29
C02888,Customer 02888,Female,29,Riyadh,New,2024-11-13
C02889,Customer 02889,Male,58,Dammam,Returning,2024-04-22
C02890,Customer 02890,Female,53,Riyadh,Returning,2024-11-07
C02891,Customer 02891,Female,59,Khobar,Loyal,2026-05-10
C02892,Customer 02892,Female,49,Riyadh,Returning,2025-01-20
C02893,Customer 02893,Female,40,Madinah,Returning,2024-09-29
C02894,Customer 02894,Female,41,Abha,New,2024-12-13
C02895,Customer 02895,Male,49,Khobar,Returning,2025-09-22
C02896,Customer 02896,Female,29,Jeddah,Loyal,2025-03-22
C02897,Customer 02897,Female,44,Abha,Returning,2025-02-02
C02898,Customer 02898,Male,43,Madinah,Loyal,2024-02-29
C02899,Customer 02899,Male,19,Makkah,Returning,2024-12-30
C02900,Customer 02900,Male,47,Riyadh,Loyal,2025-05-07
C02901,Customer 02901,Female,39,Riyadh,Returning,2024-11-25
C02902,Customer 02902,Female,41,Riyadh,New,2025-11-16
C02903,Customer 02903,Female,39,Madinah,Loyal,2024-06-21
C02904,Customer 02904,Female,31,Khobar,Loyal,2024-09-02
C02905,Customer 02905,Female,26,Makkah,Returning,2024-06-09
C02906,Customer 02906,Female,51,Makkah,Returning,2025-03-13
C02907,Customer 02907,Female,31,Dammam,Returning,2025-09-03
C02908,Customer 02908,Female,29,Riyadh,Returning,2024-07-02
C02909,Customer 02909,Female,30,Dammam,Loyal,2025-02-22
C02910,Customer 02910,Male,43,Jeddah,New,2025-06-16
C02911,Customer 02911,Female,26,Riyadh,Returning,2024-12-09
C02912,Customer 02912,Male,60,Dammam,New,2024-04-09
C02913,Customer 02913,Male,25,Riyadh,Loyal,2024-06-29
C02914,Customer 02914,Female,27,Khobar,Returning,2026-04-14
C02915,Customer 02915,Male,28,Madinah,Returning,2026-06-07
C02916,Customer 02916,Male,18,Riyadh,New,2026-04-03
C02917,Customer 02917,Female,64,Dammam,Returning,2026-03-11
C02918,Customer 02918,Female,33,Madinah,Returning,2026-05-01
C02919,Customer 02919,Female,35,Makkah,Loyal,2024-04-19
C02920,Customer 02920,Female,53,Madinah,New,2026-05-28
C02921,Customer 02921,Female,42,Jeddah,Loyal,2025-11-17
C02922,Customer 02922,Female,37,Madinah,Loyal,2024-05-16
C02923,Customer 02923,Male,46,Dammam,New,2024-05-13
C02924,Customer 02924,Female,21,Abha,New,2025-11-22
C02925,Customer 02925,Female,28,Dammam,Returning,2025-10-16
C02926,Customer 02926,Female,48,Madinah,New,2026-04-17
C02927,Customer 02927,Male,48,Khobar,Returning,2025-09-14
C02928,Customer 02928,Female,52,Makkah,New,2024-05-24
C02929,Customer 02929,Female,38,Riyadh,New,2024-01-16
C02930,Customer 02930,Female,26,Makkah,Loyal,2026-01-12
C02931,Customer 02931,Male,35,Dammam,Returning,2026-04-07
C02932,Customer 02932,Male,61,Abha,Returning,2026-02-09
C02933,Customer 02933,Female,42,Abha,New,2026-04-17
C02934,Customer 02934,Female,42,Jeddah,New,2025-04-23
C02935,Customer 02935,Female,30,Jeddah,Returning,2024-01-01
C02936,Customer 02936,Female,64,Makkah,Returning,2024-03-14
C02937,Customer 02937,Male,35,Abha,Loyal,2024-09-22
C02938,Customer 02938,Female,51,Riyadh,New,2024-05-28
C02939,Customer 02939,Female,63,Khobar,Returning,2025-03-17
C02940,Customer 02940,Female,46,Jeddah,New,2024-09-20
C02941,Customer 02941,Male,51,Khobar,Returning,2025-04-06
C02942,Customer 02942,Female,62,Khobar,New,2024-05-28
C02943,Customer 02943,Male,22,Jeddah,New,2024-03-02
C02944,Customer 02944,Female,35,Madinah,Returning,2024-06-02
C02945,Customer 02945,Male,50,Makkah,Returning,2024-07-10
C02946,Customer 02946,Female,20,Makkah,Returning,2026-01-08
C02947,Customer 02947,Female,44,Khobar,New,2025-08-28
C02948,Customer 02948,Male,21,Dammam,Returning,2025-08-19
C02949,Customer 02949,Female,49,Jeddah,Returning,2024-08-24
C02950,Customer 02950,Male,20,Abha,Returning,2025-06-26
C02951,Customer 02951,Male,50,Riyadh,New,2025-07-02
C02952,Customer 02952,Male,52,Riyadh,New,2026-05-13
C02953,Customer 02953,Female,57,Makkah,Loyal,2024-11-01
C02954,Customer 02954,Female,33,Jeddah,Returning,2026-03-13
C02955,Customer 02955,Male,24,Khobar,Returning,2025-02-14
C02956,Customer 02956,Male,61,Jeddah,Returning,2026-04-30
C02957,Customer 02957,Male,41,Riyadh,New,2025-12-30
C02958,Customer 02958,Female,52,Madinah,Returning,2024-06-11
C02959,Customer 02959,Male,27,Abha,Returning,2026-06-02
C02960,Customer 02960,Female,26,Abha,Loyal,2025-02-01
C02961,Customer 02961,Male,43,Riyadh,Loyal,2024-06-29
C02962,Customer 02962,Female,63,Madinah,Returning,2026-03-02
C02963,Customer 02963,Male,29,Dammam,New,2024-05-16
C02964,Customer 02964,Female,18,Jeddah,New,2024-05-07
C02965,Customer 02965,Female,52,Khobar,New,2025-10-28
C02966,Customer 02966,Female,63,Dammam,Returning,2025-11-04
C02967,Customer 02967,Male,51,Riyadh,New,2024-01-14
C02968,Customer 02968,Female,63,Riyadh,Returning,2026-06-02
C02969,Customer 02969,Male,64,Abha,New,2025-10-16
C02970,Customer 02970,Female,48,Dammam,New,2026-06-18
C02971,Customer 02971,Male,56,Madinah,Returning,2025-12-13
C02972,Customer 02972,Female,52,Abha,New,2026-03-02
C02973,Customer 02973,Male,22,Khobar,Loyal,2025-11-21
C02974,Customer 02974,Male,38,Makkah,Returning,2024-08-01
C02975,Customer 02975,Female,39,Jeddah,Loyal,2026-03-11
C02976,Customer 02976,Female,25,Dammam,Returning,2024-01-19
C02977,Customer 02977,Male,57,Makkah,Returning,2025-02-16
C02978,Customer 02978,Male,62,Madinah,Returning,2025-07-26
C02979,Customer 02979,Female,54,Dammam,New,2025-01-01
C02980,Customer 02980,Female,21,Makkah,Returning,2024-08-28
C02981,Customer 02981,Female,65,Khobar,Loyal,2025-12-26
C02982,Customer 02982,Female,31,Riyadh,Loyal,2025-03-28
C02983,Customer 02983,Male,43,Makkah,Returning,2025-05-15
C02984,Customer 02984,Male,46,Riyadh,Returning,2025-02-18
C02985,Customer 02985,Male,37,Jeddah,Returning,2024-08-31
C02986,Customer 02986,Male,63,Khobar,Returning,2025-06-26
C02987,Customer 02987,Female,18,Khobar,Loyal,2025-10-15
C02988,Customer 02988,Male,22,Makkah,New,2024-02-21
C02989,Customer 02989,Male,26,Jeddah,Returning,2025-08-29
C02990,Customer 02990,Male,44,Dammam,Returning,2026-02-02
C02991,Customer 02991,Male,38,Riyadh,New,2024-10-10
C02992,Customer 02992,Female,21,Dammam,New,2024-07-14
C02993,Customer 02993,Male,31,Jeddah,Returning,2024-10-15
C02994,Customer 02994,Female,54,Dammam,Loyal,2025-09-21
C02995,Customer 02995,Male,47,Makkah,Loyal,2025-03-26
C02996,Customer 02996,Male,59,Jeddah,Loyal,2025-09-02
C02997,Customer 02997,Male,41,Madinah,New,2025-07-28
C02998,Customer 02998,Female,58,Madinah,New,2024-02-24
C02999,Customer 02999,Male,65,Dammam,Returning,2024-02-13
C03000,Customer 03000,Male,47,Dammam,Loyal,2024-02-27
C03001,Customer 03001,Female,30,Riyadh,Returning,2025-10-27
C03002,Customer 03002,Female,32,Madinah,Returning,2025-12-20
C03003,Customer 03003,Female,26,Dammam,New,2025-07-27
C03004,Customer 03004,Female,19,Madinah,New,2024-10-29
C03005,Customer 03005,Male,49,Riyadh,Returning,2025-02-17
C03006,Customer 03006,Female,45,Jeddah,Returning,2025-11-02
C03007,Customer 03007,Female,56,Jeddah,Returning,2026-06-04
C03008,Customer 03008,Female,58,Dammam,New,2024-08-03
C03009,Customer 03009,Male,60,Khobar,Returning,2025-12-26
C03010,Customer 03010,Female,46,Khobar,Returning,2026-05-31
C03011,Customer 03011,Male,43,Jeddah,New,2025-10-25
C03012,Customer 03012,Female,60,Makkah,New,2024-01-19
C03013,Customer 03013,Female,32,Khobar,Returning,2024-02-22
C03014,Customer 03014,Female,30,Khobar,Returning,2024-12-22
C03015,Customer 03015,Female,22,Dammam,Returning,2025-05-24
C03016,Customer 03016,Female,52,Jeddah,Returning,2025-02-15
C03017,Customer 03017,Female,23,Riyadh,New,2024-08-06
C03018,Customer 03018,Male,51,Abha,Loyal,2024-12-31
C03019,Customer 03019,Male,42,Abha,Returning,2025-10-14
C03020,Customer 03020,Male,42,Jeddah,Returning,2025-01-30
C03021,Customer 03021,Female,36,Madinah,New,2025-08-31
C03022,Customer 03022,Male,29,Madinah,New,2024-09-17
C03023,Customer 03023,Female,20,Abha,New,2024-07-09
C03024,Customer 03024,Male,18,Abha,Returning,2026-04-29
C03025,Customer 03025,Female,37,Riyadh,New,2025-05-01
C03026,Customer 03026,Male,51,Riyadh,Returning,2024-08-21
C03027,Customer 03027,Male,59,Riyadh,Returning,2024-07-02
C03028,Customer 03028,Male,39,Jeddah,Loyal,2025-12-10
C03029,Customer 03029,Male,36,Makkah,Returning,2025-08-08
C03030,Customer 03030,Male,64,Dammam,New,2024-06-28
C03031,Customer 03031,Female,18,Abha,Returning,2024-03-26
C03032,Customer 03032,Female,57,Abha,Loyal,2025-09-22
C03033,Customer 03033,Male,39,Madinah,Returning,2025-02-24
C03034,Customer 03034,Male,61,Abha,Returning,2026-01-26
C03035,Customer 03035,Male,42,Madinah,Loyal,2024-06-22
C03036,Customer 03036,Female,52,Madinah,Returning,2024-01-23
C03037,Customer 03037,Male,18,Dammam,New,2025-01-09
C03038,Customer 03038,Female,58,Jeddah,Loyal,2025-02-22
C03039,Customer 03039,Female,28,Abha,New,2026-06-15
C03040,Customer 03040,Female,28,Makkah,Returning,2026-06-04
C03041,Customer 03041,Male,36,Makkah,Returning,2024-01-13
C03042,Customer 03042,Male,30,Abha,Returning,2025-06-30
C03043,Customer 03043,Male,25,Abha,New,2025-04-23
C03044,Customer 03044,Female,49,Khobar,Returning,2024-11-10
C03045,Customer 03045,Female,42,Riyadh,New,2025-06-09
C03046,Customer 03046,Male,20,Dammam,Loyal,2025-09-29
C03047,Customer 03047,Female,38,Khobar,New,2024-10-06
C03048,Customer 03048,Male,25,Dammam,Loyal,2026-01-01
C03049,Customer 03049,Male,57,Khobar,Returning,2024-08-20
C03050,Customer 03050,Female,27,Abha,Returning,2024-05-15
C03051,Customer 03051,Male,59,Madinah,New,2024-09-08
C03052,Customer 03052,Female,29,Jeddah,New,2026-05-10
C03053,Customer 03053,Female,34,Makkah,New,2025-06-23
C03054,Customer 03054,Male,53,Riyadh,Loyal,2025-11-23
C03055,Customer 03055,Female,61,Jeddah,Returning,2025-11-08
C03056,Customer 03056,Female,18,Jeddah,Loyal,2024-11-05
C03057,Customer 03057,Female,57,Khobar,Returning,2026-05-15
C03058,Customer 03058,Male,51,Dammam,Loyal,2024-03-25
C03059,Customer 03059,Female,27,Dammam,Returning,2026-03-12
C03060,Customer 03060,Female,46,Madinah,Returning,2024-01-21
C03061,Customer 03061,Female,55,Khobar,Returning,2026-01-23
C03062,Customer 03062,Female,23,Dammam,Returning,2026-04-20
C03063,Customer 03063,Male,30,Riyadh,Returning,2025-02-16
C03064,Customer 03064,Male,45,Dammam,Returning,2024-11-13
C03065,Customer 03065,Female,60,Abha,New,2025-08-01
C03066,Customer 03066,Male,46,Makkah,New,2024-03-30
C03067,Customer 03067,Male,64,Riyadh,Returning,2025-09-20
C03068,Customer 03068,Male,56,Riyadh,Returning,2025-11-06
C03069,Customer 03069,Male,50,Abha,Returning,2024-03-07
C03070,Customer 03070,Male,60,Riyadh,Returning,2024-04-28
C03071,Customer 03071,Female,31,Jeddah,Loyal,2024-12-07
C03072,Customer 03072,Female,61,Madinah,New,2025-06-13
C03073,Customer 03073,Male,45,Dammam,Returning,2024-06-28
C03074,Customer 03074,Female,57,Abha,New,2024-01-17
C03075,Customer 03075,Female,44,Riyadh,New,2025-06-03
C03076,Customer 03076,Female,57,Dammam,Returning,2024-10-03
C03077,Customer 03077,Male,40,Madinah,Returning,2024-07-09
C03078,Customer 03078,Male,39,Jeddah,Returning,2024-08-05
C03079,Customer 03079,Female,39,Abha,New,2024-04-11
C03080,Customer 03080,Male,18,Madinah,New,2024-03-10
C03081,Customer 03081,Female,47,Madinah,New,2024-06-21
C03082,Customer 03082,Female,52,Khobar,New,2026-03-01
C03083,Customer 03083,Male,34,Madinah,Returning,2026-04-16
C03084,Customer 03084,Male,52,Makkah,Loyal,2024-02-28
C03085,Customer 03085,Male,24,Abha,Returning,2025-09-11
C03086,Customer 03086,Female,65,Dammam,Returning,2026-06-08
C03087,Customer 03087,Female,64,Abha,Loyal,2025-04-02
C03088,Customer 03088,Male,34,Madinah,Returning,2024-12-23
C03089,Customer 03089,Male,34,Makkah,Returning,2025-03-17
C03090,Customer 03090,Male,35,Dammam,Returning,2024-01-20
C03091,Customer 03091,Male,25,Abha,Returning,2024-11-17
C03092,Customer 03092,Male,52,Jeddah,Returning,2025-05-23
C03093,Customer 03093,Male,19,Makkah,Returning,2024-12-11
C03094,Customer 03094,Male,36,Dammam,Loyal,2024-09-08
C03095,Customer 03095,Female,33,Makkah,Returning,2024-03-11
C03096,Customer 03096,Female,20,Jeddah,New,2024-11-10
C03097,Customer 03097,Female,22,Khobar,Returning,2025-05-13
C03098,Customer 03098,Male,30,Makkah,Returning,2025-09-06
C03099,Customer 03099,Female,31,Khobar,Returning,2024-02-27
C03100,Customer 03100,Female,28,Madinah,New,2024-06-01
C03101,Customer 03101,Female,25,Riyadh,Loyal,2024-07-07
C03102,Customer 03102,Female,45,Makkah,Loyal,2026-03-03
C03103,Customer 03103,Female,23,Khobar,Loyal,2025-04-27
C03104,Customer 03104,Female,61,Dammam,Returning,2025-09-26
C03105,Customer 03105,Male,43,Dammam,New,2024-07-03
C03106,Customer 03106,Male,47,Dammam,Returning,2024-04-05
C03107,Customer 03107,Male,40,Madinah,Returning,2024-10-22
C03108,Customer 03108,Male,64,Khobar,Returning,2025-03-17
C03109,Customer 03109,Male,19,Madinah,Returning,2026-01-01
C03110,Customer 03110,Male,58,Abha,New,2025-08-16
C03111,Customer 03111,Female,36,Khobar,Returning,2025-03-01
C03112,Customer 03112,Female,60,Abha,Returning,2026-05-06
C03113,Customer 03113,Female,21,Makkah,Returning,2025-07-31
C03114,Customer 03114,Male,37,Jeddah,Loyal,2024-05-29
C03115,Customer 03115,Female,23,Dammam,Returning,2025-05-16
C03116,Customer 03116,Male,32,Makkah,Loyal,2025-04-20
C03117,Customer 03117,Male,53,Madinah,Returning,2025-05-22
C03118,Customer 03118,Female,52,Jeddah,Returning,2024-12-05
C03119,Customer 03119,Female,28,Khobar,New,2024-02-29
C03120,Customer 03120,Female,49,Jeddah,Loyal,2025-05-06
C03121,Customer 03121,Male,57,Khobar,New,2024-06-01
C03122,Customer 03122,Male,50,Madinah,New,2024-06-05
C03123,Customer 03123,Female,48,Makkah,Loyal,2024-09-30
C03124,Customer 03124,Male,19,Abha,Loyal,2026-05-12
C03125,Customer 03125,Female,29,Dammam,Loyal,2025-11-17
C03126,Customer 03126,Female,62,Dammam,Loyal,2026-01-03
C03127,Customer 03127,Female,31,Jeddah,Returning,2024-06-04
C03128,Customer 03128,Male,59,Makkah,Returning,2024-11-04
C03129,Customer 03129,Female,32,Makkah,Returning,2025-02-01
C03130,Customer 03130,Female,18,Makkah,Returning,2025-08-06
C03131,Customer 03131,Male,44,Jeddah,Returning,2025-02-02
C03132,Customer 03132,Male,21,Jeddah,New,2024-10-21
C03133,Customer 03133,Male,24,Jeddah,New,2024-07-27
C03134,Customer 03134,Male,18,Dammam,Loyal,2025-08-24
C03135,Customer 03135,Male,36,Riyadh,Loyal,2025-11-24
C03136,Customer 03136,Female,41,Makkah,Loyal,2024-10-15
C03137,Customer 03137,Female,28,Riyadh,Returning,2025-01-29
C03138,Customer 03138,Male,35,Madinah,New,2026-03-18
C03139,Customer 03139,Male,57,Dammam,Returning,2026-03-08
C03140,Customer 03140,Male,42,Madinah,Loyal,2025-11-19
C03141,Customer 03141,Female,20,Jeddah,Returning,2025-10-13
C03142,Customer 03142,Male,40,Jeddah,Loyal,2024-09-19
C03143,Customer 03143,Male,34,Riyadh,Returning,2024-03-22
C03144,Customer 03144,Male,41,Dammam,Loyal,2025-01-10
C03145,Customer 03145,Female,53,Khobar,New,2024-01-02
C03146,Customer 03146,Male,36,Dammam,Returning,2024-01-01
C03147,Customer 03147,Female,63,Abha,Loyal,2025-02-21
C03148,Customer 03148,Female,60,Khobar,New,2024-12-28
C03149,Customer 03149,Male,33,Khobar,Loyal,2026-05-18
C03150,Customer 03150,Male,28,Riyadh,Returning,2025-01-01
C03151,Customer 03151,Female,53,Makkah,New,2025-06-16
C03152,Customer 03152,Male,59,Madinah,Returning,2026-02-08
C03153,Customer 03153,Male,20,Riyadh,New,2025-11-02
C03154,Customer 03154,Male,45,Madinah,Returning,2024-11-06
C03155,Customer 03155,Male,28,Makkah,Loyal,2025-09-03
C03156,Customer 03156,Male,32,Madinah,Returning,2025-12-09
C03157,Customer 03157,Female,62,Dammam,New,2025-01-20
C03158,Customer 03158,Female,48,Khobar,Loyal,2025-12-03
C03159,Customer 03159,Male,54,Khobar,Returning,2025-04-01
C03160,Customer 03160,Female,51,Madinah,Returning,2024-02-04
C03161,Customer 03161,Male,27,Dammam,New,2024-02-20
C03162,Customer 03162,Male,18,Abha,Returning,2026-02-18
C03163,Customer 03163,Female,45,Jeddah,Returning,2024-09-07
C03164,Customer 03164,Male,51,Jeddah,New,2024-08-27
C03165,Customer 03165,Female,51,Jeddah,Loyal,2024-08-19
C03166,Customer 03166,Female,49,Madinah,Returning,2025-11-02
C03167,Customer 03167,Male,52,Makkah,Returning,2025-06-30
C03168,Customer 03168,Female,21,Makkah,Returning,2025-02-21
C03169,Customer 03169,Male,54,Khobar,Returning,2025-10-03
C03170,Customer 03170,Female,55,Khobar,New,2025-07-13
C03171,Customer 03171,Male,26,Jeddah,Returning,2025-09-30
C03172,Customer 03172,Male,32,Khobar,New,2024-08-10
C03173,Customer 03173,Female,34,Abha,Returning,2025-05-21
C03174,Customer 03174,Male,20,Khobar,Returning,2025-12-28
C03175,Customer 03175,Female,62,Madinah,Loyal,2024-04-12
C03176,Customer 03176,Female,61,Abha,Returning,2025-01-09
C03177,Customer 03177,Male,32,Riyadh,Loyal,2024-08-11
C03178,Customer 03178,Female,36,Makkah,Loyal,2025-05-30
C03179,Customer 03179,Male,64,Jeddah,New,2024-01-21
C03180,Customer 03180,Male,32,Abha,Returning,2024-04-03
C03181,Customer 03181,Male,31,Riyadh,Loyal,2025-06-12
C03182,Customer 03182,Female,51,Abha,Loyal,2026-01-28
C03183,Customer 03183,Male,34,Dammam,New,2024-10-02
C03184,Customer 03184,Male,53,Riyadh,Returning,2025-01-21
C03185,Customer 03185,Female,65,Abha,Returning,2024-07-28
C03186,Customer 03186,Male,39,Riyadh,Loyal,2025-06-26
C03187,Customer 03187,Female,26,Dammam,Loyal,2024-06-19
C03188,Customer 03188,Male,41,Riyadh,New,2024-06-14
C03189,Customer 03189,Male,54,Jeddah,Loyal,2026-02-15
C03190,Customer 03190,Female,20,Abha,Returning,2025-02-23
C03191,Customer 03191,Female,38,Khobar,Returning,2026-02-20
C03192,Customer 03192,Female,29,Abha,Returning,2024-12-27
C03193,Customer 03193,Female,44,Khobar,Loyal,2025-01-30
C03194,Customer 03194,Female,42,Jeddah,New,2024-07-09
C03195,Customer 03195,Male,24,Riyadh,New,2025-01-25
C03196,Customer 03196,Female,45,Madinah,Loyal,2024-08-12
C03197,Customer 03197,Female,58,Jeddah,Returning,2024-05-01
C03198,Customer 03198,Female,64,Dammam,Returning,2026-03-21
C03199,Customer 03199,Female,43,Abha,New,2025-12-29
C03200,Customer 03200,Male,28,Dammam,New,2025-10-05
C03201,Customer 03201,Female,27,Dammam,Returning,2024-06-17
C03202,Customer 03202,Female,36,Abha,Loyal,2025-09-19
C03203,Customer 03203,Female,18,Madinah,New,2025-08-09
C03204,Customer 03204,Male,47,Makkah,Loyal,2024-02-04
C03205,Customer 03205,Female,52,Riyadh,Loyal,2025-03-01
C03206,Customer 03206,Male,18,Abha,Loyal,2024-02-09
C03207,Customer 03207,Female,58,Khobar,Returning,2024-01-27
C03208,Customer 03208,Male,35,Madinah,Loyal,2025-02-07
C03209,Customer 03209,Female,41,Dammam,Returning,2026-02-14
C03210,Customer 03210,Male,40,Riyadh,Returning,2025-11-11
C03211,Customer 03211,Female,49,Dammam,Returning,2026-03-17
C03212,Customer 03212,Male,57,Jeddah,Returning,2026-02-05
C03213,Customer 03213,Male,50,Abha,New,2025-11-20
C03214,Customer 03214,Male,56,Khobar,Returning,2024-01-23
C03215,Customer 03215,Male,65,Jeddah,New,2025-12-24
C03216,Customer 03216,Female,23,Makkah,New,2024-09-21
C03217,Customer 03217,Male,55,Khobar,Returning,2024-11-30
C03218,Customer 03218,Female,43,Jeddah,New,2025-02-16
C03219,Customer 03219,Female,47,Makkah,New,2026-03-24
C03220,Customer 03220,Female,54,Dammam,Returning,2024-04-06
C03221,Customer 03221,Male,46,Abha,New,2026-04-20
C03222,Customer 03222,Female,50,Makkah,Loyal,2025-06-22
C03223,Customer 03223,Male,45,Dammam,Returning,2025-06-17
C03224,Customer 03224,Female,20,Riyadh,Returning,2025-07-01
C03225,Customer 03225,Male,56,Madinah,Loyal,2026-04-25
C03226,Customer 03226,Male,42,Madinah,Returning,2024-01-15
C03227,Customer 03227,Female,27,Jeddah,Loyal,2025-03-20
C03228,Customer 03228,Female,49,Khobar,New,2025-11-10
C03229,Customer 03229,Female,19,Abha,New,2025-09-05
C03230,Customer 03230,Male,32,Dammam,Loyal,2026-06-14
C03231,Customer 03231,Female,22,Madinah,New,2024-11-04
C03232,Customer 03232,Male,26,Khobar,New,2024-02-15
C03233,Customer 03233,Male,30,Madinah,Returning,2025-01-29
C03234,Customer 03234,Male,23,Makkah,Loyal,2025-01-14
C03235,Customer 03235,Female,47,Khobar,New,2026-01-10
C03236,Customer 03236,Male,31,Madinah,Returning,2025-11-13
C03237,Customer 03237,Female,65,Makkah,New,2024-07-31
C03238,Customer 03238,Male,62,Makkah,Returning,2024-02-19
C03239,Customer 03239,Female,36,Makkah,Loyal,2024-09-29
C03240,Customer 03240,Female,44,Khobar,New,2025-09-19
C03241,Customer 03241,Male,22,Khobar,New,2026-04-06
C03242,Customer 03242,Female,40,Makkah,Loyal,2024-10-18
C03243,Customer 03243,Female,27,Dammam,Returning,2025-05-19
C03244,Customer 03244,Male,43,Abha,New,2026-04-02
C03245,Customer 03245,Female,48,Abha,Loyal,2025-09-28
C03246,Customer 03246,Male,18,Jeddah,Returning,2025-11-02
C03247,Customer 03247,Male,59,Makkah,Returning,2026-04-30
C03248,Customer 03248,Male,40,Dammam,New,2025-12-14
C03249,Customer 03249,Female,45,Dammam,Loyal,2025-08-24
C03250,Customer 03250,Male,37,Riyadh,New,2025-03-18
C03251,Customer 03251,Female,38,Makkah,New,2026-03-13
C03252,Customer 03252,Female,64,Riyadh,New,2024-12-24
C03253,Customer 03253,Female,48,Abha,New,2026-03-02
C03254,Customer 03254,Female,24,Jeddah,New,2024-09-11
C03255,Customer 03255,Male,48,Riyadh,New,2025-09-18
C03256,Customer 03256,Female,63,Riyadh,Returning,2025-12-31
C03257,Customer 03257,Female,59,Abha,Returning,2024-07-28
C03258,Customer 03258,Male,49,Abha,Loyal,2024-06-12
C03259,Customer 03259,Female,20,Madinah,New,2025-12-09
C03260,Customer 03260,Female,55,Abha,Loyal,2024-11-07
C03261,Customer 03261,Female,22,Khobar,New,2025-04-25
C03262,Customer 03262,Male,44,Jeddah,Loyal,2024-07-17
C03263,Customer 03263,Male,37,Jeddah,Loyal,2025-02-23
C03264,Customer 03264,Female,20,Madinah,Returning,2024-08-16
C03265,Customer 03265,Female,63,Makkah,Loyal,2025-07-17
C03266,Customer 03266,Female,18,Riyadh,Returning,2024-10-04
C03267,Customer 03267,Female,38,Dammam,Loyal,2026-03-20
C03268,Customer 03268,Female,23,Jeddah,Returning,2024-04-29
C03269,Customer 03269,Female,21,Khobar,Returning,2024-12-24
C03270,Customer 03270,Female,25,Riyadh,Returning,2024-06-01
C03271,Customer 03271,Female,55,Riyadh,Returning,2024-12-28
C03272,Customer 03272,Male,62,Makkah,Returning,2026-01-02
C03273,Customer 03273,Female,55,Khobar,New,2026-01-06
C03274,Customer 03274,Female,46,Dammam,Returning,2024-05-15
C03275,Customer 03275,Male,43,Makkah,Loyal,2024-06-26
C03276,Customer 03276,Female,62,Riyadh,New,2024-05-24
C03277,Customer 03277,Male,62,Madinah,Returning,2025-05-14
C03278,Customer 03278,Male,56,Khobar,Loyal,2025-02-07
C03279,Customer 03279,Male,42,Khobar,Loyal,2025-10-06
C03280,Customer 03280,Male,48,Madinah,Returning,2026-01-25
C03281,Customer 03281,Female,57,Abha,Returning,2024-08-27
C03282,Customer 03282,Male,45,Makkah,Returning,2025-07-16
C03283,Customer 03283,Female,37,Dammam,Loyal,2025-05-14
C03284,Customer 03284,Male,55,Dammam,Returning,2024-02-19
C03285,Customer 03285,Male,22,Abha,Loyal,2026-02-24
C03286,Customer 03286,Male,42,Dammam,Returning,2024-06-05
C03287,Customer 03287,Female,50,Riyadh,Returning,2024-04-26
C03288,Customer 03288,Male,24,Madinah,Returning,2025-06-29
C03289,Customer 03289,Male,56,Riyadh,Returning,2026-06-07
C03290,Customer 03290,Male,56,Dammam,Returning,2026-02-08
C03291,Customer 03291,Female,40,Dammam,New,2024-08-14
C03292,Customer 03292,Female,53,Riyadh,Loyal,2024-10-24
C03293,Customer 03293,Male,55,Dammam,Returning,2025-08-23
C03294,Customer 03294,Female,35,Makkah,Loyal,2025-12-06
C03295,Customer 03295,Male,54,Khobar,New,2026-01-03
C03296,Customer 03296,Female,60,Riyadh,New,2025-04-04
C03297,Customer 03297,Female,36,Jeddah,Returning,2024-06-11
C03298,Customer 03298,Male,64,Makkah,Loyal,2026-03-29
C03299,Customer 03299,Female,39,Madinah,Loyal,2025-04-22
C03300,Customer 03300,Male,41,Khobar,Returning,2025-09-15
C03301,Customer 03301,Female,21,Abha,Loyal,2025-07-09
C03302,Customer 03302,Female,25,Madinah,Returning,2025-12-08
C03303,Customer 03303,Male,48,Riyadh,Returning,2025-01-31
C03304,Customer 03304,Female,64,Madinah,Loyal,2026-01-29
C03305,Customer 03305,Female,32,Khobar,Returning,2025-06-06
C03306,Customer 03306,Female,55,Khobar,Loyal,2025-05-15
C03307,Customer 03307,Female,33,Riyadh,Returning,2025-04-05
C03308,Customer 03308,Female,30,Dammam,New,2025-04-05
C03309,Customer 03309,Male,39,Dammam,Loyal,2025-04-17
C03310,Customer 03310,Female,34,Madinah,New,2026-02-17
C03311,Customer 03311,Male,54,Jeddah,Returning,2024-05-24
C03312,Customer 03312,Female,24,Madinah,Returning,2025-05-12
C03313,Customer 03313,Female,55,Riyadh,New,2026-05-06
C03314,Customer 03314,Male,32,Makkah,New,2024-04-13
C03315,Customer 03315,Female,22,Madinah,New,2025-08-31
C03316,Customer 03316,Female,32,Khobar,Loyal,2025-02-07
C03317,Customer 03317,Female,45,Riyadh,Returning,2024-01-01
C03318,Customer 03318,Male,22,Madinah,Returning,2025-08-29
C03319,Customer 03319,Female,57,Makkah,Loyal,2026-03-07
C03320,Customer 03320,Female,51,Khobar,Returning,2024-07-03
C03321,Customer 03321,Female,59,Madinah,Returning,2024-09-22
C03322,Customer 03322,Male,59,Abha,Returning,2024-01-31
C03323,Customer 03323,Male,28,Madinah,Loyal,2025-07-12
C03324,Customer 03324,Female,40,Makkah,Returning,2024-12-23
C03325,Customer 03325,Male,58,Jeddah,Loyal,2025-12-05
C03326,Customer 03326,Male,24,Riyadh,Returning,2025-10-14
C03327,Customer 03327,Female,44,Jeddah,Loyal,2025-11-16
C03328,Customer 03328,Female,48,Madinah,Returning,2024-06-24
C03329,Customer 03329,Male,38,Khobar,Returning,2026-01-05
C03330,Customer 03330,Female,47,Dammam,Returning,2024-04-15
C03331,Customer 03331,Female,54,Madinah,New,2024-12-13
C03332,Customer 03332,Male,26,Jeddah,New,2025-10-01
C03333,Customer 03333,Female,26,Khobar,Loyal,2025-08-19
C03334,Customer 03334,Female,52,Jeddah,Returning,2024-10-20
C03335,Customer 03335,Male,61,Jeddah,Returning,2025-05-28
C03336,Customer 03336,Male,52,Dammam,Loyal,2025-04-27
C03337,Customer 03337,Male,40,Makkah,Returning,2026-02-20
C03338,Customer 03338,Female,52,Jeddah,Returning,2025-07-20
C03339,Customer 03339,Female,55,Khobar,New,2025-04-05
C03340,Customer 03340,Male,55,Abha,Returning,2024-04-08
C03341,Customer 03341,Male,58,Dammam,Returning,2024-12-15
C03342,Customer 03342,Female,33,Jeddah,New,2026-06-17
C03343,Customer 03343,Male,26,Makkah,Returning,2025-04-08
C03344,Customer 03344,Female,58,Makkah,Returning,2025-08-23
C03345,Customer 03345,Female,61,Dammam,New,2026-05-20
C03346,Customer 03346,Female,28,Dammam,Loyal,2024-02-10
C03347,Customer 03347,Male,32,Jeddah,New,2025-04-06
C03348,Customer 03348,Male,56,Madinah,Loyal,2024-07-19
C03349,Customer 03349,Female,32,Makkah,Returning,2026-02-20
C03350,Customer 03350,Female,25,Abha,Returning,2025-11-27
C03351,Customer 03351,Male,40,Jeddah,Returning,2024-07-03
C03352,Customer 03352,Male,40,Abha,Returning,2025-06-21
C03353,Customer 03353,Female,29,Khobar,Loyal,2025-04-05
C03354,Customer 03354,Male,53,Abha,New,2024-03-03
C03355,Customer 03355,Female,26,Abha,Loyal,2024-09-07
C03356,Customer 03356,Male,43,Khobar,Loyal,2024-05-09
C03357,Customer 03357,Male,44,Dammam,New,2024-06-23
C03358,Customer 03358,Male,63,Jeddah,Loyal,2024-02-20
C03359,Customer 03359,Male,29,Abha,Returning,2024-05-12
C03360,Customer 03360,Male,44,Dammam,Returning,2024-01-22
C03361,Customer 03361,Female,32,Dammam,New,2025-07-22
C03362,Customer 03362,Male,36,Madinah,Returning,2025-10-13
C03363,Customer 03363,Male,51,Jeddah,New,2025-07-17
C03364,Customer 03364,Male,53,Madinah,Returning,2024-04-18
C03365,Customer 03365,Male,35,Madinah,Loyal,2026-06-07
C03366,Customer 03366,Male,26,Riyadh,Returning,2025-11-02
C03367,Customer 03367,Female,49,Riyadh,Returning,2024-10-07
C03368,Customer 03368,Female,47,Jeddah,Returning,2024-02-10
C03369,Customer 03369,Female,20,Makkah,Returning,2024-06-20
C03370,Customer 03370,Male,33,Madinah,New,2026-05-01
C03371,Customer 03371,Female,52,Jeddah,New,2026-04-30
C03372,Customer 03372,Male,55,Riyadh,Returning,2024-04-24
C03373,Customer 03373,Female,56,Abha,New,2025-06-30
C03374,Customer 03374,Female,51,Madinah,New,2025-11-20
C03375,Customer 03375,Male,42,Makkah,Returning,2024-08-05
C03376,Customer 03376,Female,47,Jeddah,Returning,2025-04-10
C03377,Customer 03377,Female,31,Riyadh,Returning,2024-04-06
C03378,Customer 03378,Male,50,Abha,Returning,2025-04-25
C03379,Customer 03379,Male,54,Makkah,Returning,2024-10-23
C03380,Customer 03380,Male,44,Dammam,New,2024-07-13
C03381,Customer 03381,Female,20,Jeddah,Returning,2025-11-27
C03382,Customer 03382,Female,39,Makkah,New,2025-07-21
C03383,Customer 03383,Female,30,Makkah,Loyal,2024-07-31
C03384,Customer 03384,Male,29,Jeddah,Returning,2024-06-28
C03385,Customer 03385,Female,55,Jeddah,New,2024-08-02
C03386,Customer 03386,Female,54,Khobar,Loyal,2024-12-02
C03387,Customer 03387,Female,29,Khobar,Returning,2025-11-13
C03388,Customer 03388,Male,36,Jeddah,New,2025-10-12
C03389,Customer 03389,Male,29,Jeddah,Loyal,2024-03-14
C03390,Customer 03390,Male,50,Riyadh,Loyal,2024-11-15
C03391,Customer 03391,Male,54,Dammam,New,2026-05-02
C03392,Customer 03392,Male,25,Khobar,Returning,2025-09-10
C03393,Customer 03393,Male,40,Dammam,New,2024-07-16
C03394,Customer 03394,Female,50,Abha,New,2025-12-12
C03395,Customer 03395,Female,62,Khobar,Returning,2024-12-28
C03396,Customer 03396,Female,49,Dammam,Returning,2026-04-08
C03397,Customer 03397,Female,64,Jeddah,Returning,2025-06-24
C03398,Customer 03398,Female,56,Abha,New,2024-08-09
C03399,Customer 03399,Male,49,Abha,Returning,2025-02-25
C03400,Customer 03400,Female,32,Abha,New,2024-12-09
C03401,Customer 03401,Male,62,Madinah,Loyal,2026-01-04
C03402,Customer 03402,Female,30,Jeddah,Loyal,2025-07-05
C03403,Customer 03403,Male,42,Jeddah,Returning,2026-03-19
C03404,Customer 03404,Male,55,Khobar,Returning,2026-04-22
C03405,Customer 03405,Female,62,Riyadh,Returning,2024-08-27
C03406,Customer 03406,Female,40,Khobar,Returning,2025-01-17
C03407,Customer 03407,Female,64,Dammam,Loyal,2025-07-04
C03408,Customer 03408,Male,40,Makkah,New,2024-02-03
C03409,Customer 03409,Female,63,Khobar,Returning,2025-04-13
C03410,Customer 03410,Female,62,Jeddah,Loyal,2024-03-25
C03411,Customer 03411,Female,44,Madinah,Returning,2024-11-22
C03412,Customer 03412,Female,28,Dammam,New,2026-03-25
C03413,Customer 03413,Male,51,Dammam,Returning,2025-09-19
C03414,Customer 03414,Female,42,Makkah,Loyal,2026-01-12
C03415,Customer 03415,Female,37,Dammam,Returning,2024-08-15
C03416,Customer 03416,Female,61,Abha,Returning,2025-01-20
C03417,Customer 03417,Male,31,Makkah,Returning,2026-04-27
C03418,Customer 03418,Male,43,Makkah,Returning,2024-03-03
C03419,Customer 03419,Male,31,Khobar,New,2025-10-09
C03420,Customer 03420,Male,52,Dammam,New,2024-10-25
C03421,Customer 03421,Female,65,Makkah,New,2024-12-25
C03422,Customer 03422,Female,47,Makkah,Returning,2025-06-22
C03423,Customer 03423,Female,26,Makkah,Loyal,2024-02-05
C03424,Customer 03424,Female,34,Makkah,Loyal,2024-01-01
C03425,Customer 03425,Male,61,Riyadh,Loyal,2025-05-31
C03426,Customer 03426,Female,60,Abha,Loyal,2025-12-19
C03427,Customer 03427,Female,23,Dammam,Loyal,2025-06-11
C03428,Customer 03428,Female,34,Abha,Loyal,2025-07-06
C03429,Customer 03429,Male,58,Madinah,Returning,2025-12-04
C03430,Customer 03430,Female,64,Madinah,Returning,2025-09-05
C03431,Customer 03431,Female,37,Khobar,New,2026-02-03
C03432,Customer 03432,Female,38,Madinah,Loyal,2025-09-04
C03433,Customer 03433,Female,54,Abha,New,2025-08-11
C03434,Customer 03434,Male,18,Makkah,Loyal,2024-11-12
C03435,Customer 03435,Male,62,Jeddah,Returning,2025-01-20
C03436,Customer 03436,Female,65,Madinah,Returning,2024-04-27
C03437,Customer 03437,Male,61,Riyadh,Returning,2025-01-28
C03438,Customer 03438,Female,44,Riyadh,Loyal,2025-03-05
C03439,Customer 03439,Male,33,Dammam,Returning,2024-03-07
C03440,Customer 03440,Female,47,Khobar,Loyal,2025-11-25
C03441,Customer 03441,Male,39,Madinah,Returning,2025-09-26
C03442,Customer 03442,Female,24,Madinah,Returning,2024-07-25
C03443,Customer 03443,Female,38,Dammam,Returning,2026-04-05
C03444,Customer 03444,Female,28,Riyadh,New,2025-08-13
C03445,Customer 03445,Female,21,Makkah,Returning,2024-08-26
C03446,Customer 03446,Male,29,Jeddah,Returning,2024-11-24
C03447,Customer 03447,Male,34,Jeddah,Loyal,2026-03-14
C03448,Customer 03448,Female,38,Dammam,Returning,2025-11-11
C03449,Customer 03449,Male,23,Dammam,Loyal,2025-01-09
C03450,Customer 03450,Male,63,Riyadh,Returning,2026-02-15
C03451,Customer 03451,Female,42,Abha,New,2025-09-03
C03452,Customer 03452,Male,49,Riyadh,Returning,2025-09-24
C03453,Customer 03453,Female,52,Madinah,Returning,2026-03-05
C03454,Customer 03454,Female,53,Riyadh,Returning,2025-04-04
C03455,Customer 03455,Male,46,Makkah,Returning,2026-03-02
C03456,Customer 03456,Male,50,Khobar,Returning,2025-03-06
C03457,Customer 03457,Female,57,Khobar,New,2025-09-19
C03458,Customer 03458,Female,25,Makkah,Returning,2025-10-14
C03459,Customer 03459,Female,22,Makkah,Returning,2026-03-15
C03460,Customer 03460,Female,59,Khobar,New,2024-05-24
C03461,Customer 03461,Male,39,Riyadh,Returning,2024-02-25
C03462,Customer 03462,Male,36,Jeddah,Returning,2025-08-30
C03463,Customer 03463,Male,38,Abha,Returning,2024-05-01
C03464,Customer 03464,Male,25,Dammam,Returning,2024-02-06
C03465,Customer 03465,Female,50,Khobar,Loyal,2024-03-16
C03466,Customer 03466,Female,50,Dammam,New,2024-05-22
C03467,Customer 03467,Male,33,Makkah,Returning,2024-01-05
C03468,Customer 03468,Male,22,Riyadh,Loyal,2026-04-26
C03469,Customer 03469,Female,31,Dammam,New,2024-07-30
C03470,Customer 03470,Female,55,Dammam,Loyal,2025-09-16
C03471,Customer 03471,Male,61,Makkah,Returning,2024-02-25
C03472,Customer 03472,Female,33,Abha,Returning,2024-11-13
C03473,Customer 03473,Female,19,Jeddah,New,2025-01-12
C03474,Customer 03474,Male,23,Dammam,New,2024-07-28
C03475,Customer 03475,Male,51,Makkah,New,2024-11-05
C03476,Customer 03476,Male,29,Dammam,Loyal,2026-01-06
C03477,Customer 03477,Female,19,Jeddah,Loyal,2024-07-09
C03478,Customer 03478,Male,26,Makkah,New,2025-11-18
C03479,Customer 03479,Female,52,Riyadh,New,2025-12-28
C03480,Customer 03480,Male,57,Makkah,Returning,2026-01-16
C03481,Customer 03481,Female,60,Jeddah,Returning,2025-01-13
C03482,Customer 03482,Female,21,Madinah,Returning,2026-04-09
C03483,Customer 03483,Female,63,Khobar,Returning,2024-10-29
C03484,Customer 03484,Female,38,Abha,Returning,2024-07-07
C03485,Customer 03485,Male,46,Abha,New,2026-01-25
C03486,Customer 03486,Male,47,Makkah,Loyal,2025-04-15
C03487,Customer 03487,Female,37,Dammam,Loyal,2024-11-20
C03488,Customer 03488,Male,28,Makkah,Returning,2024-01-10
C03489,Customer 03489,Female,23,Madinah,Returning,2024-10-05
C03490,Customer 03490,Male,49,Dammam,Returning,2024-02-19
C03491,Customer 03491,Male,26,Riyadh,New,2024-08-08
C03492,Customer 03492,Female,53,Khobar,New,2026-02-04
C03493,Customer 03493,Male,26,Khobar,New,2025-01-16
C03494,Customer 03494,Female,42,Jeddah,Returning,2025-11-12
C03495,Customer 03495,Female,24,Khobar,Returning,2026-01-08
C03496,Customer 03496,Male,32,Abha,New,2024-10-09
C03497,Customer 03497,Male,22,Khobar,Loyal,2026-05-10
C03498,Customer 03498,Male,43,Dammam,Loyal,2025-04-16
C03499,Customer 03499,Male,49,Dammam,New,2025-11-22
C03500,Customer 03500,Male,22,Riyadh,New,2024-04-03
C03501,Customer 03501,Female,52,Abha,Returning,2025-02-10
C03502,Customer 03502,Male,20,Riyadh,Loyal,2025-05-15
C03503,Customer 03503,Female,57,Khobar,Returning,2024-06-15
C03504,Customer 03504,Female,39,Khobar,Loyal,2025-10-19
C03505,Customer 03505,Male,24,Madinah,Loyal,2026-02-08
C03506,Customer 03506,Female,42,Madinah,Returning,2026-04-02
C03507,Customer 03507,Male,40,Riyadh,New,2026-02-07
C03508,Customer 03508,Male,30,Makkah,Returning,2025-06-01
C03509,Customer 03509,Male,55,Jeddah,New,2025-12-04
C03510,Customer 03510,Male,40,Madinah,New,2025-11-28
C03511,Customer 03511,Male,34,Khobar,Returning,2024-02-19
C03512,Customer 03512,Female,44,Abha,Loyal,2025-02-25
C03513,Customer 03513,Male,31,Jeddah,New,2024-11-19
C03514,Customer 03514,Male,44,Khobar,Returning,2024-07-20
C03515,Customer 03515,Male,26,Dammam,Returning,2025-12-04
C03516,Customer 03516,Male,64,Riyadh,New,2024-11-08
C03517,Customer 03517,Male,34,Khobar,New,2025-04-14
C03518,Customer 03518,Male,37,Riyadh,Returning,2025-11-10
C03519,Customer 03519,Male,47,Riyadh,Returning,2025-09-02
C03520,Customer 03520,Female,59,Madinah,Returning,2024-11-11
C03521,Customer 03521,Male,62,Abha,Returning,2024-04-26
C03522,Customer 03522,Male,58,Dammam,Returning,2026-02-05
C03523,Customer 03523,Female,44,Madinah,Returning,2025-04-14
C03524,Customer 03524,Female,53,Khobar,Loyal,2026-05-31
C03525,Customer 03525,Female,48,Dammam,Returning,2025-02-04
C03526,Customer 03526,Female,64,Makkah,Loyal,2024-06-01
C03527,Customer 03527,Female,45,Riyadh,New,2026-06-05
C03528,Customer 03528,Male,18,Madinah,New,2026-05-24
C03529,Customer 03529,Male,46,Jeddah,Returning,2025-02-03
C03530,Customer 03530,Male,23,Khobar,New,2024-05-04
C03531,Customer 03531,Male,18,Jeddah,Returning,2026-01-03
C03532,Customer 03532,Female,34,Madinah,Returning,2026-03-13
C03533,Customer 03533,Male,59,Makkah,New,2024-06-18
C03534,Customer 03534,Female,51,Jeddah,New,2024-12-26
C03535,Customer 03535,Female,64,Khobar,Returning,2026-04-14
C03536,Customer 03536,Male,37,Madinah,Returning,2024-05-29
C03537,Customer 03537,Male,19,Makkah,New,2025-04-21
C03538,Customer 03538,Female,42,Makkah,New,2025-03-02
C03539,Customer 03539,Male,26,Riyadh,Returning,2024-08-16
C03540,Customer 03540,Female,51,Riyadh,Returning,2024-02-29
C03541,Customer 03541,Female,20,Riyadh,Returning,2024-10-07
C03542,Customer 03542,Male,20,Jeddah,Returning,2025-12-22
C03543,Customer 03543,Male,25,Dammam,Returning,2025-10-23
C03544,Customer 03544,Male,42,Abha,Loyal,2024-10-23
C03545,Customer 03545,Male,23,Abha,Loyal,2026-05-29
C03546,Customer 03546,Female,60,Madinah,Returning,2025-02-28
C03547,Customer 03547,Female,62,Madinah,New,2024-06-19
C03548,Customer 03548,Male,48,Makkah,Loyal,2024-07-15
C03549,Customer 03549,Female,38,Abha,New,2024-09-01
C03550,Customer 03550,Female,21,Abha,New,2024-04-18
C03551,Customer 03551,Male,32,Jeddah,Returning,2024-02-21
C03552,Customer 03552,Male,49,Dammam,New,2025-02-21
C03553,Customer 03553,Male,43,Dammam,Returning,2025-12-06
C03554,Customer 03554,Male,24,Dammam,Returning,2025-09-02
C03555,Customer 03555,Male,32,Makkah,Returning,2025-01-09
C03556,Customer 03556,Female,51,Abha,Returning,2026-01-07
C03557,Customer 03557,Female,50,Makkah,Loyal,2024-09-05
C03558,Customer 03558,Female,25,Makkah,Loyal,2026-05-12
C03559,Customer 03559,Male,45,Khobar,New,2024-09-25
C03560,Customer 03560,Female,47,Khobar,Returning,2024-12-29
C03561,Customer 03561,Male,35,Makkah,Returning,2024-03-08
C03562,Customer 03562,Female,25,Dammam,New,2024-02-19
C03563,Customer 03563,Female,44,Riyadh,Loyal,2024-08-03
C03564,Customer 03564,Female,54,Madinah,Returning,2025-11-25
C03565,Customer 03565,Male,63,Dammam,Returning,2026-04-16
C03566,Customer 03566,Male,49,Makkah,New,2025-12-26
C03567,Customer 03567,Male,51,Dammam,Loyal,2026-04-17
C03568,Customer 03568,Male,21,Riyadh,Loyal,2025-06-25
C03569,Customer 03569,Female,19,Riyadh,Returning,2024-05-15
C03570,Customer 03570,Male,42,Riyadh,Returning,2025-03-06
C03571,Customer 03571,Female,29,Makkah,Loyal,2026-03-05
C03572,Customer 03572,Male,33,Dammam,New,2025-06-11
C03573,Customer 03573,Male,20,Abha,Returning,2025-03-20
C03574,Customer 03574,Female,55,Dammam,New,2025-01-20
C03575,Customer 03575,Female,44,Makkah,Loyal,2025-07-22
C03576,Customer 03576,Female,35,Abha,New,2025-07-14
C03577,Customer 03577,Male,19,Dammam,New,2025-06-08
C03578,Customer 03578,Male,61,Jeddah,New,2024-03-31
C03579,Customer 03579,Male,38,Madinah,Returning,2025-07-06
C03580,Customer 03580,Male,59,Madinah,Returning,2026-03-02
C03581,Customer 03581,Female,35,Abha,Loyal,2024-10-07
C03582,Customer 03582,Male,37,Dammam,Returning,2025-12-28
C03583,Customer 03583,Male,21,Jeddah,New,2024-12-08
C03584,Customer 03584,Female,25,Riyadh,Loyal,2025-09-16
C03585,Customer 03585,Female,58,Abha,Returning,2025-02-26
C03586,Customer 03586,Male,23,Dammam,Returning,2025-09-26
C03587,Customer 03587,Female,42,Abha,Loyal,2026-06-11
C03588,Customer 03588,Male,29,Makkah,Returning,2026-03-12
C03589,Customer 03589,Male,19,Madinah,New,2026-05-27
C03590,Customer 03590,Male,51,Dammam,Returning,2026-06-01
C03591,Customer 03591,Male,65,Makkah,Returning,2025-02-04
C03592,Customer 03592,Male,42,Abha,Returning,2026-06-16
C03593,Customer 03593,Male,47,Abha,Loyal,2024-07-22
C03594,Customer 03594,Female,41,Dammam,New,2026-03-16
C03595,Customer 03595,Female,32,Madinah,New,2024-10-02
C03596,Customer 03596,Male,46,Khobar,New,2026-05-17
C03597,Customer 03597,Male,34,Madinah,Loyal,2025-06-17
C03598,Customer 03598,Male,29,Dammam,Returning,2024-03-26
C03599,Customer 03599,Male,20,Madinah,Loyal,2025-07-27
C03600,Customer 03600,Male,61,Makkah,Loyal,2026-01-25
C03601,Customer 03601,Female,52,Riyadh,Loyal,2025-04-18
C03602,Customer 03602,Male,45,Makkah,New,2024-07-07
C03603,Customer 03603,Male,52,Abha,New,2024-08-26
C03604,Customer 03604,Female,41,Makkah,New,2025-08-07
C03605,Customer 03605,Male,56,Madinah,Loyal,2025-08-09
C03606,Customer 03606,Male,38,Dammam,Loyal,2025-07-30
C03607,Customer 03607,Male,51,Abha,Returning,2025-08-05
C03608,Customer 03608,Male,31,Dammam,Returning,2024-12-11
C03609,Customer 03609,Male,59,Jeddah,Returning,2026-03-25
C03610,Customer 03610,Male,51,Khobar,Returning,2025-09-27
C03611,Customer 03611,Female,64,Dammam,Returning,2026-04-17
C03612,Customer 03612,Male,58,Dammam,Returning,2024-04-13
C03613,Customer 03613,Male,27,Makkah,New,2025-09-15
C03614,Customer 03614,Male,39,Abha,Returning,2024-05-24
C03615,Customer 03615,Female,46,Abha,Loyal,2024-06-28
C03616,Customer 03616,Female,33,Madinah,Loyal,2025-04-16
C03617,Customer 03617,Male,21,Abha,Returning,2026-03-27
C03618,Customer 03618,Male,49,Jeddah,Returning,2024-08-24
C03619,Customer 03619,Male,54,Khobar,Returning,2026-02-22
C03620,Customer 03620,Female,59,Khobar,Loyal,2025-06-30
C03621,Customer 03621,Male,28,Madinah,New,2025-12-29
C03622,Customer 03622,Female,38,Abha,New,2024-10-14
C03623,Customer 03623,Male,50,Abha,Returning,2026-03-22
C03624,Customer 03624,Female,36,Khobar,Returning,2025-11-04
C03625,Customer 03625,Male,22,Abha,Loyal,2026-06-01
C03626,Customer 03626,Male,30,Khobar,Loyal,2025-07-27
C03627,Customer 03627,Male,22,Abha,Returning,2024-03-01
C03628,Customer 03628,Male,22,Abha,New,2025-08-15
C03629,Customer 03629,Female,43,Riyadh,New,2026-01-21
C03630,Customer 03630,Male,59,Jeddah,New,2026-03-27
C03631,Customer 03631,Male,25,Dammam,Returning,2025-06-17
C03632,Customer 03632,Male,55,Khobar,Returning,2025-08-12
C03633,Customer 03633,Male,50,Khobar,Loyal,2024-06-22
C03634,Customer 03634,Male,28,Makkah,Loyal,2024-05-20
C03635,Customer 03635,Female,50,Dammam,Returning,2024-01-28
C03636,Customer 03636,Male,28,Riyadh,New,2024-01-29
C03637,Customer 03637,Female,42,Abha,Loyal,2024-12-09
C03638,Customer 03638,Female,61,Riyadh,Loyal,2024-12-05
C03639,Customer 03639,Female,21,Makkah,Returning,2024-06-22
C03640,Customer 03640,Female,46,Riyadh,New,2024-11-26
C03641,Customer 03641,Female,34,Dammam,Returning,2024-12-29
C03642,Customer 03642,Female,38,Madinah,Returning,2026-05-04
C03643,Customer 03643,Female,45,Riyadh,New,2024-06-30
C03644,Customer 03644,Male,34,Khobar,Returning,2025-08-20
C03645,Customer 03645,Male,65,Dammam,Loyal,2024-01-22
C03646,Customer 03646,Female,32,Jeddah,Returning,2024-05-31
C03647,Customer 03647,Female,49,Abha,Returning,2025-07-25
C03648,Customer 03648,Male,39,Dammam,Returning,2025-03-04
C03649,Customer 03649,Female,48,Riyadh,Returning,2025-01-03
C03650,Customer 03650,Male,18,Makkah,New,2024-12-08
C03651,Customer 03651,Male,63,Riyadh,Returning,2026-01-15
C03652,Customer 03652,Female,37,Khobar,Returning,2024-01-13
C03653,Customer 03653,Female,64,Khobar,Loyal,2024-11-03
C03654,Customer 03654,Female,27,Khobar,New,2024-10-01
C03655,Customer 03655,Female,49,Dammam,New,2024-02-09
C03656,Customer 03656,Male,27,Riyadh,New,2024-06-19
C03657,Customer 03657,Female,58,Makkah,Returning,2026-03-19
C03658,Customer 03658,Male,57,Dammam,Loyal,2026-06-17
C03659,Customer 03659,Female,55,Madinah,New,2026-05-16
C03660,Customer 03660,Female,23,Riyadh,Returning,2024-04-07
C03661,Customer 03661,Female,21,Madinah,Returning,2025-12-03
C03662,Customer 03662,Male,47,Jeddah,New,2026-06-06
C03663,Customer 03663,Female,34,Madinah,Loyal,2026-02-05
C03664,Customer 03664,Female,32,Abha,Returning,2024-05-31
C03665,Customer 03665,Female,65,Makkah,New,2024-01-28
C03666,Customer 03666,Male,46,Makkah,Returning,2025-01-10
C03667,Customer 03667,Female,20,Abha,Returning,2026-06-17
C03668,Customer 03668,Female,51,Makkah,New,2025-03-25
C03669,Customer 03669,Male,36,Abha,Loyal,2025-05-23
C03670,Customer 03670,Female,58,Riyadh,Loyal,2024-01-07
C03671,Customer 03671,Female,56,Jeddah,Returning,2024-06-23
C03672,Customer 03672,Female,45,Jeddah,Returning,2026-01-13
C03673,Customer 03673,Female,31,Dammam,Returning,2024-06-28
C03674,Customer 03674,Male,31,Khobar,New,2025-06-22
C03675,Customer 03675,Male,54,Madinah,Loyal,2024-01-27
C03676,Customer 03676,Female,47,Jeddah,Returning,2025-01-10
C03677,Customer 03677,Male,50,Abha,Loyal,2024-09-28
C03678,Customer 03678,Male,32,Riyadh,Returning,2025-10-17
C03679,Customer 03679,Male,40,Khobar,New,2026-03-24
C03680,Customer 03680,Female,62,Riyadh,New,2025-02-01
C03681,Customer 03681,Male,54,Jeddah,New,2025-07-10
C03682,Customer 03682,Male,36,Abha,Returning,2025-02-02
C03683,Customer 03683,Male,49,Khobar,New,2025-05-26
C03684,Customer 03684,Male,18,Khobar,Returning,2025-10-09
C03685,Customer 03685,Female,63,Jeddah,New,2024-01-30
C03686,Customer 03686,Female,45,Khobar,Returning,2025-01-19
C03687,Customer 03687,Male,18,Dammam,Returning,2025-07-25
C03688,Customer 03688,Female,55,Jeddah,New,2025-02-11
C03689,Customer 03689,Male,48,Khobar,Returning,2026-02-02
C03690,Customer 03690,Male,50,Jeddah,Returning,2024-11-04
C03691,Customer 03691,Male,34,Jeddah,New,2025-03-09
C03692,Customer 03692,Female,54,Makkah,Returning,2026-01-14
C03693,Customer 03693,Female,53,Khobar,Returning,2024-10-12
C03694,Customer 03694,Male,47,Madinah,Returning,2025-10-01
C03695,Customer 03695,Male,58,Abha,Loyal,2026-02-11
C03696,Customer 03696,Male,62,Khobar,Loyal,2024-01-05
C03697,Customer 03697,Male,52,Khobar,Returning,2024-07-12
C03698,Customer 03698,Female,20,Khobar,Returning,2024-02-28
C03699,Customer 03699,Female,33,Jeddah,Loyal,2024-12-23
C03700,Customer 03700,Male,51,Jeddah,Returning,2026-03-04
C03701,Customer 03701,Male,26,Madinah,New,2025-07-17
C03702,Customer 03702,Female,24,Jeddah,New,2026-03-02
C03703,Customer 03703,Female,39,Jeddah,New,2025-06-27
C03704,Customer 03704,Female,43,Khobar,Loyal,2024-03-20
C03705,Customer 03705,Female,18,Abha,Loyal,2024-08-29
C03706,Customer 03706,Male,48,Khobar,Returning,2025-01-03
C03707,Customer 03707,Female,41,Makkah,Loyal,2024-11-08
C03708,Customer 03708,Male,26,Riyadh,New,2026-02-08
C03709,Customer 03709,Female,30,Dammam,Returning,2025-10-09
C03710,Customer 03710,Male,29,Riyadh,Returning,2025-12-20
C03711,Customer 03711,Female,44,Dammam,Returning,2025-12-20
C03712,Customer 03712,Female,63,Makkah,Loyal,2024-01-15
C03713,Customer 03713,Female,56,Khobar,Returning,2025-10-15
C03714,Customer 03714,Male,34,Abha,Loyal,2026-01-20
C03715,Customer 03715,Female,28,Khobar,New,2024-07-20
C03716,Customer 03716,Female,51,Makkah,New,2025-07-09
C03717,Customer 03717,Male,36,Makkah,Loyal,2024-06-12
C03718,Customer 03718,Female,20,Riyadh,Returning,2025-02-20
C03719,Customer 03719,Female,57,Abha,Returning,2025-06-03
C03720,Customer 03720,Female,33,Abha,Returning,2025-11-12
C03721,Customer 03721,Male,23,Abha,Loyal,2024-04-21
C03722,Customer 03722,Female,41,Riyadh,New,2024-10-31
C03723,Customer 03723,Male,56,Makkah,New,2025-09-11
C03724,Customer 03724,Male,34,Dammam,New,2026-03-16
C03725,Customer 03725,Male,63,Abha,New,2025-09-23
C03726,Customer 03726,Male,39,Dammam,Returning,2026-06-09
C03727,Customer 03727,Female,52,Makkah,Returning,2026-03-16
C03728,Customer 03728,Female,37,Jeddah,Returning,2024-10-19
C03729,Customer 03729,Male,58,Riyadh,Loyal,2024-06-28
C03730,Customer 03730,Female,65,Dammam,Loyal,2025-05-12
C03731,Customer 03731,Male,50,Madinah,Loyal,2025-06-02
C03732,Customer 03732,Female,53,Madinah,Returning,2026-05-09
C03733,Customer 03733,Male,54,Khobar,New,2026-06-12
C03734,Customer 03734,Female,36,Abha,Returning,2025-05-01
C03735,Customer 03735,Female,58,Jeddah,Loyal,2024-09-13
C03736,Customer 03736,Female,24,Madinah,Returning,2026-01-22
C03737,Customer 03737,Female,48,Dammam,Loyal,2026-02-20
C03738,Customer 03738,Female,35,Makkah,Returning,2024-07-09
C03739,Customer 03739,Male,39,Madinah,New,2025-01-05
C03740,Customer 03740,Male,26,Dammam,Returning,2024-12-05
C03741,Customer 03741,Male,38,Abha,Returning,2025-03-31
C03742,Customer 03742,Male,59,Abha,Returning,2024-11-02
C03743,Customer 03743,Female,65,Makkah,Loyal,2025-11-11
C03744,Customer 03744,Female,54,Makkah,New,2024-06-25
C03745,Customer 03745,Male,27,Makkah,Returning,2024-12-24
C03746,Customer 03746,Male,54,Jeddah,New,2025-03-20
C03747,Customer 03747,Male,23,Dammam,Returning,2026-03-21
C03748,Customer 03748,Female,42,Khobar,Returning,2025-12-31
C03749,Customer 03749,Male,28,Abha,Loyal,2024-02-13
C03750,Customer 03750,Male,22,Jeddah,New,2024-06-10
C03751,Customer 03751,Female,40,Khobar,New,2025-07-30
C03752,Customer 03752,Male,42,Madinah,New,2025-06-21
C03753,Customer 03753,Male,27,Jeddah,New,2025-05-13
C03754,Customer 03754,Female,23,Dammam,New,2025-07-21
C03755,Customer 03755,Male,50,Khobar,Loyal,2025-09-05
C03756,Customer 03756,Male,59,Makkah,Returning,2024-05-31
C03757,Customer 03757,Male,56,Dammam,New,2026-04-06
C03758,Customer 03758,Female,57,Dammam,Returning,2026-04-09
C03759,Customer 03759,Female,34,Madinah,New,2024-09-05
C03760,Customer 03760,Male,26,Makkah,New,2025-04-17
C03761,Customer 03761,Male,61,Dammam,Loyal,2024-03-11
C03762,Customer 03762,Female,63,Madinah,New,2025-11-06
C03763,Customer 03763,Male,20,Makkah,Returning,2025-02-10
C03764,Customer 03764,Female,65,Dammam,Loyal,2025-04-10
C03765,Customer 03765,Male,28,Khobar,New,2024-11-10
C03766,Customer 03766,Female,33,Madinah,New,2025-08-22
C03767,Customer 03767,Male,47,Makkah,Loyal,2024-07-15
C03768,Customer 03768,Male,34,Makkah,Returning,2025-06-17
C03769,Customer 03769,Male,48,Dammam,Loyal,2024-05-03
C03770,Customer 03770,Female,33,Dammam,Loyal,2025-02-28
C03771,Customer 03771,Female,43,Dammam,Returning,2026-05-22
C03772,Customer 03772,Female,21,Dammam,Loyal,2025-05-12
C03773,Customer 03773,Female,20,Dammam,New,2024-03-16
C03774,Customer 03774,Female,47,Makkah,Returning,2025-07-03
C03775,Customer 03775,Male,51,Madinah,Returning,2025-06-16
C03776,Customer 03776,Female,22,Riyadh,Returning,2026-04-23
C03777,Customer 03777,Female,44,Abha,Returning,2025-11-20
C03778,Customer 03778,Male,36,Dammam,Returning,2024-02-20
C03779,Customer 03779,Female,53,Jeddah,Returning,2024-12-03
C03780,Customer 03780,Male,33,Jeddah,Returning,2025-05-20
C03781,Customer 03781,Female,64,Madinah,New,2026-05-06
C03782,Customer 03782,Male,51,Khobar,New,2025-04-05
C03783,Customer 03783,Female,20,Abha,Returning,2026-05-23
C03784,Customer 03784,Male,38,Jeddah,Loyal,2024-06-13
C03785,Customer 03785,Female,36,Makkah,Loyal,2024-08-30
C03786,Customer 03786,Female,33,Riyadh,Returning,2026-02-11
C03787,Customer 03787,Male,54,Riyadh,Returning,2025-09-24
C03788,Customer 03788,Female,21,Jeddah,Returning,2024-04-17
C03789,Customer 03789,Male,29,Abha,Returning,2024-08-22
C03790,Customer 03790,Male,41,Dammam,Returning,2025-07-14
C03791,Customer 03791,Female,23,Madinah,Loyal,2025-02-19
C03792,Customer 03792,Male,25,Abha,Returning,2026-03-11
C03793,Customer 03793,Female,46,Dammam,Returning,2026-06-03
C03794,Customer 03794,Male,51,Jeddah,New,2024-09-13
C03795,Customer 03795,Male,18,Jeddah,Returning,2024-06-28
C03796,Customer 03796,Female,53,Madinah,New,2026-05-13
C03797,Customer 03797,Female,32,Khobar,Returning,2024-10-22
C03798,Customer 03798,Male,21,Abha,Returning,2025-07-07
C03799,Customer 03799,Female,52,Makkah,New,2025-09-27
C03800,Customer 03800,Male,65,Makkah,Loyal,2026-06-08
C03801,Customer 03801,Female,49,Riyadh,New,2025-07-30
C03802,Customer 03802,Male,42,Jeddah,New,2025-03-13
C03803,Customer 03803,Female,56,Jeddah,Loyal,2024-06-08
C03804,Customer 03804,Female,41,Abha,Loyal,2024-01-11
C03805,Customer 03805,Female,54,Madinah,Returning,2025-05-29
C03806,Customer 03806,Male,59,Khobar,New,2026-05-01
C03807,Customer 03807,Female,20,Madinah,Returning,2025-10-07
C03808,Customer 03808,Male,27,Khobar,Returning,2025-05-07
C03809,Customer 03809,Female,61,Makkah,Loyal,2025-02-06
C03810,Customer 03810,Female,51,Madinah,New,2024-09-22
C03811,Customer 03811,Female,52,Jeddah,New,2024-04-20
C03812,Customer 03812,Male,19,Jeddah,Returning,2026-04-13
C03813,Customer 03813,Male,52,Abha,New,2025-03-15
C03814,Customer 03814,Male,40,Jeddah,Loyal,2025-07-19
C03815,Customer 03815,Female,47,Dammam,Returning,2025-11-23
C03816,Customer 03816,Female,31,Jeddah,Returning,2024-06-15
C03817,Customer 03817,Female,33,Khobar,Returning,2024-02-08
C03818,Customer 03818,Male,33,Abha,Returning,2024-07-24
C03819,Customer 03819,Female,56,Jeddah,Loyal,2024-01-06
C03820,Customer 03820,Male,47,Makkah,Returning,2024-05-06
C03821,Customer 03821,Male,26,Makkah,New,2024-09-06
C03822,Customer 03822,Male,49,Makkah,New,2025-05-30
C03823,Customer 03823,Male,36,Abha,New,2024-09-11
C03824,Customer 03824,Female,25,Dammam,New,2025-05-23
C03825,Customer 03825,Female,54,Madinah,Loyal,2024-08-21
C03826,Customer 03826,Female,48,Dammam,Loyal,2024-09-01
C03827,Customer 03827,Male,48,Riyadh,Returning,2024-01-09
C03828,Customer 03828,Female,33,Makkah,New,2025-10-05
C03829,Customer 03829,Female,20,Makkah,Returning,2026-04-16
C03830,Customer 03830,Male,41,Dammam,New,2025-11-20
C03831,Customer 03831,Female,34,Makkah,Loyal,2026-01-04
C03832,Customer 03832,Female,52,Dammam,Returning,2024-05-10
C03833,Customer 03833,Male,52,Jeddah,New,2025-03-31
C03834,Customer 03834,Female,18,Makkah,Returning,2024-11-22
C03835,Customer 03835,Female,47,Madinah,Returning,2025-09-22
C03836,Customer 03836,Female,26,Madinah,New,2024-10-08
C03837,Customer 03837,Male,61,Abha,Returning,2025-09-22
C03838,Customer 03838,Female,64,Khobar,Loyal,2025-02-06
C03839,Customer 03839,Female,28,Makkah,Returning,2026-01-23
C03840,Customer 03840,Female,59,Riyadh,Returning,2024-10-18
C03841,Customer 03841,Male,51,Makkah,Returning,2025-08-09
C03842,Customer 03842,Female,22,Makkah,New,2026-02-24
C03843,Customer 03843,Female,19,Khobar,New,2025-01-10
C03844,Customer 03844,Male,51,Abha,New,2025-12-09
C03845,Customer 03845,Male,54,Madinah,Returning,2025-07-04
C03846,Customer 03846,Female,40,Madinah,New,2024-12-14
C03847,Customer 03847,Male,22,Khobar,Returning,2025-09-24
C03848,Customer 03848,Female,20,Dammam,New,2025-10-18
C03849,Customer 03849,Male,26,Makkah,New,2024-05-19
C03850,Customer 03850,Female,53,Dammam,Returning,2024-11-02
C03851,Customer 03851,Female,49,Madinah,Returning,2026-03-07
C03852,Customer 03852,Female,19,Abha,Loyal,2025-08-24
C03853,Customer 03853,Male,31,Riyadh,Returning,2024-05-10
C03854,Customer 03854,Female,44,Dammam,Loyal,2024-04-08
C03855,Customer 03855,Female,34,Madinah,Returning,2024-03-20
C03856,Customer 03856,Female,28,Makkah,Returning,2024-05-27
C03857,Customer 03857,Male,54,Dammam,Loyal,2026-04-14
C03858,Customer 03858,Male,27,Dammam,New,2025-04-27
C03859,Customer 03859,Male,39,Madinah,Loyal,2025-06-24
C03860,Customer 03860,Male,50,Abha,Returning,2026-06-11
C03861,Customer 03861,Male,58,Jeddah,Returning,2025-07-25
C03862,Customer 03862,Male,61,Dammam,Returning,2024-10-08
C03863,Customer 03863,Male,41,Jeddah,Returning,2025-12-25
C03864,Customer 03864,Male,58,Riyadh,Returning,2024-02-05
C03865,Customer 03865,Male,59,Madinah,Returning,2024-12-07
C03866,Customer 03866,Male,22,Jeddah,Returning,2026-02-04
C03867,Customer 03867,Male,26,Khobar,Returning,2025-12-23
C03868,Customer 03868,Male,28,Makkah,Returning,2025-08-11
C03869,Customer 03869,Male,48,Dammam,Returning,2024-05-18
C03870,Customer 03870,Male,22,Jeddah,Returning,2024-05-09
C03871,Customer 03871,Female,42,Khobar,Returning,2024-04-01
C03872,Customer 03872,Male,39,Khobar,Loyal,2025-05-06
C03873,Customer 03873,Male,60,Madinah,Loyal,2025-04-26
C03874,Customer 03874,Female,25,Khobar,New,2025-08-12
C03875,Customer 03875,Female,29,Khobar,Loyal,2026-01-20
C03876,Customer 03876,Male,40,Riyadh,Returning,2024-12-15
C03877,Customer 03877,Male,38,Madinah,Loyal,2024-01-09
C03878,Customer 03878,Male,62,Khobar,Loyal,2024-07-09
C03879,Customer 03879,Female,43,Dammam,New,2025-12-12
C03880,Customer 03880,Female,65,Madinah,Loyal,2024-11-15
C03881,Customer 03881,Male,28,Abha,Returning,2025-03-28
C03882,Customer 03882,Male,61,Riyadh,New,2025-10-14
C03883,Customer 03883,Male,18,Makkah,New,2024-07-31
C03884,Customer 03884,Female,21,Riyadh,Loyal,2024-09-28
C03885,Customer 03885,Male,30,Makkah,Loyal,2024-01-21
C03886,Customer 03886,Female,55,Jeddah,Returning,2024-10-09
C03887,Customer 03887,Female,36,Makkah,New,2024-08-13
C03888,Customer 03888,Male,54,Abha,Loyal,2025-06-16
C03889,Customer 03889,Male,42,Dammam,Loyal,2024-06-15
C03890,Customer 03890,Male,21,Makkah,Returning,2024-01-04
C03891,Customer 03891,Female,35,Makkah,New,2025-10-09
C03892,Customer 03892,Female,50,Madinah,Loyal,2024-10-25
C03893,Customer 03893,Female,37,Dammam,Loyal,2026-03-01
C03894,Customer 03894,Female,43,Makkah,New,2026-05-08
C03895,Customer 03895,Female,46,Madinah,Returning,2024-03-26
C03896,Customer 03896,Female,61,Abha,Loyal,2024-02-08
C03897,Customer 03897,Male,64,Khobar,Loyal,2026-03-03
C03898,Customer 03898,Male,48,Khobar,New,2026-04-06
C03899,Customer 03899,Male,32,Dammam,Returning,2024-04-12
C03900,Customer 03900,Female,29,Khobar,New,2026-03-18
C03901,Customer 03901,Male,60,Riyadh,Loyal,2025-06-23
C03902,Customer 03902,Male,30,Jeddah,Loyal,2024-03-31
C03903,Customer 03903,Female,64,Jeddah,Returning,2024-03-07
C03904,Customer 03904,Female,22,Khobar,New,2025-12-24
C03905,Customer 03905,Female,37,Khobar,Loyal,2024-10-19
C03906,Customer 03906,Male,38,Makkah,New,2024-04-17
C03907,Customer 03907,Female,25,Abha,Returning,2025-03-05
C03908,Customer 03908,Male,56,Makkah,Returning,2025-01-23
C03909,Customer 03909,Female,58,Makkah,Returning,2025-01-11
C03910,Customer 03910,Male,43,Madinah,Loyal,2024-05-22
C03911,Customer 03911,Male,37,Khobar,Loyal,2025-06-25
C03912,Customer 03912,Male,56,Jeddah,Returning,2026-02-15
C03913,Customer 03913,Female,21,Khobar,Loyal,2025-07-11
C03914,Customer 03914,Male,31,Dammam,New,2024-09-06
C03915,Customer 03915,Male,28,Abha,Returning,2025-04-29
C03916,Customer 03916,Female,28,Madinah,New,2025-06-15
C03917,Customer 03917,Female,51,Dammam,Returning,2024-07-20
C03918,Customer 03918,Female,64,Abha,Returning,2025-03-04
C03919,Customer 03919,Female,49,Khobar,New,2025-11-14
C03920,Customer 03920,Male,46,Abha,Returning,2026-01-31
C03921,Customer 03921,Male,38,Madinah,Loyal,2026-01-29
C03922,Customer 03922,Male,18,Makkah,New,2025-07-15
C03923,Customer 03923,Female,57,Khobar,Returning,2024-04-17
C03924,Customer 03924,Male,39,Jeddah,Returning,2026-05-29
C03925,Customer 03925,Male,28,Madinah,Returning,2025-01-08
C03926,Customer 03926,Female,29,Riyadh,Loyal,2024-04-17
C03927,Customer 03927,Female,20,Dammam,Returning,2026-05-13
C03928,Customer 03928,Male,59,Dammam,Returning,2026-04-29
C03929,Customer 03929,Female,27,Khobar,New,2024-05-10
C03930,Customer 03930,Female,42,Makkah,Returning,2026-05-19
C03931,Customer 03931,Male,33,Riyadh,New,2024-07-25
C03932,Customer 03932,Female,37,Khobar,Returning,2025-03-31
C03933,Customer 03933,Male,29,Madinah,Returning,2024-01-03
C03934,Customer 03934,Female,52,Jeddah,New,2025-10-29
C03935,Customer 03935,Female,25,Abha,New,2025-05-28
C03936,Customer 03936,Male,36,Riyadh,Returning,2025-09-01
C03937,Customer 03937,Female,63,Makkah,Returning,2024-04-17
C03938,Customer 03938,Male,59,Riyadh,Returning,2024-06-19
C03939,Customer 03939,Female,44,Riyadh,New,2025-03-27
C03940,Customer 03940,Female,38,Dammam,Loyal,2025-02-05
C03941,Customer 03941,Male,27,Riyadh,New,2025-08-26
C03942,Customer 03942,Female,43,Dammam,Returning,2026-05-24
C03943,Customer 03943,Male,42,Madinah,Loyal,2026-04-17
C03944,Customer 03944,Female,21,Khobar,Returning,2025-09-19
C03945,Customer 03945,Male,30,Makkah,New,2025-03-23
C03946,Customer 03946,Male,53,Khobar,Loyal,2025-08-15
C03947,Customer 03947,Male,27,Makkah,Returning,2025-12-04
C03948,Customer 03948,Female,65,Dammam,Returning,2024-02-09
C03949,Customer 03949,Male,61,Abha,Returning,2024-04-06
C03950,Customer 03950,Male,47,Abha,Returning,2025-09-30
C03951,Customer 03951,Male,65,Riyadh,New,2024-03-03
C03952,Customer 03952,Female,25,Khobar,New,2024-03-25
C03953,Customer 03953,Male,54,Dammam,Returning,2024-03-21
C03954,Customer 03954,Female,20,Dammam,Returning,2024-12-29
C03955,Customer 03955,Female,54,Abha,Returning,2026-03-24
C03956,Customer 03956,Female,55,Dammam,Returning,2026-02-21
C03957,Customer 03957,Male,53,Abha,Loyal,2026-02-10
C03958,Customer 03958,Female,49,Makkah,Returning,2024-10-08
C03959,Customer 03959,Male,61,Khobar,Loyal,2025-12-11
C03960,Customer 03960,Female,27,Jeddah,Loyal,2025-06-01
C03961,Customer 03961,Female,61,Dammam,Returning,2024-06-29
C03962,Customer 03962,Male,50,Makkah,New,2026-05-17
C03963,Customer 03963,Female,51,Abha,New,2026-05-13
C03964,Customer 03964,Male,44,Jeddah,Returning,2024-12-08
C03965,Customer 03965,Female,65,Makkah,Returning,2025-12-02
C03966,Customer 03966,Female,54,Dammam,Returning,2024-09-29
C03967,Customer 03967,Male,46,Abha,Returning,2025-12-02
C03968,Customer 03968,Male,31,Abha,Returning,2025-09-29
C03969,Customer 03969,Male,52,Madinah,Loyal,2026-02-07
C03970,Customer 03970,Male,22,Riyadh,Returning,2025-09-13
C03971,Customer 03971,Male,55,Madinah,Returning,2024-01-14
C03972,Customer 03972,Male,45,Madinah,Returning,2025-05-11
C03973,Customer 03973,Female,31,Madinah,Returning,2025-10-04
C03974,Customer 03974,Male,24,Madinah,Returning,2024-02-14
C03975,Customer 03975,Female,38,Khobar,New,2025-08-08
C03976,Customer 03976,Male,22,Riyadh,Returning,2024-04-12
C03977,Customer 03977,Female,40,Jeddah,New,2024-04-11
C03978,Customer 03978,Female,63,Makkah,New,2024-07-02
C03979,Customer 03979,Female,33,Madinah,Returning,2024-04-13
C03980,Customer 03980,Male,27,Jeddah,Returning,2024-07-18
C03981,Customer 03981,Female,51,Madinah,Returning,2024-11-05
C03982,Customer 03982,Male,31,Abha,Loyal,2024-11-07
C03983,Customer 03983,Male,47,Dammam,Returning,2024-02-22
C03984,Customer 03984,Male,22,Dammam,Returning,2026-01-11
C03985,Customer 03985,Male,45,Makkah,Loyal,2026-03-07
C03986,Customer 03986,Male,19,Khobar,New,2024-04-12
C03987,Customer 03987,Male,40,Jeddah,Returning,2024-01-15
C03988,Customer 03988,Male,25,Jeddah,Returning,2024-07-07
C03989,Customer 03989,Male,45,Khobar,Loyal,2024-06-27
C03990,Customer 03990,Female,42,Dammam,Loyal,2024-07-24
C03991,Customer 03991,Female,54,Dammam,Loyal,2026-04-09
C03992,Customer 03992,Female,43,Jeddah,Returning,2024-08-11
C03993,Customer 03993,Female,50,Makkah,Returning,2024-07-11
C03994,Customer 03994,Male,29,Jeddah,New,2026-04-05
C03995,Customer 03995,Male,30,Riyadh,Returning,2025-03-09
C03996,Customer 03996,Male,49,Khobar,Returning,2025-08-13
C03997,Customer 03997,Female,30,Abha,Returning,2026-02-27
C03998,Customer 03998,Male,37,Dammam,New,2026-01-08
C03999,Customer 03999,Female,22,Riyadh,New,2025-12-25
C04000,Customer 04000,Female,22,Jeddah,New,2025-01-01
C04001,Customer 04001,Female,49,Jeddah,Returning,2026-04-17
C04002,Customer 04002,Male,62,Dammam,New,2024-12-19
C04003,Customer 04003,Female,59,Madinah,Loyal,2026-04-04
C04004,Customer 04004,Male,33,Madinah,Loyal,2025-01-06
C04005,Customer 04005,Male,52,Abha,Loyal,2026-02-28
C04006,Customer 04006,Female,27,Riyadh,Returning,2026-02-10
C04007,Customer 04007,Male,21,Abha,Loyal,2026-06-03
C04008,Customer 04008,Female,37,Abha,Returning,2024-08-14
C04009,Customer 04009,Male,24,Riyadh,Returning,2025-05-19
C04010,Customer 04010,Male,62,Makkah,Loyal,2024-04-23
C04011,Customer 04011,Male,32,Khobar,Returning,2025-07-06
C04012,Customer 04012,Male,57,Makkah,Returning,2025-12-26
C04013,Customer 04013,Male,52,Abha,Returning,2025-05-17
C04014,Customer 04014,Female,23,Jeddah,Returning,2024-09-17
C04015,Customer 04015,Male,24,Dammam,Returning,2024-05-05
C04016,Customer 04016,Male,51,Riyadh,New,2024-08-28
C04017,Customer 04017,Male,20,Abha,Returning,2024-11-04
C04018,Customer 04018,Male,40,Riyadh,Loyal,2025-04-15
C04019,Customer 04019,Female,53,Dammam,Returning,2025-04-02
C04020,Customer 04020,Female,46,Khobar,Returning,2025-03-17
C04021,Customer 04021,Male,55,Khobar,Loyal,2024-01-30
C04022,Customer 04022,Male,49,Riyadh,New,2024-06-22
C04023,Customer 04023,Female,18,Khobar,New,2024-08-29
C04024,Customer 04024,Female,59,Abha,New,2025-03-06
C04025,Customer 04025,Female,48,Riyadh,Loyal,2024-06-08
C04026,Customer 04026,Female,22,Makkah,New,2025-04-30
C04027,Customer 04027,Female,28,Jeddah,Loyal,2024-07-18
C04028,Customer 04028,Female,63,Makkah,Returning,2025-05-18
C04029,Customer 04029,Male,49,Jeddah,New,2026-02-19
C04030,Customer 04030,Female,27,Khobar,Returning,2026-03-14
C04031,Customer 04031,Female,58,Abha,Returning,2026-04-08
C04032,Customer 04032,Male,27,Dammam,New,2025-08-10
C04033,Customer 04033,Female,48,Madinah,Returning,2026-06-13
C04034,Customer 04034,Female,59,Makkah,New,2024-11-19
C04035,Customer 04035,Female,24,Makkah,Returning,2025-10-26
C04036,Customer 04036,Male,20,Jeddah,New,2026-02-27
C04037,Customer 04037,Male,24,Madinah,Loyal,2025-08-02
C04038,Customer 04038,Female,42,Abha,Loyal,2026-04-23
C04039,Customer 04039,Male,37,Jeddah,Loyal,2025-10-21
C04040,Customer 04040,Male,26,Makkah,Returning,2025-04-03
C04041,Customer 04041,Female,56,Makkah,New,2025-10-28
C04042,Customer 04042,Male,52,Madinah,Loyal,2026-06-10
C04043,Customer 04043,Female,29,Riyadh,Loyal,2024-08-26
C04044,Customer 04044,Female,19,Riyadh,New,2026-02-01
C04045,Customer 04045,Female,45,Riyadh,Returning,2026-03-17
C04046,Customer 04046,Female,29,Abha,New,2024-04-24
C04047,Customer 04047,Female,60,Madinah,New,2025-10-17
C04048,Customer 04048,Female,25,Dammam,New,2025-04-26
C04049,Customer 04049,Female,23,Riyadh,New,2026-06-04
C04050,Customer 04050,Female,35,Dammam,Returning,2026-01-25
C04051,Customer 04051,Male,26,Riyadh,Returning,2025-10-16
C04052,Customer 04052,Male,23,Makkah,Returning,2024-09-30
C04053,Customer 04053,Female,59,Makkah,Loyal,2024-02-25
C04054,Customer 04054,Female,33,Jeddah,New,2026-06-09
C04055,Customer 04055,Female,39,Makkah,Returning,2025-03-08
C04056,Customer 04056,Female,31,Riyadh,New,2024-06-27
C04057,Customer 04057,Female,46,Abha,New,2024-04-01
C04058,Customer 04058,Male,55,Jeddah,Returning,2024-01-24
C04059,Customer 04059,Female,52,Jeddah,Loyal,2025-05-23
C04060,Customer 04060,Female,25,Abha,Loyal,2024-08-30
C04061,Customer 04061,Male,51,Madinah,Returning,2025-05-14
C04062,Customer 04062,Male,42,Dammam,Returning,2026-06-04
C04063,Customer 04063,Female,62,Khobar,New,2024-07-04
C04064,Customer 04064,Male,42,Jeddah,Loyal,2026-03-16
C04065,Customer 04065,Female,48,Makkah,Returning,2024-04-19
C04066,Customer 04066,Female,26,Makkah,New,2025-10-11
C04067,Customer 04067,Male,22,Makkah,Returning,2025-05-28
C04068,Customer 04068,Female,21,Khobar,Returning,2025-04-07
C04069,Customer 04069,Female,45,Dammam,Returning,2025-09-02
C04070,Customer 04070,Male,65,Riyadh,New,2024-11-08
C04071,Customer 04071,Male,33,Dammam,Loyal,2026-01-14
C04072,Customer 04072,Female,50,Riyadh,Returning,2024-07-17
C04073,Customer 04073,Male,57,Jeddah,Returning,2025-05-30
C04074,Customer 04074,Male,30,Makkah,Returning,2024-07-13
C04075,Customer 04075,Male,58,Makkah,Returning,2024-12-21
C04076,Customer 04076,Female,29,Makkah,Returning,2024-07-18
C04077,Customer 04077,Male,32,Abha,New,2024-12-05
C04078,Customer 04078,Male,64,Abha,Loyal,2024-04-22
C04079,Customer 04079,Female,47,Khobar,Loyal,2024-06-06
C04080,Customer 04080,Female,41,Khobar,Returning,2026-03-03
C04081,Customer 04081,Male,27,Dammam,New,2025-09-20
C04082,Customer 04082,Female,20,Madinah,Returning,2024-03-19
C04083,Customer 04083,Male,58,Madinah,New,2026-02-17
C04084,Customer 04084,Male,50,Khobar,Returning,2024-05-24
C04085,Customer 04085,Male,56,Jeddah,New,2024-04-22
C04086,Customer 04086,Male,53,Riyadh,Returning,2026-06-15
C04087,Customer 04087,Male,51,Dammam,Loyal,2025-12-03
C04088,Customer 04088,Male,48,Riyadh,New,2025-11-03
C04089,Customer 04089,Male,38,Madinah,Returning,2024-05-21
C04090,Customer 04090,Female,56,Riyadh,Returning,2026-02-09
C04091,Customer 04091,Female,35,Riyadh,Loyal,2025-08-27
C04092,Customer 04092,Female,36,Riyadh,Returning,2026-04-06
C04093,Customer 04093,Female,41,Dammam,Returning,2026-01-25
C04094,Customer 04094,Female,46,Makkah,Returning,2024-09-30
C04095,Customer 04095,Female,37,Madinah,Returning,2026-05-07
C04096,Customer 04096,Male,65,Khobar,New,2026-01-22
C04097,Customer 04097,Male,26,Abha,Returning,2025-04-13
C04098,Customer 04098,Female,36,Madinah,New,2024-05-22
C04099,Customer 04099,Male,39,Abha,Returning,2025-06-23
C04100,Customer 04100,Male,23,Makkah,New,2025-04-07
C04101,Customer 04101,Male,40,Jeddah,New,2026-03-11
C04102,Customer 04102,Male,18,Dammam,Returning,2025-10-09
C04103,Customer 04103,Female,24,Khobar,New,2026-01-07
C04104,Customer 04104,Male,62,Abha,Returning,2026-01-24
C04105,Customer 04105,Male,65,Madinah,Loyal,2025-03-31
C04106,Customer 04106,Female,23,Dammam,Returning,2024-12-26
C04107,Customer 04107,Female,55,Riyadh,Returning,2024-02-03
C04108,Customer 04108,Male,64,Madinah,New,2024-02-25
C04109,Customer 04109,Male,57,Dammam,New,2024-01-29
C04110,Customer 04110,Male,31,Madinah,New,2025-12-21
C04111,Customer 04111,Female,45,Riyadh,Returning,2024-03-03
C04112,Customer 04112,Female,32,Riyadh,Loyal,2024-08-20
C04113,Customer 04113,Male,64,Makkah,Returning,2024-01-23
C04114,Customer 04114,Male,55,Jeddah,Loyal,2024-05-05
C04115,Customer 04115,Male,48,Riyadh,Returning,2026-03-11
C04116,Customer 04116,Male,44,Abha,New,2024-07-23
C04117,Customer 04117,Female,59,Madinah,Returning,2025-10-13
C04118,Customer 04118,Male,52,Khobar,Loyal,2026-04-14
C04119,Customer 04119,Female,38,Dammam,Returning,2025-11-08
C04120,Customer 04120,Male,41,Jeddah,Returning,2025-02-06
C04121,Customer 04121,Female,24,Jeddah,Loyal,2024-09-19
C04122,Customer 04122,Male,34,Makkah,Returning,2026-03-29
C04123,Customer 04123,Female,54,Dammam,Returning,2025-02-17
C04124,Customer 04124,Female,20,Jeddah,New,2025-04-23
C04125,Customer 04125,Male,36,Riyadh,New,2025-11-11
C04126,Customer 04126,Male,37,Khobar,Returning,2024-05-12
C04127,Customer 04127,Male,53,Makkah,Loyal,2025-03-09
C04128,Customer 04128,Male,56,Dammam,New,2025-11-06
C04129,Customer 04129,Male,22,Dammam,New,2026-06-15
C04130,Customer 04130,Female,23,Makkah,Loyal,2025-06-15
C04131,Customer 04131,Female,63,Jeddah,Returning,2026-03-18
C04132,Customer 04132,Male,26,Abha,Returning,2024-06-07
C04133,Customer 04133,Male,62,Abha,Loyal,2026-06-17
C04134,Customer 04134,Female,47,Abha,Returning,2024-04-22
C04135,Customer 04135,Female,23,Abha,Returning,2025-02-21
C04136,Customer 04136,Male,34,Jeddah,Returning,2024-06-11
C04137,Customer 04137,Male,62,Madinah,New,2024-12-03
C04138,Customer 04138,Female,32,Jeddah,Loyal,2024-10-02
C04139,Customer 04139,Female,18,Abha,New,2025-09-08
C04140,Customer 04140,Female,37,Riyadh,New,2025-02-06
C04141,Customer 04141,Male,25,Riyadh,Returning,2025-02-13
C04142,Customer 04142,Male,53,Riyadh,Loyal,2025-02-03
C04143,Customer 04143,Female,49,Riyadh,Loyal,2025-01-02
C04144,Customer 04144,Female,37,Makkah,Returning,2025-03-07
C04145,Customer 04145,Male,19,Madinah,New,2025-09-13
C04146,Customer 04146,Male,57,Dammam,New,2024-03-12
C04147,Customer 04147,Male,48,Jeddah,New,2025-04-16
C04148,Customer 04148,Female,40,Jeddah,New,2025-12-10
C04149,Customer 04149,Male,25,Jeddah,Loyal,2024-05-07
C04150,Customer 04150,Female,24,Makkah,New,2024-02-20
C04151,Customer 04151,Female,34,Khobar,New,2026-06-02
C04152,Customer 04152,Male,40,Madinah,Loyal,2024-01-02
C04153,Customer 04153,Male,26,Madinah,Returning,2024-01-24
C04154,Customer 04154,Male,26,Madinah,New,2025-07-05
C04155,Customer 04155,Female,54,Abha,Returning,2024-07-31
C04156,Customer 04156,Male,26,Abha,Returning,2025-08-21
C04157,Customer 04157,Female,42,Abha,Loyal,2025-02-28
C04158,Customer 04158,Female,18,Makkah,Returning,2026-05-28
C04159,Customer 04159,Male,18,Riyadh,Returning,2025-10-23
C04160,Customer 04160,Male,37,Abha,Returning,2026-04-30
C04161,Customer 04161,Female,60,Makkah,Returning,2025-09-29
C04162,Customer 04162,Male,52,Jeddah,Returning,2025-11-02
C04163,Customer 04163,Male,36,Madinah,Loyal,2024-07-13
C04164,Customer 04164,Female,62,Khobar,Returning,2024-11-20
C04165,Customer 04165,Female,42,Madinah,Returning,2026-03-02
C04166,Customer 04166,Female,49,Dammam,New,2026-01-14
C04167,Customer 04167,Female,35,Jeddah,Returning,2026-02-20
C04168,Customer 04168,Male,26,Jeddah,Returning,2025-11-11
C04169,Customer 04169,Female,44,Abha,Returning,2025-02-14
C04170,Customer 04170,Male,53,Dammam,New,2025-08-23
C04171,Customer 04171,Male,50,Dammam,New,2024-12-11
C04172,Customer 04172,Female,24,Madinah,Returning,2026-05-21
C04173,Customer 04173,Female,25,Jeddah,Returning,2025-08-02
C04174,Customer 04174,Female,64,Riyadh,New,2025-04-01
C04175,Customer 04175,Male,24,Makkah,Loyal,2025-05-20
C04176,Customer 04176,Female,37,Makkah,New,2026-04-21
C04177,Customer 04177,Female,18,Jeddah,Returning,2025-02-12
C04178,Customer 04178,Male,20,Riyadh,Loyal,2024-05-30
C04179,Customer 04179,Male,25,Madinah,New,2025-04-24
C04180,Customer 04180,Female,27,Madinah,Returning,2026-02-17
C04181,Customer 04181,Female,38,Abha,Returning,2026-06-07
C04182,Customer 04182,Female,32,Madinah,Returning,2025-08-11
C04183,Customer 04183,Female,28,Dammam,Returning,2026-02-18
C04184,Customer 04184,Male,43,Madinah,Loyal,2024-01-26
C04185,Customer 04185,Male,45,Dammam,Returning,2024-01-22
C04186,Customer 04186,Female,65,Makkah,New,2024-08-25
C04187,Customer 04187,Female,49,Madinah,Loyal,2024-06-26
C04188,Customer 04188,Female,45,Khobar,Loyal,2025-06-06
C04189,Customer 04189,Male,43,Madinah,Returning,2024-08-28
C04190,Customer 04190,Male,18,Riyadh,New,2025-12-20
C04191,Customer 04191,Female,28,Dammam,Returning,2025-02-08
C04192,Customer 04192,Female,49,Abha,Loyal,2026-03-17
C04193,Customer 04193,Male,60,Jeddah,Returning,2025-08-15
C04194,Customer 04194,Male,63,Jeddah,New,2025-06-25
C04195,Customer 04195,Female,33,Makkah,Returning,2025-03-24
C04196,Customer 04196,Male,18,Makkah,Loyal,2025-03-17
C04197,Customer 04197,Male,32,Jeddah,Returning,2026-05-10
C04198,Customer 04198,Male,54,Dammam,New,2024-03-09
C04199,Customer 04199,Female,19,Khobar,Loyal,2025-07-14
C04200,Customer 04200,Female,49,Riyadh,Returning,2024-04-05
C04201,Customer 04201,Female,30,Dammam,New,2025-12-20
C04202,Customer 04202,Male,30,Madinah,Returning,2025-01-11
C04203,Customer 04203,Male,33,Dammam,Returning,2025-03-03
C04204,Customer 04204,Female,23,Khobar,Loyal,2024-01-21
C04205,Customer 04205,Male,19,Riyadh,New,2024-09-26
C04206,Customer 04206,Male,20,Jeddah,New,2025-11-14
C04207,Customer 04207,Female,58,Khobar,Loyal,2024-09-25
C04208,Customer 04208,Female,47,Riyadh,Returning,2024-08-30
C04209,Customer 04209,Female,60,Khobar,Returning,2025-12-07
C04210,Customer 04210,Male,56,Jeddah,Returning,2024-11-01
C04211,Customer 04211,Male,22,Riyadh,Returning,2024-12-29
C04212,Customer 04212,Male,26,Madinah,New,2024-02-19
C04213,Customer 04213,Male,64,Dammam,Returning,2026-01-23
C04214,Customer 04214,Female,37,Khobar,Returning,2024-01-09
C04215,Customer 04215,Female,48,Madinah,New,2026-02-28
C04216,Customer 04216,Female,19,Madinah,Returning,2024-11-27
C04217,Customer 04217,Female,61,Madinah,New,2026-06-15
C04218,Customer 04218,Male,56,Riyadh,Loyal,2024-06-04
C04219,Customer 04219,Male,39,Dammam,New,2025-09-27
C04220,Customer 04220,Male,49,Dammam,Returning,2025-06-29
C04221,Customer 04221,Female,58,Dammam,Returning,2024-11-05
C04222,Customer 04222,Female,56,Abha,Loyal,2025-04-20
C04223,Customer 04223,Female,23,Abha,New,2025-08-01
C04224,Customer 04224,Female,24,Jeddah,Returning,2024-04-02
C04225,Customer 04225,Male,28,Khobar,New,2024-06-15
C04226,Customer 04226,Male,35,Jeddah,Returning,2025-02-26
C04227,Customer 04227,Female,41,Jeddah,New,2024-10-18
C04228,Customer 04228,Female,23,Makkah,New,2026-04-14
C04229,Customer 04229,Male,29,Dammam,Returning,2026-04-06
C04230,Customer 04230,Female,29,Madinah,Returning,2024-03-27
C04231,Customer 04231,Female,37,Khobar,New,2024-08-31
C04232,Customer 04232,Female,36,Madinah,Loyal,2024-04-18
C04233,Customer 04233,Male,43,Riyadh,Returning,2024-04-25
C04234,Customer 04234,Male,64,Jeddah,Returning,2024-07-13
C04235,Customer 04235,Male,64,Dammam,Loyal,2026-01-14
C04236,Customer 04236,Female,34,Khobar,Returning,2025-06-14
C04237,Customer 04237,Male,41,Riyadh,Returning,2026-02-19
C04238,Customer 04238,Female,33,Dammam,New,2024-05-08
C04239,Customer 04239,Female,23,Riyadh,Returning,2024-01-30
C04240,Customer 04240,Female,37,Jeddah,Returning,2024-02-10
C04241,Customer 04241,Male,24,Khobar,Loyal,2025-01-08
C04242,Customer 04242,Male,37,Jeddah,Returning,2024-05-17
C04243,Customer 04243,Female,43,Riyadh,New,2026-01-03
C04244,Customer 04244,Female,24,Makkah,Loyal,2026-05-21
C04245,Customer 04245,Male,41,Jeddah,New,2024-05-08
C04246,Customer 04246,Female,45,Dammam,New,2024-09-14
C04247,Customer 04247,Female,21,Riyadh,New,2024-04-18
C04248,Customer 04248,Female,25,Makkah,New,2025-08-31
C04249,Customer 04249,Male,52,Abha,New,2026-04-24
C04250,Customer 04250,Male,39,Riyadh,Returning,2024-02-17
C04251,Customer 04251,Female,49,Dammam,Loyal,2024-05-28
C04252,Customer 04252,Male,34,Dammam,New,2026-01-03
C04253,Customer 04253,Female,25,Khobar,Returning,2025-06-30
C04254,Customer 04254,Female,34,Jeddah,New,2024-04-02
C04255,Customer 04255,Female,65,Jeddah,New,2024-06-04
C04256,Customer 04256,Female,57,Makkah,Returning,2024-08-16
C04257,Customer 04257,Male,38,Madinah,New,2025-04-14
C04258,Customer 04258,Female,22,Makkah,Returning,2026-04-07
C04259,Customer 04259,Male,32,Dammam,Returning,2026-04-11
C04260,Customer 04260,Male,24,Jeddah,Returning,2024-05-11
C04261,Customer 04261,Female,55,Dammam,New,2024-09-12
C04262,Customer 04262,Female,35,Makkah,Returning,2024-11-17
C04263,Customer 04263,Female,42,Dammam,New,2024-04-25
C04264,Customer 04264,Male,34,Dammam,New,2024-02-11
C04265,Customer 04265,Female,45,Khobar,Returning,2026-02-13
C04266,Customer 04266,Male,43,Jeddah,New,2026-05-27
C04267,Customer 04267,Male,22,Abha,Returning,2025-03-29
C04268,Customer 04268,Female,47,Jeddah,Returning,2024-03-31
C04269,Customer 04269,Female,21,Makkah,New,2026-06-06
C04270,Customer 04270,Female,45,Jeddah,Returning,2024-05-20
C04271,Customer 04271,Female,61,Jeddah,New,2026-03-08
C04272,Customer 04272,Male,23,Jeddah,Loyal,2025-03-15
C04273,Customer 04273,Female,30,Riyadh,New,2025-07-31
C04274,Customer 04274,Male,65,Riyadh,Returning,2024-04-10
C04275,Customer 04275,Female,31,Riyadh,New,2024-10-12
C04276,Customer 04276,Female,20,Jeddah,Loyal,2026-01-25
C04277,Customer 04277,Female,23,Khobar,Returning,2024-05-29
C04278,Customer 04278,Male,58,Madinah,Returning,2024-04-05
C04279,Customer 04279,Male,21,Madinah,Loyal,2025-03-23
C04280,Customer 04280,Male,50,Dammam,Returning,2024-11-19
C04281,Customer 04281,Female,24,Jeddah,Returning,2026-06-10
C04282,Customer 04282,Female,33,Jeddah,New,2024-12-03
C04283,Customer 04283,Female,50,Riyadh,Returning,2026-02-21
C04284,Customer 04284,Female,37,Abha,Loyal,2026-06-13
C04285,Customer 04285,Male,31,Makkah,Returning,2024-10-27
C04286,Customer 04286,Female,49,Khobar,Returning,2025-09-26
C04287,Customer 04287,Female,64,Khobar,Returning,2024-07-14
C04288,Customer 04288,Male,49,Khobar,Returning,2025-12-16
C04289,Customer 04289,Male,49,Madinah,Returning,2026-03-17
C04290,Customer 04290,Male,56,Makkah,Returning,2026-06-16
C04291,Customer 04291,Female,57,Makkah,Returning,2025-05-15
C04292,Customer 04292,Male,47,Khobar,New,2026-05-20
C04293,Customer 04293,Female,28,Riyadh,New,2025-12-03
C04294,Customer 04294,Male,18,Madinah,Loyal,2026-04-10
C04295,Customer 04295,Male,32,Madinah,Loyal,2024-07-19
C04296,Customer 04296,Female,47,Riyadh,Returning,2026-06-02
C04297,Customer 04297,Female,24,Riyadh,New,2024-12-26
C04298,Customer 04298,Female,18,Makkah,Returning,2024-10-24
C04299,Customer 04299,Female,44,Madinah,Loyal,2024-08-21
C04300,Customer 04300,Female,20,Khobar,Returning,2026-03-01
C04301,Customer 04301,Male,32,Madinah,Loyal,2025-04-24
C04302,Customer 04302,Female,25,Khobar,Loyal,2024-09-12
C04303,Customer 04303,Male,22,Khobar,Loyal,2025-03-16
C04304,Customer 04304,Female,18,Jeddah,New,2024-09-28
C04305,Customer 04305,Female,24,Makkah,New,2024-10-09
C04306,Customer 04306,Male,37,Jeddah,New,2024-02-22
C04307,Customer 04307,Female,56,Riyadh,Returning,2025-11-13
C04308,Customer 04308,Female,22,Khobar,Returning,2025-05-03
C04309,Customer 04309,Male,30,Makkah,New,2024-03-16
C04310,Customer 04310,Female,34,Abha,New,2025-06-15
C04311,Customer 04311,Male,41,Dammam,Returning,2024-12-25
C04312,Customer 04312,Female,47,Khobar,Returning,2026-05-21
C04313,Customer 04313,Male,37,Riyadh,Loyal,2025-05-19
C04314,Customer 04314,Female,45,Abha,Loyal,2024-12-05
C04315,Customer 04315,Female,52,Jeddah,Loyal,2024-10-26
C04316,Customer 04316,Female,27,Dammam,New,2024-09-28
C04317,Customer 04317,Male,65,Khobar,Returning,2025-07-05
C04318,Customer 04318,Male,43,Riyadh,New,2024-04-09
C04319,Customer 04319,Female,25,Riyadh,New,2024-11-09
C04320,Customer 04320,Female,33,Riyadh,New,2026-06-07
C04321,Customer 04321,Male,33,Abha,Returning,2024-04-25
C04322,Customer 04322,Male,18,Khobar,Returning,2024-05-07
C04323,Customer 04323,Male,28,Makkah,New,2024-04-27
C04324,Customer 04324,Male,25,Dammam,Returning,2025-04-19
C04325,Customer 04325,Male,20,Jeddah,Loyal,2024-08-25
C04326,Customer 04326,Male,22,Madinah,Returning,2025-12-13
C04327,Customer 04327,Male,55,Jeddah,New,2025-05-15
C04328,Customer 04328,Male,63,Khobar,New,2025-11-04
C04329,Customer 04329,Male,46,Dammam,Loyal,2025-04-07
C04330,Customer 04330,Female,49,Riyadh,New,2024-04-16
C04331,Customer 04331,Male,30,Khobar,Returning,2024-05-08
C04332,Customer 04332,Female,43,Madinah,New,2024-06-27
C04333,Customer 04333,Female,53,Madinah,Loyal,2024-07-07
C04334,Customer 04334,Male,40,Khobar,Returning,2025-11-27
C04335,Customer 04335,Male,61,Jeddah,Returning,2024-10-08
C04336,Customer 04336,Female,38,Dammam,Loyal,2024-12-11
C04337,Customer 04337,Male,56,Jeddah,Returning,2024-12-03
C04338,Customer 04338,Female,63,Dammam,Returning,2026-06-09
C04339,Customer 04339,Female,46,Madinah,Returning,2026-03-24
C04340,Customer 04340,Female,44,Abha,Loyal,2024-07-09
C04341,Customer 04341,Female,39,Madinah,New,2025-09-20
C04342,Customer 04342,Female,47,Khobar,Returning,2025-05-14
C04343,Customer 04343,Female,22,Abha,Returning,2024-05-28
C04344,Customer 04344,Male,63,Khobar,Returning,2025-12-01
C04345,Customer 04345,Female,38,Jeddah,Returning,2024-07-09
C04346,Customer 04346,Female,31,Khobar,Returning,2024-09-21
C04347,Customer 04347,Male,47,Dammam,Returning,2024-04-04
C04348,Customer 04348,Female,34,Khobar,Returning,2026-03-23
C04349,Customer 04349,Female,36,Khobar,Returning,2026-01-05
C04350,Customer 04350,Male,60,Abha,Returning,2024-08-12
C04351,Customer 04351,Female,58,Madinah,New,2024-10-10
C04352,Customer 04352,Female,37,Riyadh,Loyal,2025-04-06
C04353,Customer 04353,Female,18,Makkah,Loyal,2025-04-05
C04354,Customer 04354,Male,44,Abha,New,2024-08-12
C04355,Customer 04355,Female,48,Dammam,Returning,2025-06-25
C04356,Customer 04356,Male,30,Madinah,Returning,2024-09-16
C04357,Customer 04357,Male,48,Madinah,New,2025-11-22
C04358,Customer 04358,Male,26,Madinah,Returning,2024-04-21
C04359,Customer 04359,Female,55,Abha,New,2024-01-24
C04360,Customer 04360,Male,46,Madinah,New,2024-07-22
C04361,Customer 04361,Female,32,Makkah,Returning,2024-11-29
C04362,Customer 04362,Female,22,Dammam,Returning,2026-04-16
C04363,Customer 04363,Female,50,Dammam,Returning,2025-12-16
C04364,Customer 04364,Male,42,Abha,Loyal,2026-02-24
C04365,Customer 04365,Female,56,Jeddah,Loyal,2024-02-02
C04366,Customer 04366,Male,32,Madinah,Loyal,2024-04-17
C04367,Customer 04367,Female,50,Abha,Returning,2025-08-22
C04368,Customer 04368,Male,37,Dammam,New,2026-05-20
C04369,Customer 04369,Female,20,Khobar,Returning,2025-12-26
C04370,Customer 04370,Female,53,Dammam,Loyal,2026-05-13
C04371,Customer 04371,Female,35,Abha,Returning,2024-04-26
C04372,Customer 04372,Female,23,Khobar,Returning,2024-02-12
C04373,Customer 04373,Male,47,Jeddah,Returning,2024-12-04
C04374,Customer 04374,Female,54,Dammam,New,2024-11-12
C04375,Customer 04375,Male,29,Dammam,Returning,2025-06-08
C04376,Customer 04376,Male,30,Madinah,Returning,2025-04-16
C04377,Customer 04377,Male,45,Jeddah,Loyal,2026-05-13
C04378,Customer 04378,Male,42,Dammam,Loyal,2024-04-01
C04379,Customer 04379,Male,57,Riyadh,Returning,2026-01-20
C04380,Customer 04380,Female,25,Riyadh,New,2024-11-15
C04381,Customer 04381,Female,57,Dammam,New,2026-01-05
C04382,Customer 04382,Female,35,Riyadh,Returning,2025-02-21
C04383,Customer 04383,Male,61,Madinah,Returning,2024-04-05
C04384,Customer 04384,Female,26,Madinah,New,2024-05-25
C04385,Customer 04385,Male,33,Jeddah,Returning,2026-01-28
C04386,Customer 04386,Female,40,Dammam,Returning,2025-04-15
C04387,Customer 04387,Female,45,Jeddah,Loyal,2025-04-04
C04388,Customer 04388,Female,51,Dammam,New,2025-05-25
C04389,Customer 04389,Male,60,Makkah,Loyal,2025-07-19
C04390,Customer 04390,Male,26,Riyadh,Loyal,2025-02-25
C04391,Customer 04391,Female,34,Makkah,Returning,2025-02-28
C04392,Customer 04392,Female,34,Madinah,Returning,2025-05-19
C04393,Customer 04393,Female,42,Makkah,New,2024-03-24
C04394,Customer 04394,Male,37,Khobar,Returning,2026-06-16
C04395,Customer 04395,Male,35,Abha,Returning,2024-12-25
C04396,Customer 04396,Female,59,Riyadh,New,2026-04-25
C04397,Customer 04397,Female,48,Makkah,New,2024-09-24
C04398,Customer 04398,Female,33,Makkah,Loyal,2025-07-07
C04399,Customer 04399,Female,42,Makkah,Returning,2025-08-26
C04400,Customer 04400,Male,50,Abha,Returning,2026-05-10
C04401,Customer 04401,Female,33,Makkah,Returning,2024-10-09
C04402,Customer 04402,Female,58,Madinah,Returning,2024-02-15
C04403,Customer 04403,Male,40,Khobar,Loyal,2025-01-30
C04404,Customer 04404,Female,58,Makkah,Returning,2025-06-21
C04405,Customer 04405,Male,60,Khobar,Loyal,2025-02-08
C04406,Customer 04406,Male,51,Makkah,New,2024-01-14
C04407,Customer 04407,Male,55,Dammam,Loyal,2025-09-30
C04408,Customer 04408,Female,63,Jeddah,Returning,2024-07-12
C04409,Customer 04409,Female,55,Riyadh,Loyal,2025-04-13
C04410,Customer 04410,Male,64,Abha,Returning,2026-01-05
C04411,Customer 04411,Male,36,Riyadh,Loyal,2026-04-22
C04412,Customer 04412,Female,62,Dammam,New,2025-06-27
C04413,Customer 04413,Female,41,Dammam,Loyal,2025-05-23
C04414,Customer 04414,Male,38,Abha,Returning,2024-03-04
C04415,Customer 04415,Male,56,Riyadh,Loyal,2024-04-04
C04416,Customer 04416,Male,19,Dammam,Returning,2026-03-08
C04417,Customer 04417,Female,57,Khobar,New,2025-02-16
C04418,Customer 04418,Female,64,Abha,Loyal,2026-05-10
C04419,Customer 04419,Female,30,Riyadh,Loyal,2024-10-08
C04420,Customer 04420,Male,64,Riyadh,Returning,2025-03-05
C04421,Customer 04421,Male,65,Jeddah,Loyal,2025-08-02
C04422,Customer 04422,Female,52,Jeddah,New,2024-01-21
C04423,Customer 04423,Male,35,Abha,Returning,2025-10-21
C04424,Customer 04424,Male,31,Madinah,Returning,2024-02-07
C04425,Customer 04425,Female,40,Dammam,Returning,2026-05-17
C04426,Customer 04426,Male,50,Dammam,New,2024-07-28
C04427,Customer 04427,Female,57,Abha,Loyal,2025-08-09
C04428,Customer 04428,Female,64,Khobar,Returning,2024-05-30
C04429,Customer 04429,Female,39,Dammam,Loyal,2025-10-20
C04430,Customer 04430,Male,56,Madinah,Returning,2026-04-02
C04431,Customer 04431,Female,31,Madinah,Returning,2024-08-20
C04432,Customer 04432,Female,51,Abha,New,2024-07-15
C04433,Customer 04433,Male,36,Jeddah,Returning,2026-06-07
C04434,Customer 04434,Female,43,Riyadh,Returning,2025-04-11
C04435,Customer 04435,Female,54,Jeddah,Returning,2024-11-10
C04436,Customer 04436,Female,29,Riyadh,Returning,2025-10-29
C04437,Customer 04437,Male,50,Madinah,Loyal,2025-12-07
C04438,Customer 04438,Female,58,Riyadh,Returning,2024-04-09
C04439,Customer 04439,Female,57,Makkah,Returning,2025-04-29
C04440,Customer 04440,Female,57,Khobar,New,2024-01-02
C04441,Customer 04441,Male,62,Abha,Returning,2024-05-10
C04442,Customer 04442,Female,32,Abha,Loyal,2025-03-09
C04443,Customer 04443,Male,57,Makkah,Returning,2024-06-13
C04444,Customer 04444,Male,42,Khobar,Returning,2024-08-04
C04445,Customer 04445,Male,23,Khobar,New,2026-04-16
C04446,Customer 04446,Male,54,Dammam,Returning,2025-05-22
C04447,Customer 04447,Female,46,Dammam,Loyal,2025-02-20
C04448,Customer 04448,Female,48,Riyadh,Returning,2025-02-19
C04449,Customer 04449,Female,51,Jeddah,Returning,2024-01-31
C04450,Customer 04450,Male,40,Abha,Returning,2026-06-13
C04451,Customer 04451,Female,35,Makkah,Returning,2024-12-11
C04452,Customer 04452,Male,41,Madinah,New,2025-09-13
C04453,Customer 04453,Male,36,Madinah,Returning,2024-12-29
C04454,Customer 04454,Male,18,Abha,New,2024-11-07
C04455,Customer 04455,Female,27,Dammam,Returning,2024-09-24
C04456,Customer 04456,Male,62,Dammam,Returning,2025-05-14
C04457,Customer 04457,Male,36,Madinah,Loyal,2024-02-07
C04458,Customer 04458,Male,62,Abha,Returning,2026-05-20
C04459,Customer 04459,Female,29,Makkah,Loyal,2025-06-20
C04460,Customer 04460,Female,59,Makkah,Returning,2024-09-03
C04461,Customer 04461,Female,28,Makkah,Returning,2024-05-18
C04462,Customer 04462,Male,64,Abha,Returning,2025-03-29
C04463,Customer 04463,Male,28,Makkah,Returning,2024-03-24
C04464,Customer 04464,Female,59,Makkah,New,2026-01-26
C04465,Customer 04465,Male,31,Dammam,Returning,2024-05-07
C04466,Customer 04466,Female,37,Riyadh,Returning,2024-10-17
C04467,Customer 04467,Female,63,Makkah,Returning,2024-02-07
C04468,Customer 04468,Female,61,Dammam,Returning,2024-11-01
C04469,Customer 04469,Female,63,Jeddah,Loyal,2025-05-04
C04470,Customer 04470,Female,52,Riyadh,Returning,2025-02-16
C04471,Customer 04471,Female,64,Makkah,New,2026-02-04
C04472,Customer 04472,Female,42,Dammam,New,2026-04-30
C04473,Customer 04473,Female,56,Jeddah,Returning,2026-02-10
C04474,Customer 04474,Female,35,Jeddah,Loyal,2025-12-03
C04475,Customer 04475,Male,56,Jeddah,New,2025-02-02
C04476,Customer 04476,Male,61,Dammam,New,2026-04-22
C04477,Customer 04477,Female,55,Abha,Returning,2025-09-05
C04478,Customer 04478,Male,53,Dammam,Loyal,2024-05-13
C04479,Customer 04479,Female,47,Makkah,Loyal,2025-04-23
C04480,Customer 04480,Female,22,Khobar,Returning,2026-03-26
C04481,Customer 04481,Female,54,Madinah,Returning,2025-11-26
C04482,Customer 04482,Female,58,Riyadh,New,2026-02-09
C04483,Customer 04483,Male,44,Makkah,New,2024-09-26
C04484,Customer 04484,Male,44,Abha,Loyal,2026-03-13
C04485,Customer 04485,Female,21,Makkah,Returning,2025-11-05
C04486,Customer 04486,Female,45,Dammam,Returning,2024-05-22
C04487,Customer 04487,Male,25,Makkah,Returning,2024-06-30
C04488,Customer 04488,Male,53,Abha,Loyal,2024-10-07
C04489,Customer 04489,Female,56,Riyadh,Returning,2025-02-15
C04490,Customer 04490,Male,61,Makkah,Loyal,2025-04-16
C04491,Customer 04491,Female,33,Riyadh,Loyal,2024-07-10
C04492,Customer 04492,Female,43,Makkah,Loyal,2026-05-21
C04493,Customer 04493,Male,52,Makkah,Loyal,2024-06-24
C04494,Customer 04494,Male,54,Abha,Loyal,2024-04-10
C04495,Customer 04495,Female,28,Khobar,Loyal,2025-06-30
C04496,Customer 04496,Male,22,Khobar,New,2025-07-14
C04497,Customer 04497,Female,33,Dammam,Loyal,2024-04-11
C04498,Customer 04498,Male,53,Khobar,New,2024-11-22
C04499,Customer 04499,Female,33,Makkah,Loyal,2024-07-28
C04500,Customer 04500,Male,38,Jeddah,Loyal,2025-11-19
C04501,Customer 04501,Male,33,Abha,Loyal,2024-06-21
C04502,Customer 04502,Female,62,Abha,New,2024-12-16
C04503,Customer 04503,Male,27,Madinah,New,2025-02-26
C04504,Customer 04504,Female,63,Makkah,Returning,2024-11-25
C04505,Customer 04505,Male,18,Khobar,New,2024-07-02
C04506,Customer 04506,Male,57,Madinah,New,2025-09-21
C04507,Customer 04507,Male,47,Dammam,Returning,2024-03-30
C04508,Customer 04508,Female,18,Riyadh,Returning,2024-03-31
C04509,Customer 04509,Male,29,Jeddah,Returning,2025-05-16
C04510,Customer 04510,Male,61,Jeddah,Loyal,2025-12-28
C04511,Customer 04511,Female,39,Abha,Returning,2025-10-10
C04512,Customer 04512,Male,43,Khobar,Returning,2025-03-25
C04513,Customer 04513,Female,21,Abha,Returning,2026-04-08
C04514,Customer 04514,Female,57,Khobar,Loyal,2024-10-29
C04515,Customer 04515,Female,43,Riyadh,Loyal,2026-04-29
C04516,Customer 04516,Male,60,Makkah,Loyal,2024-07-02
C04517,Customer 04517,Male,52,Khobar,Returning,2025-06-24
C04518,Customer 04518,Male,48,Khobar,Returning,2026-05-06
C04519,Customer 04519,Female,26,Riyadh,Returning,2024-07-04
C04520,Customer 04520,Female,43,Khobar,New,2024-12-28
C04521,Customer 04521,Male,22,Dammam,Returning,2024-07-02
C04522,Customer 04522,Female,60,Dammam,Returning,2024-12-16
C04523,Customer 04523,Female,59,Riyadh,Returning,2024-02-27
C04524,Customer 04524,Male,24,Makkah,Returning,2025-12-03
C04525,Customer 04525,Female,44,Jeddah,Loyal,2025-11-07
C04526,Customer 04526,Female,48,Dammam,New,2024-11-29
C04527,Customer 04527,Female,40,Makkah,New,2024-07-16
C04528,Customer 04528,Male,38,Abha,Returning,2025-08-30
C04529,Customer 04529,Male,26,Madinah,Loyal,2024-07-03
C04530,Customer 04530,Female,63,Khobar,New,2024-09-15
C04531,Customer 04531,Female,52,Dammam,Returning,2025-07-16
C04532,Customer 04532,Female,45,Riyadh,Returning,2025-11-08
C04533,Customer 04533,Female,34,Dammam,Returning,2025-10-22
C04534,Customer 04534,Female,33,Jeddah,New,2025-12-02
C04535,Customer 04535,Female,27,Khobar,New,2024-02-26
C04536,Customer 04536,Male,21,Khobar,New,2026-01-28
C04537,Customer 04537,Female,23,Makkah,Returning,2025-04-30
C04538,Customer 04538,Female,34,Khobar,Returning,2024-04-16
C04539,Customer 04539,Male,32,Abha,Returning,2024-05-10
C04540,Customer 04540,Male,34,Dammam,Returning,2025-07-17
C04541,Customer 04541,Female,60,Dammam,Loyal,2024-02-21
C04542,Customer 04542,Female,18,Riyadh,Loyal,2025-06-16
C04543,Customer 04543,Female,22,Khobar,Loyal,2025-06-29
C04544,Customer 04544,Male,24,Makkah,Loyal,2024-04-15
C04545,Customer 04545,Male,39,Dammam,New,2026-04-20
C04546,Customer 04546,Male,64,Riyadh,Returning,2025-01-26
C04547,Customer 04547,Female,55,Makkah,Loyal,2024-06-14
C04548,Customer 04548,Female,62,Khobar,Loyal,2026-02-12
C04549,Customer 04549,Male,34,Khobar,Loyal,2025-07-25
C04550,Customer 04550,Male,26,Riyadh,Returning,2026-01-14
C04551,Customer 04551,Male,47,Riyadh,Loyal,2024-03-14
C04552,Customer 04552,Female,44,Khobar,Returning,2025-11-10
C04553,Customer 04553,Female,22,Makkah,New,2024-11-17
C04554,Customer 04554,Male,43,Abha,Returning,2026-05-28
C04555,Customer 04555,Male,20,Abha,Returning,2025-08-31
C04556,Customer 04556,Female,39,Dammam,Loyal,2025-08-28
C04557,Customer 04557,Male,28,Khobar,Returning,2025-09-17
C04558,Customer 04558,Male,27,Abha,Returning,2024-08-24
C04559,Customer 04559,Female,31,Madinah,Loyal,2024-11-10
C04560,Customer 04560,Male,62,Riyadh,Loyal,2025-12-08
C04561,Customer 04561,Female,48,Abha,Returning,2024-07-29
C04562,Customer 04562,Male,34,Jeddah,New,2024-01-07
C04563,Customer 04563,Female,55,Khobar,New,2026-06-16
C04564,Customer 04564,Male,59,Abha,Returning,2025-08-05
C04565,Customer 04565,Female,28,Makkah,Loyal,2025-10-20
C04566,Customer 04566,Male,37,Madinah,Loyal,2026-06-09
C04567,Customer 04567,Male,39,Abha,New,2025-03-07
C04568,Customer 04568,Male,37,Abha,Returning,2026-05-09
C04569,Customer 04569,Female,51,Abha,Loyal,2024-04-25
C04570,Customer 04570,Male,20,Dammam,Loyal,2026-01-04
C04571,Customer 04571,Female,51,Abha,Returning,2026-04-14
C04572,Customer 04572,Male,28,Riyadh,Returning,2024-04-16
C04573,Customer 04573,Male,26,Abha,Returning,2026-02-16
C04574,Customer 04574,Female,51,Madinah,Returning,2024-07-23
C04575,Customer 04575,Female,53,Jeddah,Loyal,2024-01-27
C04576,Customer 04576,Female,21,Makkah,Returning,2024-12-27
C04577,Customer 04577,Male,28,Makkah,New,2024-04-16
C04578,Customer 04578,Female,45,Khobar,Returning,2026-02-12
C04579,Customer 04579,Male,47,Abha,Returning,2024-12-26
C04580,Customer 04580,Male,54,Jeddah,Returning,2025-03-14
C04581,Customer 04581,Female,27,Madinah,Returning,2026-02-18
C04582,Customer 04582,Male,33,Riyadh,New,2025-04-09
C04583,Customer 04583,Female,19,Makkah,Returning,2024-02-24
C04584,Customer 04584,Male,39,Madinah,Loyal,2026-01-30
C04585,Customer 04585,Female,40,Madinah,Loyal,2025-09-29
C04586,Customer 04586,Female,58,Riyadh,New,2024-07-28
C04587,Customer 04587,Female,50,Dammam,New,2024-12-21
C04588,Customer 04588,Female,32,Abha,New,2026-06-04
C04589,Customer 04589,Female,51,Jeddah,Loyal,2024-08-03
C04590,Customer 04590,Female,31,Khobar,Returning,2024-08-04
C04591,Customer 04591,Female,29,Riyadh,Returning,2024-02-15
C04592,Customer 04592,Male,22,Riyadh,Loyal,2024-01-03
C04593,Customer 04593,Female,60,Khobar,Returning,2026-01-22
C04594,Customer 04594,Female,55,Madinah,New,2025-07-29
C04595,Customer 04595,Female,62,Abha,Loyal,2024-01-09
C04596,Customer 04596,Female,48,Jeddah,Returning,2026-06-10
C04597,Customer 04597,Male,47,Jeddah,Returning,2024-12-08
C04598,Customer 04598,Male,22,Madinah,Returning,2026-03-04
C04599,Customer 04599,Female,32,Dammam,New,2025-04-19
C04600,Customer 04600,Female,64,Jeddah,Returning,2025-07-09
C04601,Customer 04601,Male,60,Madinah,New,2025-08-02
C04602,Customer 04602,Female,28,Jeddah,New,2025-10-17
C04603,Customer 04603,Female,31,Riyadh,Loyal,2024-04-20
C04604,Customer 04604,Female,35,Dammam,Loyal,2025-06-08
C04605,Customer 04605,Female,55,Abha,Loyal,2024-08-17
C04606,Customer 04606,Male,46,Khobar,Loyal,2024-05-17
C04607,Customer 04607,Male,44,Khobar,Returning,2025-04-10
C04608,Customer 04608,Male,22,Dammam,New,2025-12-23
C04609,Customer 04609,Female,20,Abha,Returning,2025-12-10
C04610,Customer 04610,Male,47,Makkah,Returning,2025-10-29
C04611,Customer 04611,Male,58,Jeddah,New,2025-08-21
C04612,Customer 04612,Female,42,Riyadh,Loyal,2025-09-16
C04613,Customer 04613,Female,55,Jeddah,Returning,2024-03-17
C04614,Customer 04614,Male,49,Jeddah,New,2024-03-12
C04615,Customer 04615,Male,65,Khobar,Loyal,2025-06-12
C04616,Customer 04616,Male,29,Khobar,New,2024-05-11
C04617,Customer 04617,Male,28,Jeddah,Returning,2026-02-11
C04618,Customer 04618,Female,22,Madinah,New,2026-02-10
C04619,Customer 04619,Female,33,Dammam,Returning,2025-02-01
C04620,Customer 04620,Female,55,Makkah,Returning,2024-10-21
C04621,Customer 04621,Male,31,Jeddah,Returning,2024-04-26
C04622,Customer 04622,Female,62,Madinah,Loyal,2025-06-30
C04623,Customer 04623,Female,61,Riyadh,New,2024-03-12
C04624,Customer 04624,Female,27,Madinah,New,2025-07-02
C04625,Customer 04625,Female,53,Madinah,Returning,2026-03-27
C04626,Customer 04626,Female,44,Dammam,Loyal,2026-05-20
C04627,Customer 04627,Female,58,Abha,New,2024-08-25
C04628,Customer 04628,Male,53,Dammam,Loyal,2025-12-10
C04629,Customer 04629,Male,33,Dammam,Returning,2026-05-30
C04630,Customer 04630,Male,57,Makkah,New,2024-10-26
C04631,Customer 04631,Male,52,Madinah,Returning,2025-03-28
C04632,Customer 04632,Female,47,Riyadh,Returning,2024-02-24
C04633,Customer 04633,Male,53,Dammam,Loyal,2024-04-14
C04634,Customer 04634,Female,54,Dammam,Returning,2024-05-22
C04635,Customer 04635,Male,40,Madinah,New,2025-12-30
C04636,Customer 04636,Male,58,Abha,Loyal,2026-04-01
C04637,Customer 04637,Female,48,Makkah,Returning,2025-06-18
C04638,Customer 04638,Female,33,Riyadh,Loyal,2026-02-14
C04639,Customer 04639,Female,52,Jeddah,Returning,2025-01-24
C04640,Customer 04640,Male,24,Riyadh,Loyal,2024-03-08
C04641,Customer 04641,Female,58,Dammam,Loyal,2026-06-08
C04642,Customer 04642,Male,46,Dammam,New,2026-01-19
C04643,Customer 04643,Male,47,Abha,New,2024-02-08
C04644,Customer 04644,Male,65,Khobar,Returning,2024-08-25
C04645,Customer 04645,Male,30,Abha,Returning,2024-11-21
C04646,Customer 04646,Male,55,Madinah,Returning,2024-05-18
C04647,Customer 04647,Female,41,Madinah,New,2026-05-01
C04648,Customer 04648,Male,23,Khobar,New,2024-03-31
C04649,Customer 04649,Male,27,Madinah,Returning,2024-10-12
C04650,Customer 04650,Female,63,Madinah,New,2026-02-20
C04651,Customer 04651,Female,52,Makkah,New,2026-02-13
C04652,Customer 04652,Female,59,Madinah,Loyal,2025-05-28
C04653,Customer 04653,Female,52,Makkah,Returning,2024-12-03
C04654,Customer 04654,Female,28,Abha,Returning,2024-04-03
C04655,Customer 04655,Male,59,Riyadh,Loyal,2025-03-10
C04656,Customer 04656,Female,52,Abha,New,2026-02-16
C04657,Customer 04657,Female,51,Dammam,New,2025-08-20
C04658,Customer 04658,Female,40,Khobar,Returning,2025-09-04
C04659,Customer 04659,Male,49,Jeddah,Returning,2024-03-24
C04660,Customer 04660,Male,27,Madinah,New,2025-12-22
C04661,Customer 04661,Female,34,Makkah,Returning,2025-08-04
C04662,Customer 04662,Female,26,Khobar,Returning,2024-10-05
C04663,Customer 04663,Male,26,Madinah,Returning,2025-10-18
C04664,Customer 04664,Male,43,Madinah,Returning,2026-03-29
C04665,Customer 04665,Male,34,Abha,Loyal,2026-02-21
C04666,Customer 04666,Male,52,Riyadh,Returning,2024-02-19
C04667,Customer 04667,Male,53,Abha,Returning,2025-01-19
C04668,Customer 04668,Female,63,Abha,Returning,2024-11-15
C04669,Customer 04669,Female,28,Abha,New,2025-12-04
C04670,Customer 04670,Female,50,Riyadh,New,2024-03-18
C04671,Customer 04671,Female,42,Abha,Returning,2025-05-23
C04672,Customer 04672,Female,47,Makkah,Returning,2026-02-04
C04673,Customer 04673,Female,44,Dammam,Loyal,2026-01-15
C04674,Customer 04674,Female,35,Abha,Returning,2025-01-18
C04675,Customer 04675,Male,60,Khobar,New,2024-05-09
C04676,Customer 04676,Female,35,Madinah,Loyal,2024-10-27
C04677,Customer 04677,Female,56,Riyadh,New,2026-04-17
C04678,Customer 04678,Male,19,Makkah,Returning,2026-03-19
C04679,Customer 04679,Male,43,Khobar,Returning,2024-11-23
C04680,Customer 04680,Male,27,Madinah,Loyal,2025-12-04
C04681,Customer 04681,Male,41,Khobar,New,2025-11-22
C04682,Customer 04682,Male,31,Madinah,Returning,2025-02-11
C04683,Customer 04683,Male,32,Jeddah,Loyal,2026-06-18
C04684,Customer 04684,Female,54,Riyadh,New,2024-09-10
C04685,Customer 04685,Female,18,Khobar,Returning,2026-01-30
C04686,Customer 04686,Male,45,Madinah,Loyal,2025-04-02
C04687,Customer 04687,Female,37,Jeddah,Loyal,2024-01-30
C04688,Customer 04688,Female,41,Jeddah,Returning,2024-02-08
C04689,Customer 04689,Female,55,Jeddah,Loyal,2026-05-30
C04690,Customer 04690,Male,37,Makkah,Returning,2025-12-12
C04691,Customer 04691,Female,23,Makkah,Loyal,2026-06-09
C04692,Customer 04692,Male,20,Dammam,Returning,2025-07-31
C04693,Customer 04693,Female,21,Riyadh,Returning,2024-10-26
C04694,Customer 04694,Female,42,Abha,New,2025-12-16
C04695,Customer 04695,Male,18,Dammam,Loyal,2025-03-09
C04696,Customer 04696,Male,59,Madinah,New,2024-06-24
C04697,Customer 04697,Female,39,Dammam,Loyal,2024-04-11
C04698,Customer 04698,Male,43,Riyadh,Returning,2026-01-19
C04699,Customer 04699,Female,46,Makkah,Returning,2024-12-06
C04700,Customer 04700,Female,41,Riyadh,Loyal,2025-12-26
C04701,Customer 04701,Female,22,Jeddah,Returning,2024-02-26
C04702,Customer 04702,Female,38,Khobar,Returning,2025-08-14
C04703,Customer 04703,Male,29,Jeddah,Loyal,2025-06-16
C04704,Customer 04704,Female,46,Jeddah,Returning,2026-06-15
C04705,Customer 04705,Male,20,Jeddah,New,2025-01-20
C04706,Customer 04706,Male,34,Khobar,Returning,2025-07-29
C04707,Customer 04707,Male,26,Jeddah,New,2026-06-12
C04708,Customer 04708,Female,29,Dammam,New,2026-01-31
C04709,Customer 04709,Male,53,Jeddah,Returning,2025-12-28
C04710,Customer 04710,Female,59,Makkah,Returning,2025-11-21
C04711,Customer 04711,Male,28,Jeddah,New,2025-08-21
C04712,Customer 04712,Male,29,Madinah,Returning,2024-06-03
C04713,Customer 04713,Male,25,Khobar,New,2025-09-28
C04714,Customer 04714,Female,39,Madinah,New,2025-04-09
C04715,Customer 04715,Female,32,Riyadh,Returning,2025-06-04
C04716,Customer 04716,Male,59,Dammam,Returning,2024-07-09
C04717,Customer 04717,Male,51,Jeddah,Loyal,2025-08-10
C04718,Customer 04718,Male,22,Riyadh,Loyal,2024-08-27
C04719,Customer 04719,Male,54,Dammam,New,2024-04-13
C04720,Customer 04720,Female,55,Abha,Returning,2024-01-19
C04721,Customer 04721,Male,57,Riyadh,Loyal,2025-05-21
C04722,Customer 04722,Male,65,Khobar,Returning,2025-08-04
C04723,Customer 04723,Female,58,Dammam,Returning,2024-12-17
C04724,Customer 04724,Male,20,Riyadh,New,2026-03-02
C04725,Customer 04725,Male,46,Dammam,Loyal,2026-06-01
C04726,Customer 04726,Male,22,Riyadh,Returning,2026-03-19
C04727,Customer 04727,Male,48,Abha,Returning,2024-10-03
C04728,Customer 04728,Male,38,Jeddah,Returning,2025-08-29
C04729,Customer 04729,Male,37,Makkah,Returning,2024-11-23
C04730,Customer 04730,Female,19,Madinah,New,2025-09-03
C04731,Customer 04731,Male,29,Riyadh,Loyal,2025-07-26
C04732,Customer 04732,Male,40,Abha,Loyal,2024-06-03
C04733,Customer 04733,Female,29,Jeddah,New,2024-01-04
C04734,Customer 04734,Male,40,Dammam,Loyal,2025-04-24
C04735,Customer 04735,Male,37,Madinah,Returning,2024-06-19
C04736,Customer 04736,Female,57,Madinah,New,2025-07-03
C04737,Customer 04737,Male,19,Makkah,Returning,2026-02-14
C04738,Customer 04738,Female,55,Abha,New,2024-01-04
C04739,Customer 04739,Male,61,Riyadh,Returning,2025-12-09
C04740,Customer 04740,Male,56,Riyadh,Returning,2024-08-13
C04741,Customer 04741,Male,41,Makkah,Loyal,2024-03-27
C04742,Customer 04742,Male,54,Riyadh,Returning,2024-04-06
C04743,Customer 04743,Male,33,Jeddah,Returning,2024-03-11
C04744,Customer 04744,Female,26,Khobar,Returning,2025-03-05
C04745,Customer 04745,Male,31,Madinah,New,2025-01-10
C04746,Customer 04746,Female,20,Khobar,Loyal,2024-10-28
C04747,Customer 04747,Male,53,Jeddah,Loyal,2024-05-14
C04748,Customer 04748,Female,56,Abha,Loyal,2024-07-02
C04749,Customer 04749,Female,52,Makkah,Returning,2026-01-03
C04750,Customer 04750,Male,22,Abha,Returning,2026-02-19
C04751,Customer 04751,Female,45,Abha,Loyal,2025-02-04
C04752,Customer 04752,Female,19,Dammam,Returning,2024-10-21
C04753,Customer 04753,Female,48,Abha,Loyal,2025-10-11
C04754,Customer 04754,Male,59,Madinah,Returning,2026-03-10
C04755,Customer 04755,Male,58,Jeddah,Loyal,2024-01-15
C04756,Customer 04756,Female,26,Makkah,Returning,2024-07-08
C04757,Customer 04757,Male,59,Jeddah,Returning,2026-06-11
C04758,Customer 04758,Male,32,Khobar,Loyal,2024-07-27
C04759,Customer 04759,Female,22,Khobar,Returning,2025-06-26
C04760,Customer 04760,Male,41,Makkah,New,2026-03-22
C04761,Customer 04761,Male,63,Riyadh,Returning,2024-10-24
C04762,Customer 04762,Female,25,Abha,Returning,2025-03-09
C04763,Customer 04763,Female,55,Riyadh,Returning,2026-05-15
C04764,Customer 04764,Male,36,Abha,Loyal,2025-02-01
C04765,Customer 04765,Female,34,Abha,Loyal,2024-04-03
C04766,Customer 04766,Female,54,Khobar,Returning,2026-02-20
C04767,Customer 04767,Male,51,Makkah,New,2025-08-28
C04768,Customer 04768,Female,49,Riyadh,Returning,2024-11-21
C04769,Customer 04769,Male,40,Abha,New,2026-06-16
C04770,Customer 04770,Female,58,Khobar,New,2025-10-25
C04771,Customer 04771,Female,20,Abha,Returning,2026-04-04
C04772,Customer 04772,Male,37,Abha,Loyal,2024-04-13
C04773,Customer 04773,Female,42,Jeddah,Returning,2024-05-30
C04774,Customer 04774,Female,22,Makkah,Returning,2024-08-23
C04775,Customer 04775,Female,65,Khobar,Loyal,2024-07-07
C04776,Customer 04776,Female,42,Khobar,Returning,2024-03-06
C04777,Customer 04777,Female,59,Abha,Loyal,2024-11-22
C04778,Customer 04778,Male,60,Khobar,New,2024-10-22
C04779,Customer 04779,Male,64,Makkah,Returning,2025-12-25
C04780,Customer 04780,Female,42,Madinah,Returning,2026-01-26
C04781,Customer 04781,Male,56,Jeddah,New,2026-05-18
C04782,Customer 04782,Male,18,Madinah,Loyal,2026-04-15
C04783,Customer 04783,Female,47,Abha,Returning,2025-03-04
C04784,Customer 04784,Female,45,Jeddah,Returning,2025-11-23
C04785,Customer 04785,Female,22,Madinah,Returning,2025-05-07
C04786,Customer 04786,Male,33,Khobar,Loyal,2025-07-24
C04787,Customer 04787,Female,57,Dammam,New,2024-12-25
C04788,Customer 04788,Male,26,Jeddah,Returning,2025-02-09
C04789,Customer 04789,Female,48,Jeddah,New,2025-08-22
C04790,Customer 04790,Female,45,Makkah,Loyal,2026-05-10
C04791,Customer 04791,Male,47,Khobar,Loyal,2024-02-04
C04792,Customer 04792,Female,48,Riyadh,Returning,2025-03-20
C04793,Customer 04793,Female,19,Makkah,Returning,2024-04-12
C04794,Customer 04794,Male,40,Riyadh,New,2026-03-07
C04795,Customer 04795,Male,58,Khobar,New,2025-12-12
C04796,Customer 04796,Male,65,Khobar,Loyal,2025-04-24
C04797,Customer 04797,Female,43,Khobar,New,2025-10-12
C04798,Customer 04798,Male,39,Jeddah,Returning,2024-10-17
C04799,Customer 04799,Female,45,Jeddah,New,2024-09-05
C04800,Customer 04800,Female,41,Madinah,Returning,2025-03-23
C04801,Customer 04801,Male,26,Abha,New,2024-03-11
C04802,Customer 04802,Female,55,Dammam,New,2025-03-24
C04803,Customer 04803,Female,42,Abha,Returning,2024-07-27
C04804,Customer 04804,Female,20,Madinah,New,2024-01-07
C04805,Customer 04805,Female,37,Dammam,Returning,2025-07-12
C04806,Customer 04806,Male,20,Madinah,Returning,2025-03-01
C04807,Customer 04807,Female,23,Riyadh,Loyal,2024-12-22
C04808,Customer 04808,Male,32,Dammam,Loyal,2025-05-21
C04809,Customer 04809,Male,65,Riyadh,Loyal,2026-04-15
C04810,Customer 04810,Male,46,Makkah,Loyal,2024-02-24
C04811,Customer 04811,Male,34,Khobar,Returning,2024-06-24
C04812,Customer 04812,Female,23,Abha,New,2024-04-06
C04813,Customer 04813,Male,35,Riyadh,Returning,2025-03-02
C04814,Customer 04814,Male,27,Riyadh,Returning,2025-02-27
C04815,Customer 04815,Female,50,Dammam,Returning,2025-10-31
C04816,Customer 04816,Male,36,Madinah,Loyal,2026-02-24
C04817,Customer 04817,Male,60,Abha,New,2025-03-27
C04818,Customer 04818,Male,44,Jeddah,New,2024-09-24
C04819,Customer 04819,Female,56,Riyadh,Loyal,2026-04-13
C04820,Customer 04820,Male,64,Dammam,Returning,2025-01-09
C04821,Customer 04821,Male,57,Khobar,New,2026-04-15
C04822,Customer 04822,Male,21,Riyadh,Returning,2025-12-16
C04823,Customer 04823,Female,32,Khobar,Returning,2026-01-16
C04824,Customer 04824,Male,63,Khobar,New,2025-02-08
C04825,Customer 04825,Male,46,Makkah,New,2026-05-18
C04826,Customer 04826,Male,47,Abha,Loyal,2024-08-26
C04827,Customer 04827,Female,50,Khobar,Returning,2024-12-20
C04828,Customer 04828,Female,33,Makkah,Loyal,2024-12-01
C04829,Customer 04829,Female,29,Riyadh,Returning,2024-02-01
C04830,Customer 04830,Male,31,Dammam,Returning,2026-03-13
C04831,Customer 04831,Female,55,Dammam,New,2025-07-22
C04832,Customer 04832,Female,26,Madinah,Returning,2025-09-01
C04833,Customer 04833,Male,42,Khobar,Returning,2024-10-23
C04834,Customer 04834,Male,33,Madinah,Returning,2026-05-08
C04835,Customer 04835,Female,55,Dammam,Returning,2025-10-23
C04836,Customer 04836,Male,30,Riyadh,Returning,2026-03-25
C04837,Customer 04837,Female,61,Riyadh,Returning,2024-08-12
C04838,Customer 04838,Female,53,Dammam,Returning,2025-08-03
C04839,Customer 04839,Female,56,Abha,New,2024-11-14
C04840,Customer 04840,Female,60,Makkah,Loyal,2024-02-24
C04841,Customer 04841,Male,32,Khobar,Returning,2025-10-11
C04842,Customer 04842,Female,54,Riyadh,New,2026-03-11
C04843,Customer 04843,Male,29,Khobar,New,2024-06-25
C04844,Customer 04844,Male,52,Makkah,New,2024-09-06
C04845,Customer 04845,Female,26,Abha,Returning,2024-07-01
C04846,Customer 04846,Male,41,Riyadh,New,2025-02-28
C04847,Customer 04847,Male,18,Makkah,Returning,2024-11-11
C04848,Customer 04848,Male,19,Khobar,New,2026-05-29
C04849,Customer 04849,Female,54,Makkah,New,2024-06-13
C04850,Customer 04850,Male,47,Dammam,Loyal,2024-09-05
C04851,Customer 04851,Female,56,Riyadh,Loyal,2025-04-01
C04852,Customer 04852,Female,56,Khobar,New,2025-11-01
C04853,Customer 04853,Male,57,Dammam,New,2025-10-19
C04854,Customer 04854,Female,62,Makkah,New,2026-04-28
C04855,Customer 04855,Male,37,Makkah,Returning,2026-03-28
C04856,Customer 04856,Female,52,Makkah,Returning,2024-02-20
C04857,Customer 04857,Male,27,Madinah,New,2025-12-24
C04858,Customer 04858,Male,21,Madinah,Loyal,2024-12-13
C04859,Customer 04859,Male,27,Madinah,Loyal,2025-09-07
C04860,Customer 04860,Male,28,Riyadh,Returning,2025-04-13
C04861,Customer 04861,Male,58,Jeddah,Returning,2024-04-03
C04862,Customer 04862,Male,46,Dammam,Loyal,2025-04-14
C04863,Customer 04863,Female,53,Dammam,Returning,2025-12-08
C04864,Customer 04864,Male,53,Makkah,New,2025-12-10
C04865,Customer 04865,Female,22,Dammam,Returning,2024-09-03
C04866,Customer 04866,Female,33,Makkah,New,2026-05-27
C04867,Customer 04867,Male,33,Khobar,New,2026-01-12
C04868,Customer 04868,Female,45,Dammam,New,2025-01-24
C04869,Customer 04869,Female,50,Jeddah,New,2024-09-11
C04870,Customer 04870,Female,29,Jeddah,New,2024-08-10
C04871,Customer 04871,Female,27,Makkah,Loyal,2025-05-10
C04872,Customer 04872,Female,28,Jeddah,Loyal,2025-11-23
C04873,Customer 04873,Female,25,Madinah,Returning,2025-04-09
C04874,Customer 04874,Male,38,Jeddah,Returning,2024-08-28
C04875,Customer 04875,Female,31,Madinah,New,2025-10-06
C04876,Customer 04876,Male,60,Khobar,Returning,2024-03-22
C04877,Customer 04877,Male,37,Abha,New,2025-03-28
C04878,Customer 04878,Female,50,Khobar,Returning,2026-03-16
C04879,Customer 04879,Female,40,Abha,Returning,2024-02-29
C04880,Customer 04880,Female,50,Jeddah,Loyal,2025-10-18
C04881,Customer 04881,Male,45,Madinah,Returning,2025-04-20
C04882,Customer 04882,Female,60,Jeddah,New,2026-01-12
C04883,Customer 04883,Male,33,Madinah,Returning,2024-09-13
C04884,Customer 04884,Male,63,Khobar,New,2024-07-25
C04885,Customer 04885,Male,59,Makkah,New,2024-04-07
C04886,Customer 04886,Male,61,Riyadh,Loyal,2025-08-14
C04887,Customer 04887,Male,45,Madinah,New,2024-11-09
C04888,Customer 04888,Male,47,Madinah,New,2025-08-12
C04889,Customer 04889,Female,30,Riyadh,Loyal,2026-01-27
C04890,Customer 04890,Female,28,Dammam,Loyal,2024-03-20
C04891,Customer 04891,Male,30,Dammam,Loyal,2026-06-11
C04892,Customer 04892,Male,32,Madinah,Returning,2024-02-26
C04893,Customer 04893,Female,50,Madinah,Returning,2025-11-19
C04894,Customer 04894,Male,29,Makkah,New,2024-05-05
C04895,Customer 04895,Female,25,Dammam,Loyal,2025-09-01
C04896,Customer 04896,Male,56,Jeddah,Returning,2025-03-17
C04897,Customer 04897,Female,24,Riyadh,Returning,2025-12-03
C04898,Customer 04898,Female,33,Riyadh,New,2026-06-06
C04899,Customer 04899,Male,27,Makkah,Returning,2024-07-19
C04900,Customer 04900,Female,42,Makkah,Returning,2024-03-28
C04901,Customer 04901,Female,52,Dammam,New,2024-01-21
C04902,Customer 04902,Female,55,Riyadh,Returning,2026-06-06
C04903,Customer 04903,Male,56,Abha,New,2024-04-02
C04904,Customer 04904,Female,34,Makkah,Returning,2025-03-24
C04905,Customer 04905,Female,47,Khobar,Returning,2026-05-22
C04906,Customer 04906,Female,51,Jeddah,New,2025-01-05
C04907,Customer 04907,Male,34,Khobar,Returning,2025-10-22
C04908,Customer 04908,Male,62,Dammam,New,2024-10-21
C04909,Customer 04909,Male,49,Makkah,Loyal,2024-08-16
C04910,Customer 04910,Female,28,Madinah,Loyal,2025-09-15
C04911,Customer 04911,Male,34,Makkah,Returning,2026-02-27
C04912,Customer 04912,Female,50,Makkah,Returning,2025-11-09
C04913,Customer 04913,Male,20,Riyadh,Loyal,2024-08-26
C04914,Customer 04914,Male,60,Madinah,New,2024-05-06
C04915,Customer 04915,Male,26,Riyadh,New,2025-05-08
C04916,Customer 04916,Female,49,Madinah,Loyal,2024-06-25
C04917,Customer 04917,Female,43,Dammam,Returning,2026-04-26
C04918,Customer 04918,Male,23,Dammam,Returning,2024-10-23
C04919,Customer 04919,Male,28,Dammam,Returning,2026-05-22
C04920,Customer 04920,Male,22,Jeddah,Loyal,2024-10-05
C04921,Customer 04921,Female,47,Jeddah,Returning,2024-08-02
C04922,Customer 04922,Female,51,Dammam,New,2024-08-11
C04923,Customer 04923,Female,37,Khobar,Returning,2026-05-04
C04924,Customer 04924,Male,52,Jeddah,Returning,2025-03-09
C04925,Customer 04925,Female,25,Madinah,Returning,2024-10-02
C04926,Customer 04926,Male,37,Makkah,Loyal,2026-01-31
C04927,Customer 04927,Female,56,Khobar,Loyal,2025-05-18
C04928,Customer 04928,Male,23,Riyadh,Returning,2026-06-02
C04929,Customer 04929,Male,46,Abha,Loyal,2026-02-22
C04930,Customer 04930,Female,25,Madinah,New,2024-08-13
C04931,Customer 04931,Female,45,Jeddah,New,2025-05-20
C04932,Customer 04932,Male,22,Madinah,Returning,2025-09-07
C04933,Customer 04933,Female,24,Jeddah,Returning,2025-10-27
C04934,Customer 04934,Female,39,Dammam,Loyal,2024-11-14
C04935,Customer 04935,Female,31,Makkah,Loyal,2024-04-17
C04936,Customer 04936,Female,22,Jeddah,Loyal,2026-03-16
C04937,Customer 04937,Male,23,Makkah,Returning,2025-10-24
C04938,Customer 04938,Male,46,Jeddah,Loyal,2025-05-26
C04939,Customer 04939,Female,42,Makkah,New,2024-12-15
C04940,Customer 04940,Female,56,Abha,New,2024-12-31
C04941,Customer 04941,Female,35,Khobar,Returning,2025-07-24
C04942,Customer 04942,Female,51,Abha,Returning,2025-01-20
C04943,Customer 04943,Female,49,Abha,Returning,2025-01-01
C04944,Customer 04944,Male,59,Madinah,New,2024-06-30
C04945,Customer 04945,Female,64,Madinah,New,2024-11-24
C04946,Customer 04946,Female,47,Jeddah,Loyal,2025-04-06
C04947,Customer 04947,Female,57,Abha,Returning,2025-12-25
C04948,Customer 04948,Male,35,Abha,New,2025-08-25
C04949,Customer 04949,Female,63,Abha,New,2025-08-09
C04950,Customer 04950,Female,42,Makkah,Returning,2025-05-30
C04951,Customer 04951,Male,20,Riyadh,Returning,2024-08-30
C04952,Customer 04952,Female,21,Khobar,New,2025-02-15
C04953,Customer 04953,Female,23,Riyadh,Loyal,2024-01-27
C04954,Customer 04954,Male,22,Madinah,Returning,2025-04-08
C04955,Customer 04955,Male,56,Madinah,Returning,2025-08-05
C04956,Customer 04956,Female,44,Abha,Returning,2025-09-05
C04957,Customer 04957,Male,19,Abha,New,2025-08-08
C04958,Customer 04958,Male,51,Jeddah,Returning,2024-12-04
C04959,Customer 04959,Male,28,Madinah,Returning,2026-06-18
C04960,Customer 04960,Male,44,Madinah,Returning,2026-04-22
C04961,Customer 04961,Female,42,Abha,New,2024-08-22
C04962,Customer 04962,Female,25,Makkah,Returning,2024-05-16
C04963,Customer 04963,Female,19,Madinah,Returning,2024-08-22
C04964,Customer 04964,Male,63,Abha,New,2024-05-27
C04965,Customer 04965,Male,32,Khobar,Loyal,2024-07-02
C04966,Customer 04966,Male,32,Dammam,Returning,2024-08-26
C04967,Customer 04967,Female,44,Madinah,Returning,2025-11-30
C04968,Customer 04968,Female,53,Abha,Returning,2025-06-07
C04969,Customer 04969,Female,43,Madinah,New,2025-01-19
C04970,Customer 04970,Female,54,Abha,Loyal,2024-07-22
C04971,Customer 04971,Male,29,Jeddah,Returning,2024-05-06
C04972,Customer 04972,Male,19,Jeddah,Returning,2025-01-10
C04973,Customer 04973,Male,18,Dammam,Loyal,2024-05-05
C04974,Customer 04974,Female,42,Abha,Loyal,2024-10-19
C04975,Customer 04975,Female,26,Makkah,Returning,2024-07-06
C04976,Customer 04976,Male,59,Madinah,Returning,2026-04-23
C04977,Customer 04977,Female,47,Dammam,New,2024-06-28
C04978,Customer 04978,Female,50,Khobar,Loyal,2024-08-04
C04979,Customer 04979,Female,46,Jeddah,Loyal,2024-08-08
C04980,Customer 04980,Female,26,Riyadh,Loyal,2024-09-07
C04981,Customer 04981,Male,64,Makkah,New,2026-03-23
C04982,Customer 04982,Female,57,Riyadh,New,2026-02-09
C04983,Customer 04983,Male,43,Riyadh,New,2024-04-29
C04984,Customer 04984,Female,56,Madinah,New,2025-01-20
C04985,Customer 04985,Male,53,Abha,Returning,2024-03-02
C04986,Customer 04986,Male,19,Makkah,Loyal,2024-07-17
C04987,Customer 04987,Male,31,Madinah,Loyal,2026-01-11
C04988,Customer 04988,Male,30,Khobar,Loyal,2025-08-29
C04989,Customer 04989,Female,25,Khobar,Returning,2024-01-16
C04990,Customer 04990,Female,60,Madinah,Loyal,2026-03-26
C04991,Customer 04991,Male,18,Makkah,Returning,2024-04-08
C04992,Customer 04992,Male,61,Dammam,Loyal,2025-12-23
C04993,Customer 04993,Male,57,Riyadh,Returning,2026-05-30
C04994,Customer 04994,Male,46,Dammam,Loyal,2025-05-29
C04995,Customer 04995,Male,18,Riyadh,Loyal,2024-02-02
C04996,Customer 04996,Female,38,Madinah,Returning,2026-05-19
C04997,Customer 04997,Female,32,Madinah,New,2024-04-08
C04998,Customer 04998,Female,41,Jeddah,Returning,2024-02-29
C04999,Customer 04999,Female,18,Makkah,Loyal,2026-04-28
C05000,Customer 05000,Male,63,Dammam,New,2025-11-19
C05001,Customer 05001,Female,49,Makkah,Loyal,2024-05-29
C05002,Customer 05002,Male,38,Riyadh,Returning,2024-01-01
C05003,Customer 05003,Female,51,Makkah,Loyal,2026-04-09
C05004,Customer 05004,Male,34,Abha,Loyal,2025-04-07
C05005,Customer 05005,Female,41,Jeddah,Returning,2026-03-17
C05006,Customer 05006,Male,54,Madinah,Returning,2025-05-16
C05007,Customer 05007,Female,26,Madinah,Returning,2024-03-15
C05008,Customer 05008,Male,42,Riyadh,Returning,2024-12-20
C05009,Customer 05009,Female,55,Riyadh,Returning,2024-05-06
C05010,Customer 05010,Male,40,Madinah,New,2025-05-17
C05011,Customer 05011,Male,21,Makkah,Returning,2025-12-01
C05012,Customer 05012,Male,32,Riyadh,Loyal,2025-08-08
C05013,Customer 05013,Male,42,Makkah,Returning,2026-05-26
C05014,Customer 05014,Male,18,Dammam,Loyal,2026-06-16
C05015,Customer 05015,Male,52,Jeddah,Loyal,2025-03-30
C05016,Customer 05016,Male,50,Khobar,New,2025-02-15
C05017,Customer 05017,Female,58,Riyadh,New,2024-07-29
C05018,Customer 05018,Male,45,Jeddah,Returning,2025-05-11
C05019,Customer 05019,Male,46,Riyadh,Returning,2025-06-27
C05020,Customer 05020,Female,41,Riyadh,New,2024-10-31
C05021,Customer 05021,Female,33,Dammam,Returning,2024-12-18
C05022,Customer 05022,Female,52,Jeddah,Loyal,2025-10-14
C05023,Customer 05023,Female,27,Jeddah,Returning,2026-01-04
C05024,Customer 05024,Male,20,Makkah,Returning,2024-03-28
C05025,Customer 05025,Female,61,Riyadh,Returning,2025-08-09
C05026,Customer 05026,Female,38,Riyadh,Loyal,2026-03-20
C05027,Customer 05027,Male,56,Abha,Loyal,2024-03-06
C05028,Customer 05028,Female,20,Makkah,New,2026-05-11
C05029,Customer 05029,Female,47,Jeddah,Returning,2026-03-05
C05030,Customer 05030,Male,22,Khobar,Loyal,2025-02-02
C05031,Customer 05031,Female,38,Dammam,New,2025-12-20
C05032,Customer 05032,Female,55,Jeddah,Returning,2025-02-13
C05033,Customer 05033,Female,47,Riyadh,Returning,2025-02-18
C05034,Customer 05034,Female,38,Makkah,Loyal,2024-12-07
C05035,Customer 05035,Male,23,Abha,Loyal,2024-02-21
C05036,Customer 05036,Male,62,Abha,Returning,2024-02-08
C05037,Customer 05037,Female,53,Abha,New,2024-05-11
C05038,Customer 05038,Female,63,Abha,Returning,2026-04-11
C05039,Customer 05039,Male,46,Abha,Returning,2024-08-23
C05040,Customer 05040,Male,62,Madinah,Returning,2025-08-25
C05041,Customer 05041,Female,27,Jeddah,Loyal,2025-03-18
C05042,Customer 05042,Female,34,Madinah,New,2024-06-11
C05043,Customer 05043,Female,38,Makkah,Loyal,2024-09-09
C05044,Customer 05044,Female,54,Khobar,New,2024-04-18
C05045,Customer 05045,Female,65,Dammam,Returning,2024-08-25
C05046,Customer 05046,Female,37,Jeddah,Loyal,2026-04-04
C05047,Customer 05047,Male,22,Riyadh,Returning,2025-04-07
C05048,Customer 05048,Male,36,Madinah,Loyal,2024-11-17
C05049,Customer 05049,Female,63,Makkah,New,2025-09-10
C05050,Customer 05050,Female,64,Khobar,Returning,2024-11-14
C05051,Customer 05051,Female,65,Khobar,Returning,2026-05-10
C05052,Customer 05052,Male,19,Riyadh,Returning,2026-02-25
C05053,Customer 05053,Female,57,Dammam,Returning,2024-10-15
C05054,Customer 05054,Female,62,Makkah,New,2025-10-24
C05055,Customer 05055,Female,22,Khobar,Returning,2026-01-20
C05056,Customer 05056,Female,34,Khobar,Returning,2024-05-18
C05057,Customer 05057,Male,57,Riyadh,New,2025-03-21
C05058,Customer 05058,Male,20,Jeddah,Returning,2024-02-09
C05059,Customer 05059,Female,33,Madinah,Loyal,2024-01-28
C05060,Customer 05060,Female,57,Madinah,New,2026-03-07
C05061,Customer 05061,Male,25,Jeddah,Returning,2025-02-02
C05062,Customer 05062,Male,63,Khobar,Returning,2026-02-16
C05063,Customer 05063,Male,48,Makkah,Loyal,2024-07-30
C05064,Customer 05064,Male,57,Dammam,New,2026-02-24
C05065,Customer 05065,Female,61,Riyadh,New,2025-01-25
C05066,Customer 05066,Female,22,Abha,Returning,2025-08-17
C05067,Customer 05067,Female,59,Dammam,Loyal,2026-04-25
C05068,Customer 05068,Female,36,Makkah,New,2024-07-18
C05069,Customer 05069,Female,41,Makkah,New,2026-02-19
C05070,Customer 05070,Female,33,Riyadh,New,2024-04-01
C05071,Customer 05071,Male,45,Riyadh,Returning,2024-09-01
C05072,Customer 05072,Male,37,Abha,Returning,2024-01-10
C05073,Customer 05073,Male,51,Abha,New,2024-08-12
C05074,Customer 05074,Male,18,Madinah,Returning,2025-03-15
C05075,Customer 05075,Male,54,Dammam,Returning,2024-02-21
C05076,Customer 05076,Male,45,Madinah,New,2024-07-04
C05077,Customer 05077,Female,60,Jeddah,Returning,2024-05-21
C05078,Customer 05078,Female,31,Riyadh,New,2024-04-22
C05079,Customer 05079,Female,45,Dammam,Returning,2025-07-18
C05080,Customer 05080,Female,34,Madinah,Loyal,2025-01-14
C05081,Customer 05081,Female,29,Abha,New,2024-03-06
C05082,Customer 05082,Female,32,Makkah,Returning,2024-03-17
C05083,Customer 05083,Female,39,Khobar,Returning,2024-03-26
C05084,Customer 05084,Male,40,Dammam,Loyal,2024-10-27
C05085,Customer 05085,Male,65,Abha,New,2026-06-11
C05086,Customer 05086,Male,51,Riyadh,New,2025-09-06
C05087,Customer 05087,Female,25,Khobar,Returning,2024-08-03
C05088,Customer 05088,Male,21,Khobar,Returning,2026-05-04
C05089,Customer 05089,Female,64,Abha,New,2024-12-18
C05090,Customer 05090,Female,41,Madinah,Returning,2025-07-30
C05091,Customer 05091,Male,34,Khobar,Returning,2025-04-17
C05092,Customer 05092,Male,49,Madinah,Returning,2025-11-09
C05093,Customer 05093,Female,22,Khobar,New,2026-03-03
C05094,Customer 05094,Female,55,Abha,New,2026-06-06
C05095,Customer 05095,Male,52,Abha,Returning,2025-01-19
C05096,Customer 05096,Female,52,Madinah,New,2024-02-13
C05097,Customer 05097,Female,28,Madinah,New,2026-02-18
C05098,Customer 05098,Male,51,Madinah,Loyal,2025-11-02
C05099,Customer 05099,Female,53,Khobar,Loyal,2024-08-11
C05100,Customer 05100,Female,64,Madinah,Loyal,2024-09-12
C05101,Customer 05101,Male,65,Riyadh,Returning,2024-02-29
C05102,Customer 05102,Male,62,Riyadh,Loyal,2026-03-26
C05103,Customer 05103,Female,32,Abha,New,2025-05-09
C05104,Customer 05104,Female,29,Madinah,Returning,2025-10-24
C05105,Customer 05105,Male,21,Jeddah,Loyal,2025-03-30
C05106,Customer 05106,Female,27,Abha,New,2024-07-06
C05107,Customer 05107,Male,48,Abha,Returning,2024-08-04
C05108,Customer 05108,Female,61,Jeddah,Loyal,2024-09-10
C05109,Customer 05109,Female,39,Dammam,Loyal,2025-05-17
C05110,Customer 05110,Female,38,Madinah,Loyal,2024-10-06
C05111,Customer 05111,Male,53,Makkah,Loyal,2026-02-23
C05112,Customer 05112,Female,42,Dammam,New,2025-10-18
C05113,Customer 05113,Female,35,Makkah,Returning,2024-01-30
C05114,Customer 05114,Male,25,Makkah,Loyal,2024-10-25
C05115,Customer 05115,Male,19,Makkah,New,2026-01-22
C05116,Customer 05116,Female,39,Riyadh,Returning,2024-04-27
C05117,Customer 05117,Male,41,Khobar,New,2026-01-18
C05118,Customer 05118,Male,22,Dammam,New,2026-03-24
C05119,Customer 05119,Female,51,Jeddah,Returning,2024-02-05
C05120,Customer 05120,Male,54,Dammam,Returning,2024-10-27
C05121,Customer 05121,Male,18,Madinah,Returning,2024-01-24
C05122,Customer 05122,Male,30,Madinah,Loyal,2024-01-31
C05123,Customer 05123,Male,19,Khobar,Loyal,2025-06-13
C05124,Customer 05124,Male,36,Jeddah,New,2025-04-20
C05125,Customer 05125,Male,64,Dammam,Returning,2025-06-15
C05126,Customer 05126,Female,32,Jeddah,Returning,2025-03-02
C05127,Customer 05127,Female,30,Dammam,New,2024-04-22
C05128,Customer 05128,Female,59,Madinah,Loyal,2025-08-20
C05129,Customer 05129,Female,43,Riyadh,Loyal,2024-12-28
C05130,Customer 05130,Male,19,Dammam,Returning,2024-01-31
C05131,Customer 05131,Female,65,Jeddah,Loyal,2024-06-12
C05132,Customer 05132,Male,32,Makkah,Loyal,2025-02-18
C05133,Customer 05133,Female,27,Abha,Returning,2025-12-20
C05134,Customer 05134,Male,60,Khobar,Returning,2025-10-10
C05135,Customer 05135,Female,39,Abha,New,2025-07-01
C05136,Customer 05136,Male,34,Abha,New,2025-07-24
C05137,Customer 05137,Male,52,Khobar,Loyal,2025-10-13
C05138,Customer 05138,Female,26,Riyadh,Loyal,2026-03-23
C05139,Customer 05139,Female,35,Dammam,New,2025-11-12
C05140,Customer 05140,Male,52,Abha,New,2026-06-04
C05141,Customer 05141,Male,27,Jeddah,New,2025-07-24
C05142,Customer 05142,Male,29,Madinah,New,2026-05-23
C05143,Customer 05143,Female,41,Madinah,Returning,2024-03-06
C05144,Customer 05144,Female,30,Madinah,Loyal,2024-10-26
C05145,Customer 05145,Male,64,Abha,New,2024-02-01
C05146,Customer 05146,Male,47,Makkah,New,2025-07-25
C05147,Customer 05147,Female,21,Makkah,Returning,2025-10-27
C05148,Customer 05148,Female,30,Makkah,Loyal,2026-05-20
C05149,Customer 05149,Male,21,Abha,Returning,2024-08-21
C05150,Customer 05150,Female,61,Riyadh,Returning,2024-04-01
C05151,Customer 05151,Female,50,Jeddah,Returning,2024-04-20
C05152,Customer 05152,Male,62,Makkah,Returning,2025-03-07
C05153,Customer 05153,Male,20,Khobar,New,2024-11-22
C05154,Customer 05154,Female,46,Makkah,Loyal,2025-11-06
C05155,Customer 05155,Male,26,Makkah,New,2025-06-26
C05156,Customer 05156,Male,65,Khobar,Loyal,2025-06-20
C05157,Customer 05157,Male,45,Abha,Returning,2024-05-02
C05158,Customer 05158,Male,26,Khobar,Returning,2025-02-22
C05159,Customer 05159,Female,44,Makkah,Returning,2025-06-04
C05160,Customer 05160,Female,45,Abha,Returning,2025-04-28
C05161,Customer 05161,Male,33,Dammam,Returning,2025-01-19
C05162,Customer 05162,Male,53,Madinah,Returning,2025-04-08
C05163,Customer 05163,Female,18,Makkah,Returning,2025-12-08
C05164,Customer 05164,Female,49,Abha,Returning,2025-06-25
C05165,Customer 05165,Female,45,Madinah,New,2024-10-12
C05166,Customer 05166,Male,42,Madinah,Loyal,2025-05-06
C05167,Customer 05167,Female,38,Khobar,Loyal,2024-12-10
C05168,Customer 05168,Male,29,Makkah,Loyal,2026-04-30
C05169,Customer 05169,Male,58,Khobar,New,2025-06-11
C05170,Customer 05170,Female,65,Jeddah,New,2024-11-03
C05171,Customer 05171,Female,41,Makkah,New,2026-05-30
C05172,Customer 05172,Female,44,Jeddah,Loyal,2025-05-18
C05173,Customer 05173,Male,18,Jeddah,New,2025-11-10
C05174,Customer 05174,Male,43,Dammam,New,2025-05-12
C05175,Customer 05175,Female,57,Jeddah,New,2025-11-14
C05176,Customer 05176,Male,40,Madinah,New,2024-02-01
C05177,Customer 05177,Male,24,Makkah,Returning,2024-11-06
C05178,Customer 05178,Male,57,Makkah,Loyal,2024-09-14
C05179,Customer 05179,Male,60,Madinah,Loyal,2024-04-06
C05180,Customer 05180,Female,63,Makkah,New,2024-12-03
C05181,Customer 05181,Female,26,Khobar,Loyal,2024-03-02
C05182,Customer 05182,Male,64,Madinah,Loyal,2024-02-12
C05183,Customer 05183,Male,49,Makkah,New,2024-12-16
C05184,Customer 05184,Female,25,Riyadh,Loyal,2025-07-19
C05185,Customer 05185,Female,20,Jeddah,Loyal,2025-03-06
C05186,Customer 05186,Female,32,Dammam,Returning,2025-10-20
C05187,Customer 05187,Female,50,Abha,Returning,2024-09-29
C05188,Customer 05188,Male,20,Dammam,Returning,2025-04-13
C05189,Customer 05189,Female,31,Abha,New,2026-06-06
C05190,Customer 05190,Male,38,Makkah,Returning,2025-12-23
C05191,Customer 05191,Male,64,Abha,New,2026-05-09
C05192,Customer 05192,Male,27,Madinah,Returning,2026-03-16
C05193,Customer 05193,Female,37,Jeddah,Loyal,2026-01-20
C05194,Customer 05194,Female,42,Riyadh,Returning,2026-04-10
C05195,Customer 05195,Female,63,Riyadh,Returning,2024-12-09
C05196,Customer 05196,Male,61,Madinah,Loyal,2025-01-12
C05197,Customer 05197,Female,65,Makkah,Returning,2025-07-16
C05198,Customer 05198,Female,37,Jeddah,Returning,2025-10-09
C05199,Customer 05199,Female,49,Riyadh,New,2026-05-13
C05200,Customer 05200,Female,24,Riyadh,Returning,2024-04-01
C05201,Customer 05201,Male,48,Makkah,New,2024-03-31
C05202,Customer 05202,Female,30,Jeddah,Returning,2024-08-13
C05203,Customer 05203,Male,55,Abha,Returning,2026-05-11
C05204,Customer 05204,Female,23,Abha,Loyal,2024-04-30
C05205,Customer 05205,Female,22,Dammam,Returning,2025-07-21
C05206,Customer 05206,Female,33,Jeddah,New,2024-12-17
C05207,Customer 05207,Female,19,Dammam,Returning,2024-11-16
C05208,Customer 05208,Male,65,Madinah,Returning,2024-03-19
C05209,Customer 05209,Female,41,Jeddah,New,2024-02-16
C05210,Customer 05210,Female,52,Madinah,Returning,2025-01-15
C05211,Customer 05211,Female,34,Riyadh,Returning,2026-05-20
C05212,Customer 05212,Female,27,Makkah,Returning,2024-11-16
C05213,Customer 05213,Male,40,Riyadh,Returning,2025-07-15
C05214,Customer 05214,Male,38,Khobar,Returning,2025-01-25
C05215,Customer 05215,Female,31,Jeddah,Returning,2024-09-03
C05216,Customer 05216,Female,60,Abha,Returning,2025-01-04
C05217,Customer 05217,Male,57,Jeddah,New,2025-01-18
C05218,Customer 05218,Female,20,Dammam,Returning,2024-09-28
C05219,Customer 05219,Male,33,Riyadh,Loyal,2024-02-21
C05220,Customer 05220,Male,40,Jeddah,Returning,2024-01-12
C05221,Customer 05221,Male,35,Madinah,Returning,2025-07-06
C05222,Customer 05222,Male,58,Riyadh,Loyal,2024-02-14
C05223,Customer 05223,Male,65,Khobar,New,2024-08-05
C05224,Customer 05224,Female,38,Riyadh,Returning,2026-02-07
C05225,Customer 05225,Male,45,Dammam,Loyal,2026-05-02
C05226,Customer 05226,Male,57,Khobar,Returning,2024-05-16
C05227,Customer 05227,Male,32,Jeddah,Returning,2024-01-10
C05228,Customer 05228,Male,54,Makkah,Returning,2024-06-27
C05229,Customer 05229,Female,54,Jeddah,Returning,2024-12-06
C05230,Customer 05230,Male,43,Makkah,Returning,2025-03-18
C05231,Customer 05231,Male,50,Dammam,Returning,2025-10-02
C05232,Customer 05232,Female,65,Dammam,Returning,2026-02-15
C05233,Customer 05233,Male,41,Madinah,Returning,2025-04-16
C05234,Customer 05234,Male,33,Abha,New,2024-07-14
C05235,Customer 05235,Male,19,Jeddah,Loyal,2026-02-16
C05236,Customer 05236,Male,57,Dammam,Loyal,2025-01-13
C05237,Customer 05237,Female,52,Riyadh,Returning,2024-11-13
C05238,Customer 05238,Male,41,Khobar,Returning,2025-11-30
C05239,Customer 05239,Female,61,Abha,New,2024-12-06
C05240,Customer 05240,Male,27,Madinah,Returning,2026-05-18
C05241,Customer 05241,Male,23,Jeddah,New,2025-01-06
C05242,Customer 05242,Male,54,Dammam,Returning,2025-05-02
C05243,Customer 05243,Female,40,Khobar,New,2026-02-03
C05244,Customer 05244,Female,56,Riyadh,Loyal,2024-07-07
C05245,Customer 05245,Female,34,Abha,New,2025-03-05
C05246,Customer 05246,Male,25,Abha,New,2025-07-06
C05247,Customer 05247,Female,54,Abha,Returning,2025-11-19
C05248,Customer 05248,Male,35,Abha,New,2025-12-25
C05249,Customer 05249,Female,55,Khobar,New,2024-06-18
C05250,Customer 05250,Female,42,Abha,Loyal,2024-12-14
C05251,Customer 05251,Male,40,Abha,Returning,2024-11-01
C05252,Customer 05252,Female,56,Madinah,Loyal,2024-09-20
C05253,Customer 05253,Female,28,Khobar,Loyal,2024-12-01
C05254,Customer 05254,Female,47,Dammam,Loyal,2025-05-10
C05255,Customer 05255,Male,36,Makkah,Returning,2025-11-18
C05256,Customer 05256,Male,44,Makkah,Returning,2025-01-23
C05257,Customer 05257,Female,30,Dammam,Returning,2025-03-06
C05258,Customer 05258,Female,65,Jeddah,New,2024-11-22
C05259,Customer 05259,Female,26,Madinah,New,2024-09-04
C05260,Customer 05260,Male,39,Makkah,Loyal,2026-05-15
C05261,Customer 05261,Male,28,Abha,Returning,2025-06-22
C05262,Customer 05262,Male,31,Khobar,New,2026-04-13
C05263,Customer 05263,Female,54,Abha,New,2024-09-08
C05264,Customer 05264,Male,46,Makkah,Returning,2024-03-17
C05265,Customer 05265,Male,49,Jeddah,Loyal,2025-02-19
C05266,Customer 05266,Male,57,Riyadh,New,2025-08-31
C05267,Customer 05267,Male,42,Riyadh,New,2026-01-23
C05268,Customer 05268,Female,21,Abha,New,2025-12-25
C05269,Customer 05269,Female,25,Madinah,Loyal,2025-03-15
C05270,Customer 05270,Male,32,Riyadh,New,2026-01-27
C05271,Customer 05271,Male,60,Madinah,Returning,2024-11-09
C05272,Customer 05272,Male,65,Riyadh,Returning,2026-02-02
C05273,Customer 05273,Male,60,Dammam,Loyal,2024-05-25
C05274,Customer 05274,Male,32,Makkah,Returning,2026-03-02
C05275,Customer 05275,Female,40,Dammam,New,2024-10-08
C05276,Customer 05276,Female,54,Riyadh,Loyal,2024-08-01
C05277,Customer 05277,Female,22,Makkah,New,2024-05-04
C05278,Customer 05278,Female,30,Abha,New,2024-06-15
C05279,Customer 05279,Female,35,Jeddah,New,2026-05-30
C05280,Customer 05280,Male,64,Dammam,Returning,2024-03-22
C05281,Customer 05281,Male,42,Jeddah,Loyal,2025-05-31
C05282,Customer 05282,Female,48,Madinah,Returning,2025-05-16
C05283,Customer 05283,Male,25,Makkah,Loyal,2025-01-31
C05284,Customer 05284,Male,20,Dammam,New,2024-07-16
C05285,Customer 05285,Female,19,Dammam,Loyal,2024-08-13
C05286,Customer 05286,Female,18,Dammam,Loyal,2024-12-30
C05287,Customer 05287,Female,19,Abha,Returning,2024-02-26
C05288,Customer 05288,Female,56,Riyadh,Returning,2025-12-24
C05289,Customer 05289,Male,51,Abha,Returning,2026-02-19
C05290,Customer 05290,Male,42,Dammam,Returning,2025-06-23
C05291,Customer 05291,Female,26,Khobar,Loyal,2025-03-03
C05292,Customer 05292,Male,33,Madinah,New,2025-11-05
C05293,Customer 05293,Male,23,Madinah,Returning,2024-02-06
C05294,Customer 05294,Male,64,Riyadh,New,2024-09-06
C05295,Customer 05295,Male,59,Riyadh,Returning,2024-01-20
C05296,Customer 05296,Male,23,Dammam,Returning,2026-06-17
C05297,Customer 05297,Female,57,Riyadh,Returning,2025-10-25
C05298,Customer 05298,Female,47,Dammam,Loyal,2024-02-10
C05299,Customer 05299,Female,40,Riyadh,Returning,2025-03-09
C05300,Customer 05300,Male,18,Dammam,Returning,2025-08-21
C05301,Customer 05301,Male,44,Abha,New,2024-10-19
C05302,Customer 05302,Male,18,Abha,New,2024-10-20
C05303,Customer 05303,Male,24,Madinah,Returning,2024-03-16
C05304,Customer 05304,Male,65,Jeddah,Loyal,2024-12-02
C05305,Customer 05305,Male,38,Riyadh,Returning,2026-04-15
C05306,Customer 05306,Female,41,Riyadh,Returning,2024-03-31
C05307,Customer 05307,Male,35,Dammam,Returning,2026-04-16
C05308,Customer 05308,Male,58,Abha,Loyal,2025-12-12
C05309,Customer 05309,Male,55,Madinah,Loyal,2025-09-23
C05310,Customer 05310,Male,22,Khobar,Loyal,2024-02-06
C05311,Customer 05311,Male,27,Makkah,Returning,2024-09-04
C05312,Customer 05312,Male,22,Jeddah,Loyal,2024-09-06
C05313,Customer 05313,Male,42,Madinah,Returning,2024-07-07
C05314,Customer 05314,Male,53,Makkah,Returning,2024-08-02
C05315,Customer 05315,Female,43,Madinah,Loyal,2024-03-01
C05316,Customer 05316,Female,23,Abha,Returning,2026-05-11
C05317,Customer 05317,Male,62,Riyadh,Loyal,2026-01-17
C05318,Customer 05318,Male,60,Jeddah,Returning,2024-06-16
C05319,Customer 05319,Female,47,Jeddah,Returning,2025-08-08
C05320,Customer 05320,Female,37,Jeddah,Loyal,2026-02-08
C05321,Customer 05321,Female,30,Jeddah,Returning,2025-12-08
C05322,Customer 05322,Female,25,Madinah,Loyal,2025-11-07
C05323,Customer 05323,Male,25,Jeddah,Loyal,2026-01-12
C05324,Customer 05324,Female,26,Madinah,New,2025-12-16
C05325,Customer 05325,Male,62,Jeddah,Returning,2025-02-10
C05326,Customer 05326,Male,22,Khobar,Returning,2026-04-06
C05327,Customer 05327,Male,38,Khobar,Returning,2026-05-06
C05328,Customer 05328,Male,48,Makkah,Returning,2024-12-07
C05329,Customer 05329,Female,41,Khobar,Returning,2025-06-23
C05330,Customer 05330,Female,23,Khobar,New,2026-02-20
C05331,Customer 05331,Male,31,Khobar,Returning,2024-05-11
C05332,Customer 05332,Male,28,Dammam,Returning,2025-11-13
C05333,Customer 05333,Male,25,Riyadh,Loyal,2025-05-08
C05334,Customer 05334,Female,61,Madinah,New,2025-03-05
C05335,Customer 05335,Female,57,Madinah,New,2025-07-05
C05336,Customer 05336,Male,49,Riyadh,Returning,2025-01-08
C05337,Customer 05337,Female,63,Madinah,Returning,2024-10-24
C05338,Customer 05338,Female,58,Khobar,Loyal,2025-11-15
C05339,Customer 05339,Female,49,Madinah,Loyal,2025-07-25
C05340,Customer 05340,Male,21,Abha,Returning,2026-04-29
C05341,Customer 05341,Female,63,Riyadh,Returning,2024-12-29
C05342,Customer 05342,Male,27,Makkah,Returning,2024-10-08
C05343,Customer 05343,Male,50,Abha,Returning,2024-08-05
C05344,Customer 05344,Male,30,Makkah,Returning,2026-04-26
C05345,Customer 05345,Female,58,Khobar,Loyal,2025-01-05
C05346,Customer 05346,Female,33,Riyadh,New,2025-11-19
C05347,Customer 05347,Female,65,Jeddah,New,2025-11-17
C05348,Customer 05348,Female,38,Khobar,New,2025-09-14
C05349,Customer 05349,Male,62,Madinah,Loyal,2025-04-28
C05350,Customer 05350,Female,41,Dammam,Loyal,2024-08-03
C05351,Customer 05351,Male,38,Khobar,Returning,2025-11-18
C05352,Customer 05352,Male,47,Dammam,Loyal,2025-07-22
C05353,Customer 05353,Female,25,Jeddah,Returning,2025-03-10
C05354,Customer 05354,Female,34,Makkah,New,2025-09-12
C05355,Customer 05355,Female,29,Riyadh,Returning,2025-06-18
C05356,Customer 05356,Female,38,Jeddah,Returning,2025-12-27
C05357,Customer 05357,Male,45,Khobar,Returning,2024-08-26
C05358,Customer 05358,Male,38,Riyadh,Returning,2026-05-08
C05359,Customer 05359,Female,39,Abha,New,2026-01-20
C05360,Customer 05360,Female,24,Khobar,Loyal,2024-09-23
C05361,Customer 05361,Male,20,Madinah,Returning,2024-07-03
C05362,Customer 05362,Female,62,Madinah,Loyal,2026-01-04
C05363,Customer 05363,Female,45,Jeddah,Loyal,2025-10-28
C05364,Customer 05364,Female,60,Jeddah,New,2026-02-25
C05365,Customer 05365,Female,49,Makkah,Returning,2025-11-04
C05366,Customer 05366,Male,50,Khobar,Loyal,2026-04-14
C05367,Customer 05367,Male,44,Dammam,Returning,2025-04-07
C05368,Customer 05368,Male,54,Riyadh,Returning,2025-01-31
C05369,Customer 05369,Female,51,Dammam,New,2024-12-25
C05370,Customer 05370,Female,59,Riyadh,Returning,2026-05-04
C05371,Customer 05371,Female,37,Jeddah,Returning,2025-01-04
C05372,Customer 05372,Male,32,Makkah,Returning,2025-11-20
C05373,Customer 05373,Male,49,Makkah,Loyal,2024-09-14
C05374,Customer 05374,Male,30,Dammam,New,2025-11-27
C05375,Customer 05375,Female,37,Dammam,Loyal,2025-07-10
C05376,Customer 05376,Female,20,Riyadh,Returning,2025-11-04
C05377,Customer 05377,Female,36,Abha,New,2025-12-09
C05378,Customer 05378,Female,19,Makkah,Loyal,2024-07-23
C05379,Customer 05379,Male,60,Madinah,New,2025-08-05
C05380,Customer 05380,Male,59,Riyadh,Returning,2024-09-19
C05381,Customer 05381,Female,45,Riyadh,New,2025-07-03
C05382,Customer 05382,Male,63,Madinah,Returning,2024-07-09
C05383,Customer 05383,Male,64,Makkah,Returning,2025-05-01
C05384,Customer 05384,Male,50,Khobar,New,2026-04-23
C05385,Customer 05385,Male,47,Jeddah,New,2026-03-15
C05386,Customer 05386,Female,47,Abha,Returning,2025-03-03
C05387,Customer 05387,Female,30,Khobar,Returning,2024-01-12
C05388,Customer 05388,Male,22,Khobar,Loyal,2025-12-29
C05389,Customer 05389,Male,33,Khobar,Returning,2025-08-27
C05390,Customer 05390,Female,21,Makkah,Loyal,2024-12-11
C05391,Customer 05391,Male,65,Abha,Loyal,2026-03-13
C05392,Customer 05392,Female,24,Jeddah,New,2024-03-27
C05393,Customer 05393,Male,59,Makkah,New,2024-10-24
C05394,Customer 05394,Male,39,Riyadh,Loyal,2026-04-01
C05395,Customer 05395,Male,52,Madinah,Returning,2025-05-10
C05396,Customer 05396,Female,39,Makkah,Loyal,2026-03-21
C05397,Customer 05397,Male,38,Khobar,New,2026-02-07
C05398,Customer 05398,Male,18,Makkah,New,2024-04-12
C05399,Customer 05399,Female,51,Makkah,Loyal,2024-12-18
C05400,Customer 05400,Female,52,Makkah,Loyal,2025-06-12
C05401,Customer 05401,Male,30,Madinah,New,2025-02-25
C05402,Customer 05402,Male,60,Abha,New,2024-08-31
C05403,Customer 05403,Female,43,Jeddah,Returning,2025-06-01
C05404,Customer 05404,Female,55,Khobar,Returning,2025-12-23
C05405,Customer 05405,Female,22,Madinah,Loyal,2024-03-07
C05406,Customer 05406,Female,28,Makkah,Loyal,2025-06-20
C05407,Customer 05407,Male,58,Makkah,Loyal,2024-10-21
C05408,Customer 05408,Female,28,Jeddah,New,2024-10-04
C05409,Customer 05409,Female,57,Dammam,Loyal,2025-04-02
C05410,Customer 05410,Male,48,Dammam,New,2024-02-21
C05411,Customer 05411,Male,40,Abha,Loyal,2024-01-14
C05412,Customer 05412,Male,61,Makkah,Returning,2025-10-01
C05413,Customer 05413,Female,60,Makkah,Returning,2024-03-15
C05414,Customer 05414,Male,36,Dammam,Returning,2025-05-30
C05415,Customer 05415,Female,43,Riyadh,Loyal,2025-01-10
C05416,Customer 05416,Female,60,Riyadh,New,2024-01-03
C05417,Customer 05417,Female,25,Madinah,New,2024-10-28
C05418,Customer 05418,Female,61,Jeddah,Loyal,2026-01-23
C05419,Customer 05419,Male,27,Riyadh,New,2025-08-20
C05420,Customer 05420,Male,45,Dammam,Returning,2024-07-19
C05421,Customer 05421,Female,40,Khobar,Returning,2024-11-28
C05422,Customer 05422,Female,37,Dammam,Returning,2025-09-21
C05423,Customer 05423,Male,50,Jeddah,New,2026-04-02
C05424,Customer 05424,Male,63,Riyadh,Loyal,2025-06-27
C05425,Customer 05425,Male,45,Makkah,Returning,2024-03-21
C05426,Customer 05426,Female,27,Riyadh,Loyal,2025-12-23
C05427,Customer 05427,Male,27,Dammam,Loyal,2025-11-07
C05428,Customer 05428,Male,48,Jeddah,Returning,2024-10-10
C05429,Customer 05429,Female,25,Khobar,Loyal,2024-02-11
C05430,Customer 05430,Female,57,Jeddah,New,2025-11-26
C05431,Customer 05431,Male,41,Khobar,Returning,2025-04-18
C05432,Customer 05432,Male,47,Dammam,New,2025-01-05
C05433,Customer 05433,Male,56,Dammam,New,2025-10-07
C05434,Customer 05434,Female,61,Jeddah,New,2024-04-28
C05435,Customer 05435,Male,58,Makkah,Returning,2025-02-24
C05436,Customer 05436,Male,44,Khobar,Returning,2024-12-18
C05437,Customer 05437,Male,54,Makkah,Loyal,2024-02-26
C05438,Customer 05438,Male,24,Madinah,Returning,2025-01-21
C05439,Customer 05439,Male,56,Khobar,New,2025-06-14
C05440,Customer 05440,Male,51,Dammam,Loyal,2026-04-25
C05441,Customer 05441,Male,59,Khobar,Returning,2026-05-03
C05442,Customer 05442,Female,42,Jeddah,New,2025-11-26
C05443,Customer 05443,Male,31,Riyadh,Returning,2024-08-01
C05444,Customer 05444,Male,57,Makkah,Loyal,2025-08-23
C05445,Customer 05445,Male,39,Madinah,Loyal,2025-12-10
C05446,Customer 05446,Female,56,Jeddah,Returning,2024-08-08
C05447,Customer 05447,Male,32,Makkah,Returning,2024-09-11
C05448,Customer 05448,Female,18,Madinah,New,2025-08-06
C05449,Customer 05449,Male,29,Abha,New,2025-01-06
C05450,Customer 05450,Male,37,Makkah,Returning,2026-04-25
C05451,Customer 05451,Male,55,Khobar,Loyal,2024-02-15
C05452,Customer 05452,Male,56,Jeddah,Returning,2025-07-03
C05453,Customer 05453,Male,62,Madinah,Loyal,2025-04-24
C05454,Customer 05454,Female,41,Khobar,Returning,2026-01-30
C05455,Customer 05455,Female,50,Makkah,New,2025-01-31
C05456,Customer 05456,Female,52,Jeddah,New,2024-04-29
C05457,Customer 05457,Female,53,Jeddah,Returning,2024-09-19
C05458,Customer 05458,Male,59,Makkah,Loyal,2024-08-03
C05459,Customer 05459,Female,49,Riyadh,Loyal,2025-11-25
C05460,Customer 05460,Female,21,Khobar,Returning,2025-10-23
C05461,Customer 05461,Female,18,Madinah,Returning,2025-02-16
C05462,Customer 05462,Male,43,Khobar,Returning,2025-07-23
C05463,Customer 05463,Female,55,Makkah,Returning,2025-04-15
C05464,Customer 05464,Female,38,Madinah,New,2025-09-13
C05465,Customer 05465,Male,55,Madinah,Returning,2025-04-15
C05466,Customer 05466,Male,46,Riyadh,Loyal,2024-07-31
C05467,Customer 05467,Female,63,Riyadh,Returning,2026-05-22
C05468,Customer 05468,Female,36,Makkah,New,2024-06-03
C05469,Customer 05469,Male,25,Riyadh,Loyal,2026-01-06
C05470,Customer 05470,Female,30,Abha,Loyal,2024-08-28
C05471,Customer 05471,Male,27,Jeddah,Returning,2026-06-17
C05472,Customer 05472,Female,59,Khobar,New,2024-04-04
C05473,Customer 05473,Female,21,Jeddah,Returning,2026-01-29
C05474,Customer 05474,Male,57,Jeddah,Returning,2024-09-24
C05475,Customer 05475,Male,23,Abha,Loyal,2025-08-22
C05476,Customer 05476,Female,48,Madinah,Returning,2025-02-26
C05477,Customer 05477,Female,42,Jeddah,Returning,2024-01-04
C05478,Customer 05478,Female,64,Makkah,Returning,2025-09-03
C05479,Customer 05479,Male,48,Jeddah,Returning,2024-02-18
C05480,Customer 05480,Male,52,Abha,Returning,2025-06-20
C05481,Customer 05481,Male,29,Abha,Returning,2025-06-13
C05482,Customer 05482,Male,51,Makkah,Returning,2025-03-30
C05483,Customer 05483,Male,30,Riyadh,Returning,2025-10-06
C05484,Customer 05484,Female,47,Makkah,Returning,2026-04-11
C05485,Customer 05485,Male,19,Khobar,Returning,2025-01-06
C05486,Customer 05486,Female,58,Jeddah,New,2025-06-07
C05487,Customer 05487,Female,44,Riyadh,Returning,2025-10-15
C05488,Customer 05488,Female,23,Makkah,New,2024-11-13
C05489,Customer 05489,Male,42,Riyadh,New,2026-03-02
C05490,Customer 05490,Female,25,Madinah,Loyal,2025-06-14
C05491,Customer 05491,Female,29,Makkah,Returning,2024-01-11
C05492,Customer 05492,Female,60,Jeddah,New,2024-07-17
C05493,Customer 05493,Female,25,Makkah,New,2025-08-10
C05494,Customer 05494,Female,60,Riyadh,New,2024-10-17
C05495,Customer 05495,Female,52,Abha,Loyal,2025-10-01
C05496,Customer 05496,Male,42,Makkah,Loyal,2025-04-27
C05497,Customer 05497,Female,42,Dammam,Returning,2024-02-10
C05498,Customer 05498,Female,21,Khobar,Returning,2025-11-15
C05499,Customer 05499,Male,32,Dammam,New,2025-01-27
C05500,Customer 05500,Male,52,Jeddah,Returning,2024-12-26
C05501,Customer 05501,Female,44,Jeddah,Loyal,2024-11-30
C05502,Customer 05502,Female,26,Dammam,Loyal,2024-08-18
C05503,Customer 05503,Male,53,Madinah,Returning,2025-06-25
C05504,Customer 05504,Male,52,Madinah,Returning,2025-04-03
C05505,Customer 05505,Female,18,Jeddah,New,2024-07-09
C05506,Customer 05506,Female,23,Dammam,Returning,2026-04-21
C05507,Customer 05507,Male,33,Abha,New,2024-06-03
C05508,Customer 05508,Female,35,Riyadh,Loyal,2025-10-05
C05509,Customer 05509,Male,59,Riyadh,Loyal,2025-10-16
C05510,Customer 05510,Male,51,Riyadh,Returning,2024-02-24
C05511,Customer 05511,Female,33,Makkah,Returning,2024-08-07
C05512,Customer 05512,Male,47,Madinah,Returning,2024-08-19
C05513,Customer 05513,Female,45,Riyadh,Returning,2025-12-24
C05514,Customer 05514,Female,18,Jeddah,Returning,2024-03-07
C05515,Customer 05515,Male,53,Dammam,New,2024-05-03
C05516,Customer 05516,Male,38,Makkah,Returning,2025-10-20
C05517,Customer 05517,Male,47,Makkah,Loyal,2025-03-04
C05518,Customer 05518,Male,34,Khobar,New,2024-05-29
C05519,Customer 05519,Male,62,Dammam,Loyal,2026-02-21
C05520,Customer 05520,Female,61,Jeddah,New,2026-05-08
C05521,Customer 05521,Female,50,Madinah,Returning,2024-04-25
C05522,Customer 05522,Female,48,Khobar,New,2025-05-02
C05523,Customer 05523,Female,27,Jeddah,New,2024-07-04
C05524,Customer 05524,Male,38,Jeddah,Returning,2024-08-20
C05525,Customer 05525,Male,19,Abha,New,2026-01-13
C05526,Customer 05526,Female,42,Jeddah,Returning,2024-03-20
C05527,Customer 05527,Female,61,Khobar,Returning,2025-01-14
C05528,Customer 05528,Female,59,Makkah,Loyal,2024-01-10
C05529,Customer 05529,Female,27,Abha,New,2026-03-25
C05530,Customer 05530,Female,42,Jeddah,Loyal,2024-10-15
C05531,Customer 05531,Female,28,Jeddah,Returning,2025-11-20
C05532,Customer 05532,Female,18,Khobar,Returning,2026-04-14
C05533,Customer 05533,Female,22,Abha,New,2025-12-28
C05534,Customer 05534,Male,58,Riyadh,Returning,2026-01-01
C05535,Customer 05535,Male,24,Riyadh,Returning,2025-01-23
C05536,Customer 05536,Male,28,Makkah,Loyal,2025-05-21
C05537,Customer 05537,Female,57,Dammam,Loyal,2024-09-23
C05538,Customer 05538,Female,48,Makkah,New,2024-11-12
C05539,Customer 05539,Female,36,Riyadh,New,2024-06-19
C05540,Customer 05540,Female,18,Jeddah,New,2024-04-18
C05541,Customer 05541,Male,39,Makkah,New,2026-02-11
C05542,Customer 05542,Female,30,Makkah,Returning,2024-12-12
C05543,Customer 05543,Female,24,Riyadh,Returning,2025-08-11
C05544,Customer 05544,Female,46,Khobar,Returning,2024-08-02
C05545,Customer 05545,Male,60,Khobar,Loyal,2024-06-26
C05546,Customer 05546,Female,27,Dammam,New,2025-04-26
C05547,Customer 05547,Male,20,Jeddah,Loyal,2024-01-15
C05548,Customer 05548,Male,46,Khobar,New,2024-10-08
C05549,Customer 05549,Male,39,Riyadh,Returning,2026-02-21
C05550,Customer 05550,Female,38,Abha,Returning,2026-01-12
C05551,Customer 05551,Male,56,Jeddah,Returning,2024-01-14
C05552,Customer 05552,Female,61,Khobar,Returning,2026-02-16
C05553,Customer 05553,Male,56,Dammam,New,2024-01-29
C05554,Customer 05554,Female,53,Riyadh,Returning,2024-03-21
C05555,Customer 05555,Male,64,Abha,Returning,2025-03-10
C05556,Customer 05556,Female,45,Madinah,New,2024-07-18
C05557,Customer 05557,Female,61,Madinah,New,2025-03-16
C05558,Customer 05558,Female,56,Khobar,New,2024-07-10
C05559,Customer 05559,Male,54,Dammam,Returning,2026-05-05
C05560,Customer 05560,Male,31,Jeddah,Returning,2024-06-21
C05561,Customer 05561,Female,33,Madinah,Loyal,2026-04-18
C05562,Customer 05562,Male,53,Khobar,Loyal,2025-05-25
C05563,Customer 05563,Male,29,Madinah,Returning,2024-01-25
C05564,Customer 05564,Male,23,Jeddah,Loyal,2025-01-06
C05565,Customer 05565,Female,44,Abha,Returning,2024-08-11
C05566,Customer 05566,Female,33,Khobar,New,2025-01-01
C05567,Customer 05567,Male,62,Jeddah,Returning,2024-06-11
C05568,Customer 05568,Male,45,Dammam,Returning,2025-03-19
C05569,Customer 05569,Male,26,Abha,New,2025-08-20
C05570,Customer 05570,Male,31,Khobar,Loyal,2025-02-25
C05571,Customer 05571,Female,38,Dammam,New,2024-10-17
C05572,Customer 05572,Female,20,Khobar,New,2025-08-11
C05573,Customer 05573,Male,51,Khobar,Loyal,2025-08-05
C05574,Customer 05574,Female,34,Dammam,Returning,2024-10-06
C05575,Customer 05575,Male,34,Riyadh,Returning,2024-04-05
C05576,Customer 05576,Male,63,Abha,New,2025-05-22
C05577,Customer 05577,Female,62,Dammam,Returning,2025-03-26
C05578,Customer 05578,Female,49,Khobar,New,2026-06-15
C05579,Customer 05579,Male,30,Dammam,Loyal,2025-01-13
C05580,Customer 05580,Male,48,Abha,Returning,2025-05-11
C05581,Customer 05581,Male,35,Madinah,Loyal,2024-11-07
C05582,Customer 05582,Female,64,Khobar,Returning,2024-05-25
C05583,Customer 05583,Female,47,Madinah,Returning,2025-09-06
C05584,Customer 05584,Female,53,Abha,Returning,2026-05-27
C05585,Customer 05585,Male,47,Makkah,Returning,2026-06-13
C05586,Customer 05586,Female,25,Abha,Returning,2025-07-28
C05587,Customer 05587,Male,19,Dammam,Returning,2024-11-17
C05588,Customer 05588,Female,44,Khobar,Returning,2025-01-03
C05589,Customer 05589,Male,52,Khobar,Loyal,2024-07-31
C05590,Customer 05590,Female,42,Makkah,New,2024-09-02
C05591,Customer 05591,Male,55,Dammam,New,2024-02-26
C05592,Customer 05592,Male,39,Abha,Loyal,2024-02-13
C05593,Customer 05593,Female,45,Khobar,Returning,2026-01-14
C05594,Customer 05594,Female,49,Riyadh,New,2024-07-02
C05595,Customer 05595,Male,22,Abha,Loyal,2025-01-26
C05596,Customer 05596,Female,46,Dammam,Returning,2024-04-01
C05597,Customer 05597,Male,30,Madinah,Returning,2025-03-27
C05598,Customer 05598,Male,35,Dammam,Loyal,2026-02-25
C05599,Customer 05599,Male,41,Dammam,Returning,2025-06-25
C05600,Customer 05600,Female,59,Madinah,Returning,2026-01-25
C05601,Customer 05601,Male,60,Abha,Returning,2024-08-12
C05602,Customer 05602,Male,50,Abha,Loyal,2024-06-21
C05603,Customer 05603,Female,29,Makkah,New,2024-05-16
C05604,Customer 05604,Female,52,Dammam,New,2025-06-05
C05605,Customer 05605,Male,54,Jeddah,Loyal,2024-03-20
C05606,Customer 05606,Female,32,Abha,Returning,2024-07-14
C05607,Customer 05607,Female,24,Riyadh,New,2024-06-22
C05608,Customer 05608,Male,44,Makkah,New,2024-12-17
C05609,Customer 05609,Male,24,Makkah,Returning,2026-01-04
C05610,Customer 05610,Female,23,Makkah,New,2025-11-04
C05611,Customer 05611,Female,60,Dammam,New,2024-07-01
C05612,Customer 05612,Female,22,Madinah,Loyal,2024-03-23
C05613,Customer 05613,Male,47,Makkah,Returning,2025-02-13
C05614,Customer 05614,Male,29,Abha,Returning,2025-10-31
C05615,Customer 05615,Male,50,Khobar,Returning,2024-04-20
C05616,Customer 05616,Female,46,Makkah,Loyal,2025-11-17
C05617,Customer 05617,Male,43,Jeddah,Loyal,2026-01-21
C05618,Customer 05618,Male,47,Makkah,Returning,2024-03-28
C05619,Customer 05619,Male,65,Jeddah,Returning,2024-01-04
C05620,Customer 05620,Female,26,Makkah,Loyal,2026-01-29
C05621,Customer 05621,Male,21,Abha,Returning,2024-03-31
C05622,Customer 05622,Male,52,Makkah,Returning,2024-03-08
C05623,Customer 05623,Male,44,Madinah,Loyal,2024-06-19
C05624,Customer 05624,Male,20,Abha,Loyal,2024-03-30
C05625,Customer 05625,Male,40,Madinah,Returning,2025-08-12
C05626,Customer 05626,Male,26,Dammam,New,2026-03-14
C05627,Customer 05627,Male,42,Makkah,Loyal,2025-03-26
C05628,Customer 05628,Male,51,Dammam,Returning,2024-12-30
C05629,Customer 05629,Female,43,Jeddah,New,2024-12-07
C05630,Customer 05630,Female,34,Dammam,Returning,2024-02-19
C05631,Customer 05631,Male,29,Makkah,Loyal,2024-02-22
C05632,Customer 05632,Female,21,Riyadh,New,2024-12-11
C05633,Customer 05633,Female,50,Madinah,Loyal,2024-03-15
C05634,Customer 05634,Female,37,Madinah,Loyal,2024-03-04
C05635,Customer 05635,Female,55,Riyadh,Returning,2026-02-15
C05636,Customer 05636,Female,26,Makkah,Loyal,2024-07-01
C05637,Customer 05637,Male,49,Riyadh,New,2025-03-01
C05638,Customer 05638,Female,64,Dammam,Loyal,2025-09-01
C05639,Customer 05639,Female,63,Riyadh,Returning,2024-02-03
C05640,Customer 05640,Female,25,Madinah,New,2025-02-03
C05641,Customer 05641,Female,33,Khobar,Returning,2026-04-13
C05642,Customer 05642,Male,20,Jeddah,Returning,2025-05-16
C05643,Customer 05643,Female,58,Riyadh,New,2025-02-10
C05644,Customer 05644,Male,46,Abha,Returning,2024-02-09
C05645,Customer 05645,Male,20,Riyadh,Returning,2025-04-03
C05646,Customer 05646,Male,24,Madinah,Returning,2024-10-07
C05647,Customer 05647,Male,28,Abha,Returning,2026-05-19
C05648,Customer 05648,Female,42,Riyadh,Returning,2025-01-29
C05649,Customer 05649,Male,41,Makkah,Returning,2026-05-17
C05650,Customer 05650,Female,52,Abha,Returning,2025-03-11
C05651,Customer 05651,Female,46,Riyadh,Returning,2024-05-09
C05652,Customer 05652,Male,62,Riyadh,Returning,2026-02-10
C05653,Customer 05653,Male,60,Riyadh,Returning,2024-03-09
C05654,Customer 05654,Female,30,Makkah,New,2025-02-27
C05655,Customer 05655,Male,31,Abha,New,2024-11-06
C05656,Customer 05656,Male,64,Jeddah,Returning,2025-11-28
C05657,Customer 05657,Female,62,Madinah,Returning,2024-04-17
C05658,Customer 05658,Female,52,Abha,Returning,2024-01-22
C05659,Customer 05659,Male,64,Khobar,New,2025-08-11
C05660,Customer 05660,Female,57,Jeddah,Returning,2025-04-02
C05661,Customer 05661,Female,28,Jeddah,Loyal,2025-01-29
C05662,Customer 05662,Female,63,Riyadh,Returning,2024-07-22
C05663,Customer 05663,Female,42,Abha,Returning,2024-11-29
C05664,Customer 05664,Male,41,Abha,Returning,2026-02-11
C05665,Customer 05665,Male,35,Khobar,Returning,2024-06-12
C05666,Customer 05666,Male,51,Khobar,Returning,2024-04-07
C05667,Customer 05667,Female,51,Makkah,New,2024-08-12
C05668,Customer 05668,Male,65,Madinah,Returning,2025-02-15
C05669,Customer 05669,Male,21,Dammam,Loyal,2025-01-31
C05670,Customer 05670,Male,62,Dammam,Loyal,2024-05-25
C05671,Customer 05671,Female,50,Makkah,Returning,2024-06-29
C05672,Customer 05672,Male,26,Dammam,Returning,2025-08-01
C05673,Customer 05673,Female,60,Makkah,Returning,2024-02-21
C05674,Customer 05674,Female,62,Makkah,Returning,2025-04-20
C05675,Customer 05675,Male,37,Dammam,Returning,2026-05-06
C05676,Customer 05676,Male,63,Makkah,New,2025-03-19
C05677,Customer 05677,Female,55,Dammam,Returning,2025-03-07
C05678,Customer 05678,Female,29,Khobar,New,2025-02-04
C05679,Customer 05679,Male,42,Jeddah,Loyal,2025-06-27
C05680,Customer 05680,Male,24,Madinah,Returning,2024-06-11
C05681,Customer 05681,Female,45,Madinah,New,2025-09-21
C05682,Customer 05682,Female,61,Khobar,Returning,2025-04-25
C05683,Customer 05683,Male,28,Abha,Loyal,2024-03-20
C05684,Customer 05684,Male,45,Riyadh,Returning,2024-06-19
C05685,Customer 05685,Female,33,Makkah,New,2024-09-14
C05686,Customer 05686,Male,30,Abha,Loyal,2025-09-04
C05687,Customer 05687,Male,28,Madinah,Returning,2025-10-10
C05688,Customer 05688,Female,58,Makkah,New,2026-01-09
C05689,Customer 05689,Male,20,Makkah,Returning,2025-06-12
C05690,Customer 05690,Female,50,Abha,Returning,2024-07-17
C05691,Customer 05691,Female,35,Riyadh,New,2024-04-22
C05692,Customer 05692,Male,45,Dammam,Loyal,2025-07-12
C05693,Customer 05693,Female,53,Makkah,New,2025-03-13
C05694,Customer 05694,Male,26,Jeddah,Loyal,2024-04-15
C05695,Customer 05695,Female,55,Madinah,Loyal,2025-04-01
C05696,Customer 05696,Female,40,Madinah,Returning,2025-06-29
C05697,Customer 05697,Male,45,Khobar,Returning,2024-08-14
C05698,Customer 05698,Female,39,Khobar,Returning,2025-06-30
C05699,Customer 05699,Female,27,Khobar,Returning,2025-02-21
C05700,Customer 05700,Male,44,Jeddah,Loyal,2024-07-13
C05701,Customer 05701,Male,39,Jeddah,Returning,2024-07-20
C05702,Customer 05702,Female,50,Madinah,New,2024-10-12
C05703,Customer 05703,Female,24,Khobar,Returning,2026-05-30
C05704,Customer 05704,Male,18,Makkah,Returning,2025-02-06
C05705,Customer 05705,Male,52,Makkah,New,2024-02-16
C05706,Customer 05706,Female,55,Makkah,Returning,2026-05-29
C05707,Customer 05707,Male,35,Madinah,Loyal,2025-05-13
C05708,Customer 05708,Male,22,Makkah,Returning,2025-12-07
C05709,Customer 05709,Male,48,Jeddah,New,2025-10-06
C05710,Customer 05710,Female,53,Madinah,Returning,2024-05-26
C05711,Customer 05711,Female,48,Riyadh,New,2026-03-05
C05712,Customer 05712,Male,60,Riyadh,Loyal,2024-06-09
C05713,Customer 05713,Female,43,Jeddah,Loyal,2026-05-14
C05714,Customer 05714,Female,31,Madinah,New,2024-02-20
C05715,Customer 05715,Female,55,Makkah,Loyal,2025-10-09
C05716,Customer 05716,Male,34,Madinah,Returning,2024-06-11
C05717,Customer 05717,Female,22,Madinah,New,2025-07-13
C05718,Customer 05718,Male,25,Makkah,Returning,2025-06-18
C05719,Customer 05719,Male,33,Makkah,Returning,2024-10-06
C05720,Customer 05720,Female,36,Madinah,Returning,2025-03-12
C05721,Customer 05721,Male,51,Makkah,Loyal,2024-01-06
C05722,Customer 05722,Female,24,Abha,Returning,2025-12-26
C05723,Customer 05723,Female,28,Jeddah,New,2025-03-23
C05724,Customer 05724,Female,63,Khobar,New,2024-06-07
C05725,Customer 05725,Male,38,Riyadh,Returning,2026-04-26
C05726,Customer 05726,Female,64,Dammam,New,2025-07-25
C05727,Customer 05727,Female,18,Abha,Returning,2025-10-29
C05728,Customer 05728,Female,54,Dammam,Loyal,2024-11-26
C05729,Customer 05729,Female,53,Riyadh,New,2024-02-25
C05730,Customer 05730,Female,40,Jeddah,Returning,2026-01-08
C05731,Customer 05731,Male,36,Riyadh,Returning,2024-01-04
C05732,Customer 05732,Female,29,Jeddah,Loyal,2025-11-25
C05733,Customer 05733,Male,41,Madinah,Loyal,2026-04-05
C05734,Customer 05734,Female,36,Riyadh,Loyal,2024-03-01
C05735,Customer 05735,Male,54,Abha,Returning,2024-11-03
C05736,Customer 05736,Male,21,Jeddah,Loyal,2025-01-10
C05737,Customer 05737,Female,41,Abha,New,2024-12-13
C05738,Customer 05738,Female,36,Madinah,Loyal,2026-04-17
C05739,Customer 05739,Male,24,Riyadh,New,2025-05-17
C05740,Customer 05740,Male,52,Riyadh,Loyal,2024-05-03
C05741,Customer 05741,Female,43,Jeddah,New,2025-10-23
C05742,Customer 05742,Male,64,Makkah,Loyal,2026-06-10
C05743,Customer 05743,Male,38,Riyadh,Loyal,2024-03-30
C05744,Customer 05744,Female,50,Dammam,Loyal,2025-11-03
C05745,Customer 05745,Female,47,Dammam,Returning,2024-09-20
C05746,Customer 05746,Male,36,Dammam,Loyal,2026-04-19
C05747,Customer 05747,Female,54,Khobar,Loyal,2024-10-26
C05748,Customer 05748,Female,32,Riyadh,New,2024-07-12
C05749,Customer 05749,Female,47,Riyadh,New,2025-02-16
C05750,Customer 05750,Female,62,Abha,Loyal,2024-12-24
C05751,Customer 05751,Male,64,Madinah,Loyal,2025-04-03
C05752,Customer 05752,Female,65,Madinah,Returning,2026-04-14
C05753,Customer 05753,Male,54,Dammam,Returning,2025-10-10
C05754,Customer 05754,Female,19,Dammam,New,2025-08-29
C05755,Customer 05755,Male,59,Madinah,New,2026-01-26
C05756,Customer 05756,Male,50,Madinah,Returning,2026-03-30
C05757,Customer 05757,Female,21,Riyadh,Returning,2026-01-27
C05758,Customer 05758,Male,59,Riyadh,Returning,2025-03-30
C05759,Customer 05759,Male,56,Dammam,Loyal,2025-11-29
C05760,Customer 05760,Female,59,Abha,Loyal,2025-03-29
C05761,Customer 05761,Male,38,Riyadh,New,2025-07-08
C05762,Customer 05762,Male,54,Riyadh,Loyal,2024-02-14
C05763,Customer 05763,Female,20,Jeddah,New,2026-03-14
C05764,Customer 05764,Female,62,Jeddah,Returning,2025-01-03
C05765,Customer 05765,Female,44,Abha,Loyal,2025-06-23
C05766,Customer 05766,Female,27,Makkah,Returning,2024-10-04
C05767,Customer 05767,Male,62,Jeddah,Returning,2024-01-13
C05768,Customer 05768,Male,44,Abha,Returning,2025-11-02
C05769,Customer 05769,Female,64,Madinah,New,2026-05-15
C05770,Customer 05770,Female,38,Makkah,New,2024-10-08
C05771,Customer 05771,Female,48,Madinah,Loyal,2025-08-07
C05772,Customer 05772,Female,22,Khobar,Loyal,2025-08-18
C05773,Customer 05773,Male,31,Dammam,Loyal,2025-02-19
C05774,Customer 05774,Female,22,Makkah,Returning,2024-07-11
C05775,Customer 05775,Male,42,Makkah,Loyal,2026-02-09
C05776,Customer 05776,Male,65,Riyadh,New,2025-04-21
C05777,Customer 05777,Male,26,Jeddah,New,2026-01-21
C05778,Customer 05778,Female,59,Makkah,Loyal,2024-06-25
C05779,Customer 05779,Male,18,Khobar,Loyal,2026-01-27
C05780,Customer 05780,Male,53,Riyadh,Returning,2024-08-18
C05781,Customer 05781,Male,42,Khobar,Loyal,2025-02-17
C05782,Customer 05782,Male,52,Khobar,Loyal,2024-08-09
C05783,Customer 05783,Female,36,Jeddah,Returning,2024-05-15
C05784,Customer 05784,Male,39,Makkah,Returning,2026-03-13
C05785,Customer 05785,Female,65,Abha,Loyal,2025-10-28
C05786,Customer 05786,Female,64,Abha,Returning,2024-03-12
C05787,Customer 05787,Female,25,Abha,New,2024-10-14
C05788,Customer 05788,Female,38,Makkah,Returning,2026-03-08
C05789,Customer 05789,Male,48,Riyadh,Returning,2026-03-26
C05790,Customer 05790,Male,37,Jeddah,New,2025-10-30
C05791,Customer 05791,Male,43,Jeddah,Loyal,2024-03-02
C05792,Customer 05792,Male,36,Jeddah,Returning,2025-04-26
C05793,Customer 05793,Female,36,Dammam,New,2026-06-18
C05794,Customer 05794,Female,23,Dammam,Returning,2025-08-29
C05795,Customer 05795,Female,58,Madinah,Returning,2024-11-19
C05796,Customer 05796,Male,50,Dammam,Returning,2024-04-01
C05797,Customer 05797,Male,20,Riyadh,New,2024-03-28
C05798,Customer 05798,Female,35,Riyadh,Returning,2025-10-05
C05799,Customer 05799,Male,33,Abha,Returning,2024-01-02
C05800,Customer 05800,Male,42,Abha,Returning,2025-05-03
C05801,Customer 05801,Female,30,Riyadh,Loyal,2024-03-14
C05802,Customer 05802,Male,44,Makkah,New,2024-07-02
C05803,Customer 05803,Male,35,Jeddah,Loyal,2025-08-14
C05804,Customer 05804,Male,32,Dammam,Loyal,2025-08-13
C05805,Customer 05805,Male,33,Makkah,Returning,2026-04-15
C05806,Customer 05806,Female,63,Riyadh,New,2025-05-04
C05807,Customer 05807,Female,31,Riyadh,Loyal,2026-05-11
C05808,Customer 05808,Female,58,Riyadh,Loyal,2026-06-11
C05809,Customer 05809,Male,24,Khobar,New,2025-08-10
C05810,Customer 05810,Female,41,Khobar,Returning,2024-03-08
C05811,Customer 05811,Male,52,Riyadh,Loyal,2024-11-13
C05812,Customer 05812,Female,55,Abha,Returning,2025-03-18
C05813,Customer 05813,Male,55,Madinah,Returning,2025-12-07
C05814,Customer 05814,Female,64,Madinah,Returning,2025-03-23
C05815,Customer 05815,Female,56,Jeddah,Returning,2024-11-09
C05816,Customer 05816,Male,62,Madinah,Loyal,2024-05-16
C05817,Customer 05817,Male,19,Makkah,New,2025-11-21
C05818,Customer 05818,Male,58,Abha,Loyal,2024-07-22
C05819,Customer 05819,Female,32,Khobar,Returning,2024-01-13
C05820,Customer 05820,Male,48,Jeddah,New,2025-04-08
C05821,Customer 05821,Female,44,Jeddah,Returning,2024-07-22
C05822,Customer 05822,Male,62,Khobar,New,2025-04-03
C05823,Customer 05823,Male,36,Jeddah,Returning,2024-04-12
C05824,Customer 05824,Female,19,Riyadh,New,2026-05-19
C05825,Customer 05825,Male,22,Khobar,Loyal,2025-06-01
C05826,Customer 05826,Male,32,Abha,New,2025-09-27
C05827,Customer 05827,Female,35,Khobar,Loyal,2026-05-20
C05828,Customer 05828,Male,20,Makkah,New,2024-02-09
C05829,Customer 05829,Male,54,Makkah,New,2025-06-25
C05830,Customer 05830,Female,60,Makkah,Loyal,2024-08-31
C05831,Customer 05831,Male,25,Riyadh,Returning,2025-04-01
C05832,Customer 05832,Male,50,Khobar,Loyal,2025-10-13
C05833,Customer 05833,Female,61,Madinah,Returning,2024-06-14
C05834,Customer 05834,Male,20,Khobar,Returning,2026-05-17
C05835,Customer 05835,Male,52,Riyadh,New,2024-05-24
C05836,Customer 05836,Female,55,Jeddah,Returning,2025-02-26
C05837,Customer 05837,Female,51,Madinah,Returning,2025-08-03
C05838,Customer 05838,Male,34,Khobar,New,2025-03-13
C05839,Customer 05839,Male,20,Khobar,Returning,2026-01-03
C05840,Customer 05840,Female,26,Madinah,Loyal,2024-02-08
C05841,Customer 05841,Male,44,Jeddah,Loyal,2024-03-04
C05842,Customer 05842,Female,30,Madinah,New,2024-05-27
C05843,Customer 05843,Male,27,Madinah,Loyal,2024-03-14
C05844,Customer 05844,Male,41,Makkah,Returning,2026-05-16
C05845,Customer 05845,Female,53,Riyadh,Returning,2025-08-04
C05846,Customer 05846,Male,47,Abha,Returning,2024-08-26
C05847,Customer 05847,Male,52,Madinah,Returning,2025-10-21
C05848,Customer 05848,Male,25,Dammam,Returning,2024-07-13
C05849,Customer 05849,Male,65,Riyadh,New,2024-12-28
C05850,Customer 05850,Male,29,Khobar,Returning,2024-08-12
C05851,Customer 05851,Male,52,Riyadh,New,2025-03-22
C05852,Customer 05852,Female,22,Khobar,Returning,2024-11-23
C05853,Customer 05853,Male,36,Makkah,Loyal,2024-05-10
C05854,Customer 05854,Male,39,Dammam,Loyal,2026-06-15
C05855,Customer 05855,Male,59,Abha,Returning,2024-04-01
C05856,Customer 05856,Female,61,Riyadh,Returning,2025-03-08
C05857,Customer 05857,Male,62,Abha,New,2025-05-29
C05858,Customer 05858,Female,56,Jeddah,New,2026-04-28
C05859,Customer 05859,Female,24,Madinah,New,2025-07-31
C05860,Customer 05860,Female,53,Dammam,Returning,2024-04-05
C05861,Customer 05861,Male,31,Riyadh,Returning,2025-12-09
C05862,Customer 05862,Female,31,Khobar,Returning,2024-06-05
C05863,Customer 05863,Female,27,Riyadh,New,2025-01-31
C05864,Customer 05864,Male,19,Makkah,Loyal,2025-11-25
C05865,Customer 05865,Female,18,Khobar,Loyal,2025-08-29
C05866,Customer 05866,Male,57,Dammam,Returning,2024-12-08
C05867,Customer 05867,Female,49,Madinah,Returning,2024-08-16
C05868,Customer 05868,Male,31,Madinah,Returning,2024-03-04
C05869,Customer 05869,Female,55,Khobar,Returning,2024-08-17
C05870,Customer 05870,Male,30,Makkah,Returning,2024-06-17
C05871,Customer 05871,Male,51,Jeddah,Loyal,2024-12-03
C05872,Customer 05872,Male,35,Riyadh,Returning,2026-03-29
C05873,Customer 05873,Male,46,Madinah,Returning,2025-09-03
C05874,Customer 05874,Male,49,Abha,Returning,2025-07-30
C05875,Customer 05875,Female,33,Riyadh,Returning,2025-02-19
C05876,Customer 05876,Male,45,Riyadh,Returning,2026-03-27
C05877,Customer 05877,Male,18,Dammam,New,2026-06-04
C05878,Customer 05878,Female,23,Abha,New,2024-11-27
C05879,Customer 05879,Female,47,Dammam,New,2025-01-16
C05880,Customer 05880,Female,24,Makkah,Returning,2025-08-09
C05881,Customer 05881,Male,43,Dammam,New,2024-12-24
C05882,Customer 05882,Female,50,Riyadh,New,2024-12-16
C05883,Customer 05883,Female,38,Madinah,New,2024-10-30
C05884,Customer 05884,Female,50,Makkah,Returning,2026-04-16
C05885,Customer 05885,Male,61,Makkah,New,2024-04-17
C05886,Customer 05886,Female,32,Riyadh,Returning,2025-01-05
C05887,Customer 05887,Male,31,Makkah,Loyal,2024-10-12
C05888,Customer 05888,Male,56,Makkah,Loyal,2024-03-07
C05889,Customer 05889,Female,29,Dammam,New,2024-08-31
C05890,Customer 05890,Male,34,Abha,Loyal,2024-08-13
C05891,Customer 05891,Male,39,Khobar,Loyal,2025-08-17
C05892,Customer 05892,Male,53,Khobar,Returning,2024-02-12
C05893,Customer 05893,Female,20,Khobar,New,2025-05-02
C05894,Customer 05894,Male,35,Khobar,Returning,2026-02-19
C05895,Customer 05895,Female,47,Riyadh,Loyal,2024-11-18
C05896,Customer 05896,Male,65,Madinah,New,2025-06-01
C05897,Customer 05897,Female,42,Riyadh,New,2024-11-07
C05898,Customer 05898,Female,56,Dammam,New,2024-05-29
C05899,Customer 05899,Male,19,Riyadh,Returning,2024-11-21
C05900,Customer 05900,Female,50,Jeddah,New,2025-10-05
C05901,Customer 05901,Female,62,Madinah,Returning,2024-11-17
C05902,Customer 05902,Female,48,Khobar,Returning,2024-12-05
C05903,Customer 05903,Female,46,Makkah,Loyal,2026-05-24
C05904,Customer 05904,Male,27,Riyadh,Loyal,2024-02-03
C05905,Customer 05905,Male,25,Riyadh,Loyal,2024-03-27
C05906,Customer 05906,Female,22,Khobar,Returning,2025-04-30
C05907,Customer 05907,Male,20,Jeddah,Returning,2026-05-16
C05908,Customer 05908,Male,38,Dammam,Returning,2024-06-29
C05909,Customer 05909,Female,62,Makkah,Returning,2025-08-26
C05910,Customer 05910,Female,61,Abha,Loyal,2026-05-19
C05911,Customer 05911,Female,32,Makkah,Loyal,2025-11-09
C05912,Customer 05912,Male,31,Jeddah,Returning,2025-02-14
C05913,Customer 05913,Male,40,Jeddah,Loyal,2024-04-10
C05914,Customer 05914,Female,30,Abha,New,2025-06-01
C05915,Customer 05915,Female,38,Makkah,Returning,2024-12-24
C05916,Customer 05916,Female,58,Riyadh,Returning,2024-08-13
C05917,Customer 05917,Female,29,Makkah,Loyal,2024-01-26
C05918,Customer 05918,Female,52,Abha,New,2025-04-07
C05919,Customer 05919,Female,35,Dammam,Returning,2025-03-11
C05920,Customer 05920,Female,56,Khobar,Returning,2024-01-09
C05921,Customer 05921,Male,28,Madinah,Returning,2024-02-16
C05922,Customer 05922,Male,31,Abha,Loyal,2024-09-17
C05923,Customer 05923,Female,61,Jeddah,Returning,2024-03-11
C05924,Customer 05924,Female,22,Jeddah,Returning,2025-05-27
C05925,Customer 05925,Female,44,Riyadh,Returning,2024-05-15
C05926,Customer 05926,Female,52,Madinah,New,2025-12-04
C05927,Customer 05927,Male,49,Jeddah,Loyal,2024-09-06
C05928,Customer 05928,Female,37,Abha,Loyal,2024-12-30
C05929,Customer 05929,Male,42,Makkah,Loyal,2025-05-01
C05930,Customer 05930,Female,37,Madinah,Loyal,2024-12-09
C05931,Customer 05931,Male,64,Jeddah,Returning,2025-08-03
C05932,Customer 05932,Female,37,Madinah,New,2024-05-11
C05933,Customer 05933,Male,24,Abha,Returning,2024-01-06
C05934,Customer 05934,Female,24,Dammam,Returning,2024-03-01
C05935,Customer 05935,Female,19,Riyadh,Loyal,2024-04-16
C05936,Customer 05936,Male,22,Riyadh,Loyal,2024-03-05
C05937,Customer 05937,Female,21,Abha,Returning,2025-12-26
C05938,Customer 05938,Female,49,Madinah,New,2026-04-09
C05939,Customer 05939,Female,51,Riyadh,Returning,2026-06-01
C05940,Customer 05940,Male,57,Jeddah,Returning,2025-12-17
C05941,Customer 05941,Female,56,Abha,Returning,2024-06-30
C05942,Customer 05942,Male,50,Riyadh,Returning,2025-03-31
C05943,Customer 05943,Female,51,Abha,Loyal,2025-10-07
C05944,Customer 05944,Male,48,Madinah,New,2024-07-30
C05945,Customer 05945,Female,54,Dammam,Returning,2025-10-14
C05946,Customer 05946,Female,32,Khobar,New,2024-05-23
C05947,Customer 05947,Male,46,Abha,Returning,2026-03-05
C05948,Customer 05948,Female,56,Dammam,Returning,2026-05-10
C05949,Customer 05949,Female,47,Dammam,Returning,2025-12-25
C05950,Customer 05950,Female,45,Jeddah,Returning,2024-09-26
C05951,Customer 05951,Male,22,Khobar,Loyal,2024-12-26
C05952,Customer 05952,Male,28,Riyadh,Loyal,2024-06-12
C05953,Customer 05953,Male,65,Khobar,Returning,2024-12-29
C05954,Customer 05954,Male,20,Riyadh,New,2025-07-12
C05955,Customer 05955,Male,18,Riyadh,Returning,2024-10-26
C05956,Customer 05956,Male,38,Khobar,New,2025-03-10
C05957,Customer 05957,Male,21,Riyadh,New,2024-05-23
C05958,Customer 05958,Female,25,Abha,Returning,2024-12-28
C05959,Customer 05959,Female,30,Makkah,New,2025-12-22
C05960,Customer 05960,Female,41,Riyadh,New,2026-03-28
C05961,Customer 05961,Female,52,Makkah,Loyal,2025-07-30
C05962,Customer 05962,Male,46,Khobar,Returning,2025-04-06
C05963,Customer 05963,Male,60,Madinah,Returning,2025-12-01
C05964,Customer 05964,Female,18,Dammam,Returning,2026-05-24
C05965,Customer 05965,Female,56,Dammam,New,2025-04-14
C05966,Customer 05966,Male,18,Riyadh,Returning,2025-09-09
C05967,Customer 05967,Male,33,Jeddah,Returning,2026-03-11
C05968,Customer 05968,Male,26,Dammam,Loyal,2026-03-05
C05969,Customer 05969,Male,53,Makkah,Returning,2024-04-30
C05970,Customer 05970,Female,60,Jeddah,Loyal,2025-09-13
C05971,Customer 05971,Female,56,Makkah,Returning,2025-11-10
C05972,Customer 05972,Female,26,Dammam,New,2025-11-29
C05973,Customer 05973,Male,32,Madinah,Returning,2024-11-22
C05974,Customer 05974,Male,34,Riyadh,Loyal,2024-11-10
C05975,Customer 05975,Female,27,Jeddah,Returning,2025-08-01
C05976,Customer 05976,Female,57,Dammam,New,2026-04-04
C05977,Customer 05977,Male,47,Madinah,Loyal,2024-07-27
C05978,Customer 05978,Female,35,Riyadh,Returning,2024-05-04
C05979,Customer 05979,Female,22,Madinah,Returning,2024-02-29
C05980,Customer 05980,Male,35,Abha,Returning,2026-02-21
C05981,Customer 05981,Female,59,Abha,Returning,2024-02-07
C05982,Customer 05982,Male,63,Khobar,Returning,2024-02-29
C05983,Customer 05983,Male,48,Abha,Loyal,2025-11-13
C05984,Customer 05984,Female,48,Jeddah,New,2025-04-29
C05985,Customer 05985,Female,48,Khobar,Loyal,2026-01-20
C05986,Customer 05986,Female,18,Khobar,Returning,2025-08-26
C05987,Customer 05987,Female,29,Madinah,New,2024-03-26
C05988,Customer 05988,Male,42,Khobar,New,2026-05-31
C05989,Customer 05989,Male,33,Madinah,Returning,2025-10-27
C05990,Customer 05990,Male,41,Makkah,Loyal,2025-10-01
C05991,Customer 05991,Male,50,Riyadh,Returning,2026-01-24
C05992,Customer 05992,Female,44,Dammam,Returning,2026-03-18
C05993,Customer 05993,Male,30,Makkah,New,2025-08-24
C05994,Customer 05994,Female,44,Jeddah,New,2024-12-30
C05995,Customer 05995,Male,56,Madinah,Returning,2025-03-23
C05996,Customer 05996,Female,19,Riyadh,Returning,2025-04-24
C05997,Customer 05997,Male,60,Dammam,Returning,2025-04-23
C05998,Customer 05998,Female,26,Riyadh,New,2024-07-20
C05999,Customer 05999,Female,56,Dammam,Loyal,2025-11-08
C06000,Customer 06000,Female,22,Dammam,Returning,2025-08-11
